use etracs255_dapitan;


delete from rptbill_ledger;
delete from rptbill;
delete from rptledger_credit;
delete from rptledgeritem_qtrly;
delete from rptledgeritem;
delete from rptcertificationitem;
delete from rptcertification;
delete from rptledgerfaas;
delete from propertypayer_item;
delete from propertypayer;
delete from rptledger;
delete from txnref;
delete from workflowstate;

delete from assessmentnoticeitem;
delete from assessmentnotice;
delete from cancelannotation;
delete from cancelledfaas_signatory;
delete from cancelledfaas_task;
delete from cancelledfaas;
delete from cancelledfaas_signatory;
delete from cashreceipt_rpt;
delete from signatory;
delete from subdivision_cancelledimprovement;
delete from subdivision_motherland;
delete from subdivision_task;
delete from subdivisionaffectedrpu;
delete from subdividedland;
delete from subdivision;
delete from planttreedetail;
delete from planttreerpu;
delete from bldgflooradditionalparam;
delete from bldgflooradditional;
delete from bldgfloor;
delete from bldgrpu_land;
delete from bldguse;
delete from bldgrpu_structuraltype;
delete from bldgstructure;
delete from bldgrpu;

delete from consolidationaffectedrpu;
delete from consolidatedland;
delete from consolidation_task;
delete from consolidation;
delete from examiner_finding;
delete from faas_affectedrpu;
delete from faas_list;
delete from faas_previous;
delete from faas_restriction;
delete from faas_signatory;
delete from faas_stewardship;
delete from faas_task;
delete from faasannotation;
delete from faasbacktax;
delete from faas_signatory;
delete from faas;
delete from machdetail;
delete from machuse;
delete from machrpu;
delete from miscrpuitem_rptparameter;
delete from miscrpuitem;
delete from miscrpu;
delete from landadjustmentparameter;
delete from landadjustment;
delete from landdetail;
delete from landrpu;

delete from propertypayer_item;
delete from propertypayer;
delete from report_rptdelinquency;
delete from resectionaffectedrpu;
delete from resectionitem;
delete from resection;
delete from rpt_changeinfo;
delete from rpt_redflag;
delete from rpt_requirement;
delete from rpt_requirement_type;
delete from rpt_sales_data;
delete from rpt_sms;
delete from rpt_sms_registration;
delete from rptcertificationitem;
delete from rptcertification;
delete from rptexpiry;
delete from rptledger_credit;
delete from rptledger_restriction;
delete from rptledger_subledger;
delete from rptledgerfaas;
delete from report_rptdelinquency;
delete from rptledger;
delete from rpttask;
delete from rpttaxclearance;
delete from rpttaxincentive_item;
delete from rpttaxincentive;
delete from rpttracking;
delete from rpttransmittal_item;
delete from rpttransmittal;
delete from rpu_assessment;
delete from rpu;
delete from realproperty;
delete from rpumaster;


alter table rpu add stewardparentrpumasterid varchar(50)
;


/* 254032-03018 */

alter table faasbacktax modify column tdno varchar(25) null;


alter table landdetail modify column subclass_objid varchar(50) null;
alter table landdetail modify column specificclass_objid varchar(50) null;
alter table landdetail modify column actualuse_objid varchar(50) null;
alter table landdetail modify column landspecificclass_objid varchar(50) null;



/* RYSETTING ORDINANCE INFO */
alter table landrysetting 
  add ordinanceno varchar(25),
  add ordinancedate date;


alter table bldgrysetting 
  add ordinanceno varchar(25),
  add ordinancedate date;


alter table machrysetting 
  add ordinanceno varchar(25),
  add ordinancedate date;


alter table miscrysetting 
  add ordinanceno varchar(25),
  add ordinancedate date;


alter table planttreerysetting 
  add ordinanceno varchar(25),
  add ordinancedate date;


delete from sys_var where name in ('gr_ordinance_date','gr_ordinance_no');

  



drop TABLE if exists `bldgrpu_land`;

CREATE TABLE `bldgrpu_land` (
  `objid` varchar(50) NOT NULL DEFAULT '',
  `rpu_objid` varchar(50) NOT NULL DEFAULT '',
  `landfaas_objid` varchar(50) DEFAULT NULL,
  `landrpumaster_objid` varchar(50) DEFAULT NULL,
  PRIMARY KEY (`objid`),
  KEY `ix_bldgrpu_land_bldgrpuid` (`rpu_objid`),
  KEY `ix_bldgrpu_land_landfaasid` (`landfaas_objid`),
  KEY `ix_bldgrpu_land_landrpumasterid` (`landrpumaster_objid`),
  CONSTRAINT `FK_bldgrpu_land_bldgrpu` FOREIGN KEY (`rpu_objid`) REFERENCES `bldgrpu` (`objid`),
  CONSTRAINT `FK_bldgrpu_land_rpumaster` FOREIGN KEY (`landrpumaster_objid`) REFERENCES `rpumaster` (`objid`),
  CONSTRAINT `FK_bldgrpu_land_landfaas` FOREIGN KEY (`landfaas_objid`) REFERENCES `faas` (`objid`)
) ENGINE=InnoDB DEFAULT CHARSET=utf8;

  

create table batchgr_log (
  objid varchar(50) not null,
  primary key (objid)
)ENGINE=InnoDB DEFAULT CHARSET=utf8;


alter table bldgrpu_structuraltype modify column bldgkindbucc_objid nvarchar(50) null;



alter table bldgadditionalitem add idx int;
update bldgadditionalitem set idx = 0 where idx is null;

  



/*================================================= 
*
*  PROVINCE-MUNI LEDGER SYNCHRONIZATION SUPPORT 
*
====================================================*/
CREATE TABLE `rptledger_remote` (
  `objid` varchar(50) NOT NULL,
  `remote_objid` varchar(50) NOT NULL,
  `createdby_name` varchar(255) NOT NULL,
  `createdby_title` varchar(100) DEFAULT NULL,
  `dtcreated` datetime NOT NULL,
  PRIMARY KEY (`objid`),
  CONSTRAINT `FK_rptledgerremote_rptledger` FOREIGN KEY (`objid`) REFERENCES `rptledger` (`objid`)
) ENGINE=InnoDB DEFAULT CHARSET=utf8;



/*======================================
* AUTOMATIC MACH AV RECALC SUPPORT
=======================================*/
INSERT INTO `rptparameter` (`objid`, `state`, `name`, `caption`, `description`, `paramtype`, `minvalue`, `maxvalue`) 
VALUES ('TOTAL_VALUE', 'APPROVED', 'TOTAL_VALUE', 'TOTAL VALUE', '', 'decimal', '0', '0');




/* BATCH GR ADDITIONAL SUPPORT */
alter table batchgr_items_forrevision add section varchar(3);
alter table batchgr_items_forrevision add classification_objid varchar(50);


/* 254032-03018 */

alter table faasbacktax modify column tdno varchar(25) null;



/*===============================================================
* REALTY TAX ACCOUNT MAPPING  UPDATE 
*==============================================================*/

CREATE TABLE `landtax_lgu_account_mapping` (
  `objid` varchar(50) NOT NULL,
  `lgu_objid` varchar(50) NOT NULL,
  `revtype` varchar(50) NOT NULL,
  `revperiod` varchar(50) NOT NULL,
  `item_objid` varchar(50) NOT NULL,
  KEY `FK_landtaxlguaccountmapping_sysorg` (`lgu_objid`),
  KEY `FK_landtaxlguaccountmapping_itemaccount` (`item_objid`),
  KEY `ix_revtype` (`revtype`),
  KEY `ix_objid` (`objid`),
  CONSTRAINT `fk_landtaxlguaccountmapping_itemaccount` FOREIGN KEY (`item_objid`) REFERENCES `itemaccount` (`objid`),
  CONSTRAINT `fk_landtaxlguaccountmapping_sysorg` FOREIGN KEY (`lgu_objid`) REFERENCES `sys_org` (`objid`)
) ENGINE=InnoDB DEFAULT CHARSET=utf8;




delete from sys_rulegroup where ruleset = 'rptbilling' and name in ('BEFORE-MISC-COMP','MISC-COMP');





/*======================================================
* RPTLEDGER PAYMENT
*=====================================================*/ 
drop table if exists cashreceiptitem_rpt_noledger;
drop table if exists cashreceiptitem_rpt;
drop table if exists rptledger_payment_share; 
drop table if exists rptledger_payment_item; 
drop table if exists rptledger_payment;


CREATE TABLE `rptledger_payment` (
  `objid` varchar(100) NOT NULL,
  `rptledgerid` varchar(50) NOT NULL,
  `type` varchar(20) NOT NULL,
  `receiptid` varchar(50) NULL,
  `receiptno` varchar(50) NOT NULL,
  `receiptdate` date NOT NULL,
  `paidby_name` longtext NOT NULL,
  `paidby_address` varchar(150) NOT NULL,
  `postedby` varchar(100) NOT NULL,
  `postedbytitle` varchar(50) NOT NULL,
  `dtposted` datetime NOT NULL,
  `fromyear` int(11) NOT NULL,
  `fromqtr` int(11) NOT NULL,
  `toyear` int(11) NOT NULL,
  `toqtr` int(11) NOT NULL,
  `amount` decimal(12,2) NOT NULL,
  `collectingagency` varchar(50) DEFAULT NULL,
  `voided` int(11) NOT NULL,
  PRIMARY KEY (`objid`)
) ENGINE=InnoDB DEFAULT CHARSET=utf8;


create index `fk_rptledger_payment_rptledger` on rptledger_payment(`rptledgerid`) using btree;
create index `fk_rptledger_payment_cashreceipt` on rptledger_payment(`receiptid`) using btree;
create index `ix_receiptno` on rptledger_payment(`receiptno`) using btree;

alter table rptledger_payment 
add constraint `fk_rptledger_payment_cashreceipt` foreign key (`receiptid`) references `cashreceipt` (`objid`);

alter table rptledger_payment 
add constraint `fk_rptledger_payment_rptledger` foreign key (`rptledgerid`) references `rptledger` (`objid`);


CREATE TABLE `rptledger_payment_item` (
  `objid` varchar(50) NOT NULL,
  `parentid` varchar(100) NOT NULL,
  `rptledgerfaasid` varchar(50) DEFAULT NULL,
  `rptledgeritemid` varchar(50) DEFAULT NULL,
  `rptledgeritemqtrlyid` varchar(50) DEFAULT NULL,
  `year` int(11) NOT NULL,
  `qtr` int(11) NOT NULL,
  `basic` decimal(16,2) NOT NULL,
  `basicint` decimal(16,2) NOT NULL,
  `basicdisc` decimal(16,2) NOT NULL,
  `basicidle` decimal(16,2) NOT NULL,
  `basicidledisc` decimal(16,2) DEFAULT NULL,
  `basicidleint` decimal(16,2) DEFAULT NULL,
  `sef` decimal(16,2) NOT NULL,
  `sefint` decimal(16,2) NOT NULL,
  `sefdisc` decimal(16,2) NOT NULL,
  `firecode` decimal(10,2) DEFAULT NULL,
  `sh` decimal(16,2) NOT NULL,
  `shint` decimal(16,2) NOT NULL,
  `shdisc` decimal(16,2) NOT NULL,
  `total` decimal(16,2) DEFAULT NULL,
  `revperiod` varchar(25) DEFAULT NULL,
  `partialled` int(11) NOT NULL,
  PRIMARY KEY (`objid`)
) ENGINE=InnoDB DEFAULT CHARSET=utf8;

create index `FK_rptledger_payment_item_parentid` on rptledger_payment_item(`parentid`) using btree;
create index `FK_rptledger_payment_item_rptledgerfaasid` on rptledger_payment_item(`rptledgerfaasid`) using btree;
create index `ix_rptledgeritemid` on rptledger_payment_item(`rptledgeritemid`) using btree;
create index `ix_rptledgeritemqtrlyid` on rptledger_payment_item(`rptledgeritemqtrlyid`) using btree;


alter table rptledger_payment_item 
  add constraint `fk_rptledger_payment_item_parentid` 
  foreign key (`parentid`) references `rptledger_payment` (`objid`);
alter table rptledger_payment_item 
  add constraint `fk_rptledger_payment_item_rptledgerfaasid` 
  foreign key (`rptledgerfaasid`) references `rptledgerfaas` (`objid`);


create table rptledger_payment_share (
  objid varchar(50) not null,
  parentid varchar(100) null,
  revperiod varchar(25) not null,
  revtype varchar(25) not null,
  item_objid varchar(50) not null,
  amount decimal(16,4) not null,
  sharetype varchar(25) not null,
  discount decimal(16,4) null,
  primary key (objid)
) engine=innodb charset=utf8;

alter table rptledger_payment_share
  add constraint FK_rptledger_payment_share_parentid foreign key (parentid) 
  references rptledger_payment(objid);

alter table rptledger_payment_share
  add constraint FK_rptledger_payment_share_itemaccount foreign key (item_objid) 
  references itemaccount(objid);

create index FK_parentid on rptledger_payment_share(parentid) using btree;
create index FK_item_objid on rptledger_payment_share(item_objid) using btree;



insert into rptledger_payment(
  objid,
  rptledgerid,
  type,
  receiptid,
  receiptno,
  receiptdate,
  paidby_name,
  paidby_address,
  postedby,
  postedbytitle,
  dtposted,
  fromyear,
  fromqtr,
  toyear,
  toqtr,
  amount,
  collectingagency,
  voided 
)
select 
  x.objid,
  x.rptledgerid,
  x.type,
  x.receiptid,
  x.receiptno,
  x.receiptdate,
  x.paidby_name,
  x.paidby_address,
  x.postedby,
  x.postedbytitle,
  x.dtposted,
  x.fromyear,
  (select min(qtr) from cashreceiptitem_rpt_online 
    where rptledgerid = x.rptledgerid and rptreceiptid = x.receiptid and year = x.fromyear) as fromqtr,
  x.toyear,
  (select max(qtr) from cashreceiptitem_rpt_online 
    where rptledgerid = x.rptledgerid and rptreceiptid = x.receiptid and year = x.toyear) as toqtr,
  x.amount,
  x.collectingagency,
  0 as voided
from (
  select
    concat(cro.rptledgerid, '-', cr.objid) as objid,
    cro.rptledgerid,
    cr.txntype as type,
    cr.objid as receiptid,
    c.receiptno as receiptno,
    c.receiptdate as receiptdate,
    c.paidby as paidby_name,
    c.paidbyaddress as paidby_address,
    c.collector_name as postedby,
    c.collector_title as postedbytitle,
    c.txndate as dtposted,
    min(cro.year) as fromyear,
    max(cro.year) as toyear,
    sum(
      cro.basic + cro.basicint - cro.basicdisc + cro.sef + cro.sefint - cro.sefdisc + cro.firecode +
      cro.basicidle + cro.basicidleint - cro.basicidledisc
    ) as amount,
    null as collectingagency
  from cashreceipt_rpt cr 
  inner join cashreceipt c on cr.objid = c.objid 
  inner join cashreceiptitem_rpt_online cro on c.objid = cro.rptreceiptid
  left join cashreceipt_void cv on c.objid = cv.receiptid 
  where cv.objid is null 
  group by 
    cr.objid,
    cro.rptledgerid,
    cr.txntype,
    c.receiptno,
    c.receiptdate,
    c.paidby,
    c.paidbyaddress,
    c.collector_name,
    c.collector_title,
    c.txndate 
)x;


insert into rptledger_payment_item(
  objid,
  parentid,
  rptledgerfaasid,
  rptledgeritemid,
  rptledgeritemqtrlyid,
  year,
  qtr,
  basic,
  basicint,
  basicdisc,
  basicidle,
  basicidledisc,
  basicidleint,
  sef,
  sefint,
  sefdisc,
  firecode,
  sh,
  shint,
  shdisc,
  total,
  revperiod,
  partialled
)
select
  cro.objid,
  concat(cro.rptledgerid, '-', cro.rptreceiptid) as parentid,
  cro.rptledgerfaasid,
  cro.rptledgeritemid,
  cro.rptledgeritemqtrlyid,
  cro.year,
  cro.qtr,
  cro.basic,
  cro.basicint,
  cro.basicdisc,
  cro.basicidle,
  cro.basicidledisc,
  cro.basicidleint,
  cro.sef,
  cro.sefint,
  cro.sefdisc,
  cro.firecode,
  0 as sh,
  0 as shint,
  0 as shdisc,
  cro.total,
  cro.revperiod,
  cro.partialled
from cashreceipt_rpt cr 
inner join cashreceipt c on cr.objid = c.objid 
inner join cashreceiptitem_rpt_online cro on c.objid = cro.rptreceiptid 
left join cashreceipt_void cv on c.objid = cv.receiptid 
where cv.objid is null ;



insert into rptledger_payment_share(
  objid,
  parentid,
  revperiod,
  revtype,
  item_objid,
  amount,
  sharetype,
  discount
)
select 
  x.objid,
  x.parentid,
  x.revperiod,
  x.revtype,
  x.item_objid,
  x.amount,
  x.sharetype,
  x.discount
from (
  select
    cra.objid,
    concat(cra.rptledgerid, '-', cra.rptreceiptid) as parentid,
    cra.revperiod,
    cra.revtype,
    cra.item_objid,
    cra.amount,
    cra.sharetype,
    cra.discount
  from cashreceipt_rpt cr 
  inner join cashreceipt c on cr.objid = c.objid 
  inner join cashreceiptitem_rpt_account cra on c.objid = cra.rptreceiptid 
  left join cashreceipt_void cv on c.objid = cv.receiptid 
  where cv.objid is null 
    and cra.rptledgerid is not null 
    and exists(select * from rptledger where objid = cra.rptledgerid)
    and not exists(select * from rptledger_payment_share where objid = cra.objid)
) x 
where exists(select * from rptledger_payment where objid= x.parentid);


insert into rptledger_payment(
  objid,
  rptledgerid,
  type,
  receiptid,
  receiptno,
  receiptdate,
  paidby_name,
  paidby_address,
  postedby,
  postedbytitle,
  dtposted,
  fromyear,
  fromqtr,
  toyear,
  toqtr,
  amount,
  collectingagency,
  voided 
)
select 
  objid,
  rptledgerid,
  type,
  null as receiptid,
  refno as receiptno,
  refdate,
  paidby_name,
  paidby_address,
  postedby,
  postedbytitle,
  dtposted,
  fromyear,
  fromqtr,
  toyear,
  toqtr,
  (basic + basicint - basicdisc + sef + sefint - sefdisc + basicidle + firecode) as amount,
  collectingagency,
  0 as voided 
from rptledger_credit;



alter table rptledgeritem 
  add sh decimal(16,2),
  add shdisc decimal(16,2),
  add shpaid decimal(16,2),
  add shint decimal(16,2);

update rptledgeritem set 
    sh = 0, shdisc=0, shpaid = 0, shint = 0
where sh is null ;


alter table rptledgeritem_qtrly 
  add sh decimal(16,2),
  add shdisc decimal(16,2),
  add shpaid decimal(16,2),
  add shint decimal(16,2);

update rptledgeritem_qtrly set 
    sh = 0, shdisc = 0, shpaid = 0, shint = 0
where sh is null ;



alter table rptledger_compromise_item add sh decimal(16,2);
alter table rptledger_compromise_item add shpaid decimal(16,2);
alter table rptledger_compromise_item add shint decimal(16,2);
alter table rptledger_compromise_item add shintpaid decimal(16,2);

update rptledger_compromise_item set 
    sh = 0, shpaid = 0, shint = 0, shintpaid = 0
where sh is null ;


alter table rptledger_compromise_item_credit add sh decimal(16,2);
alter table rptledger_compromise_item_credit add shint decimal(16,2);

update rptledger_compromise_item_credit set 
    sh = 0, shint = 0
where sh is null ;


/* 254032-03019 */

/*==================================================
*
*  CDU RATING SUPPORT 
*
=====================================================*/

alter table bldgrpu add cdurating varchar(15);

alter table bldgtype add usecdu int;
update bldgtype set usecdu = 0 where usecdu is null;

alter table bldgtype_depreciation 
  add excellent decimal(16,2),
  add verygood decimal(16,2),
  add good decimal(16,2),
  add average decimal(16,2),
  add fair decimal(16,2),
  add poor decimal(16,2),
  add verypoor decimal(16,2),
  add unsound decimal(16,2);



alter table batchgr_error drop column barangayid;
alter table batchgr_error drop column barangay;
alter table batchgr_error drop column tdno;

drop table if exists vw_batchgr_error;
drop view if exists vw_batchgr_error;

create view vw_batchgr_error 
as 
select 
    err.*,
    f.tdno,
    f.prevtdno, 
    f.fullpin as fullpin, 
    rp.pin as pin,
    b.name as barangay,
    o.name as lguname
from batchgr_error err 
inner join faas f on err.objid = f.objid 
inner join realproperty rp on f.realpropertyid = rp.objid 
inner join barangay b on rp.barangayid = b.objid 
inner join sys_org o on f.lguid = o.objid;




/*=============================================================
*
* SKETCH 
*
==============================================================*/
CREATE TABLE `faas_sketch` (
  `objid` varchar(50) NOT NULL DEFAULT '',
  `drawing` text NOT NULL,
  PRIMARY KEY (`objid`)
) ENGINE=InnoDB DEFAULT CHARSET=utf8;



create index FK_faas_sketch_faas  on faas_sketch(objid);

alter table faas_sketch 
  add constraint FK_faas_sketch_faas foreign key(objid) 
  references faas(objid);


  
/*=============================================================
*
* CUSTOM RPU SUFFIX SUPPORT
*
==============================================================*/  

CREATE TABLE `rpu_type_suffix` (
  `objid` varchar(50) NOT NULL,
  `rputype` varchar(20) NOT NULL,
  `from` int(11) NOT NULL,
  `to` int(11) NOT NULL,
  PRIMARY KEY (`objid`)
) ENGINE=InnoDB DEFAULT CHARSET=utf8
; 



insert into rpu_type_suffix (
  objid, rputype, `from`, `to`
)
values('LAND', 'land', 0, 0),
('BLDG-1001-1999', 'bldg', 1001, 1999),
('MACH-2001-2999', 'mach', 2001, 2999),
('PLANTTREE-3001-6999', 'planttree', 3001, 6999),
('MISC-7001-7999', 'misc', 7001, 7999)
;



/*=============================================================
*
* MEMORANDA TEMPLATE UPDATE 
*
==============================================================*/  
alter table memoranda_template add fields text;

update memoranda_template set fields = '[]' where fields is null;
  


/* 254032-03019.01 */

/*==================================================
*
*  BATCH GR UPDATES
*
=====================================================*/
drop table batchgr_error;
drop table batchgr_items_forrevision;
drop table batchgr_log;
drop view vw_batchgr_error;

CREATE TABLE `batchgr` (
  `objid` varchar(50) NOT NULL,
  `state` varchar(25) NOT NULL,
  `ry` int(255) NOT NULL,
  `lgu_objid` varchar(50) NOT NULL,
  `barangay_objid` varchar(50) NOT NULL,
  `rputype` varchar(15) DEFAULT NULL,
  `classification_objid` varchar(50) DEFAULT NULL,
  `section` varchar(10) DEFAULT NULL,
  `count` int(255) NOT NULL,
  `completed` int(255) NOT NULL,
  `error` int(255) NOT NULL,
  PRIMARY KEY (`objid`)
) ENGINE=InnoDB DEFAULT CHARSET=utf8;


create index `ix_barangay_objid` on batchgr(`barangay_objid`);
create index `ix_state` on batchgr(`state`);
create index `fk_lgu_objid` on batchgr(`lgu_objid`);

alter table batchgr add constraint `fk_batchgr_barangay` 
  foreign key (`barangay_objid`) references `barangay` (`objid`);
  
alter table batchgr add constraint `fk_batchgr_lgu_objid` 
  foreign key (`lgu_objid`) references `sys_org` (`objid`);




CREATE TABLE `batchgr_item` (
  `objid` varchar(50) NOT NULL,
  `parent_objid` varchar(50) NOT NULL,
  `state` varchar(50) NOT NULL,
  `rputype` varchar(15) NOT NULL,
  `tdno` varchar(50) NOT NULL,
  `fullpin` varchar(50) NOT NULL,
  `pin` varchar(50) NOT NULL,
  `suffix` int(255) NOT NULL,
  `newfaasid` varchar(50) DEFAULT NULL,
  `error` text,
  PRIMARY KEY (`objid`)
) ENGINE=InnoDB DEFAULT CHARSET=utf8;

create index `fk_batchgr_item_batchgr` on batchgr_item (`parent_objid`);
create index `fk_batchgr_item_newfaasid` on batchgr_item (`newfaasid`);
create index `fk_batchgr_item_tdno` on batchgr_item (`tdno`);
create index `fk_batchgr_item_pin` on batchgr_item (`pin`);


alter table batchgr_item add constraint `fk_batchgr_item_objid` 
	foreign key (`objid`) references `faas` (`objid`);

alter table batchgr_item add constraint `fk_batchgr_item_batchgr` 
	foreign key (`parent_objid`) references `batchgr` (`objid`);

alter table batchgr_item add constraint `fk_batchgr_item_newfaasid` 
	foreign key (`newfaasid`) references `faas` (`objid`);


CREATE TABLE `batchgr_forprocess` (
  `objid` varchar(50) NOT NULL,
  `parent_objid` varchar(50) NOT NULL,
  PRIMARY KEY (`objid`)
) ENGINE=InnoDB DEFAULT CHARSET=utf8;


create index `fk_batchgr_forprocess_parentid` on batchgr_forprocess(`parent_objid`);

alter table batchgr_forprocess add constraint `fk_batchgr_forprocess_parentid` 
	foreign key (`parent_objid`) references `batchgr` (`objid`);

alter table batchgr_forprocess add constraint `fk_batchgr_forprocess_objid` 
	foreign key (`objid`) references `batchgr_item` (`objid`);

	

/* 254032-03019.02 */

/*==============================================
* EXAMINATION UPDATES
==============================================*/

alter table examiner_finding 
	add inspectedby_objid varchar(50),
	add inspectedby_name varchar(100),
	add inspectedby_title varchar(50),
	add doctype varchar(50)
;

create index ix_examiner_finding_inspectedby_objid on examiner_finding(inspectedby_objid)
;


update examiner_finding e, faas f set 
	e.inspectedby_objid = (select assignee_objid from faas_task where refid = f.objid and state = 'examiner' order by enddate desc limit 1),
	e.inspectedby_name = e.notedby,
	e.inspectedby_title = e.notedbytitle,
	e.doctype = 'faas'
where e.parent_objid = f.objid
;

update examiner_finding e, subdivision s set 
	e.inspectedby_objid = (select assignee_objid from subdivision_task where refid = s.objid and state = 'examiner' order by enddate desc limit 1),
	e.inspectedby_name = e.notedby,
	e.inspectedby_title = e.notedbytitle,
	e.doctype = 'subdivision'
where e.parent_objid = s.objid
;

update examiner_finding e, consolidation c set 
	e.inspectedby_objid = (select assignee_objid from consolidation_task where refid = c.objid and state = 'examiner' order by enddate desc limit 1),
	e.inspectedby_name = e.notedby,
	e.inspectedby_title = e.notedbytitle,
	e.doctype = 'consolidation'
where e.parent_objid = c.objid
;

update examiner_finding e, cancelledfaas c set 
	e.inspectedby_objid = (select assignee_objid from cancelledfaas_task where refid = c.objid and state = 'examiner' order by enddate desc limit 1),
	e.inspectedby_name = e.notedby,
	e.inspectedby_title = e.notedbytitle,
	e.doctype = 'cancelledfaas'
where e.parent_objid = c.objid
;



/*======================================================
*
*  ASSESSMENT NOTICE 
*
======================================================*/
alter table assessmentnotice modify column dtdelivered date null
;
alter table assessmentnotice add deliverytype_objid varchar(50)
;
update assessmentnotice set state = 'DELIVERED' where state = 'RECEIVED'
;


drop view if exists vw_assessment_notice
;

create view vw_assessment_notice
as 
select 
	a.objid,
	a.state,
	a.txnno,
	a.txndate,
	a.taxpayerid,
	a.taxpayername,
	a.taxpayeraddress,
	a.dtdelivered,
	a.receivedby,
	a.remarks,
	a.assessmentyear,
	a.administrator_name,
	a.administrator_address,
	fl.tdno,
	fl.displaypin as fullpin,
	fl.cadastrallotno,
	fl.titleno
from assessmentnotice a 
inner join assessmentnoticeitem i on a.objid = i.assessmentnoticeid
inner join faas_list fl on i.faasid = fl.objid
;


drop view if exists vw_assessment_notice_item 
;

create view vw_assessment_notice_item 
as 
select 
	ni.objid,
	ni.assessmentnoticeid, 
	f.objid AS faasid,
	f.effectivityyear,
	f.effectivityqtr,
	f.tdno,
	f.taxpayer_objid,
	e.name as taxpayer_name,
	e.address_text as taxpayer_address,
	f.owner_name,
	f.owner_address,
	f.administrator_name,
	f.administrator_address,
	f.rpuid, 
	f.lguid,
	f.txntype_objid, 
	ft.displaycode as txntype_code,
	rpu.rputype,
	rpu.ry,
	rpu.fullpin ,
	rpu.taxable,
	rpu.totalareaha,
	rpu.totalareasqm,
	rpu.totalbmv,
	rpu.totalmv,
	rpu.totalav,
	rp.section,
	rp.parcel,
	rp.surveyno,
	rp.cadastrallotno,
	rp.blockno,
	rp.claimno,
	rp.street,
	o.name as lguname, 
	b.name AS barangay,
	pc.code AS classcode,
	pc.name as classification 
FROM assessmentnoticeitem ni 
	INNER JOIN faas f ON ni.faasid = f.objid 
	LEFT JOIN txnsignatory ts on ts.refid = f.objid and ts.type='APPROVER'
	INNER JOIN rpu rpu ON f.rpuid = rpu.objid
	INNER JOIN propertyclassification pc ON rpu.classification_objid = pc.objid
	INNER JOIN realproperty rp ON f.realpropertyid = rp.objid
	INNER JOIN barangay b ON rp.barangayid = b.objid 
	INNER JOIN sys_org o ON f.lguid = o.objid 
	INNER JOIN entity e on f.taxpayer_objid = e.objid 
	INNER JOIN faas_txntype ft on f.txntype_objid = ft.objid 
;



/*======================================================
*
*  TAX CLEARANCE UPDATE
*
======================================================*/

alter table rpttaxclearance add reporttype varchar(15)
;

update rpttaxclearance set reporttype = 'fullypaid' where reporttype is null
;


/*============================================================
*
* 254032-03020
*
=============================================================*/
update cashreceiptitem_rpt_account set discount= 0 where discount is null;

alter table rptledger add lguid varchar(50);

update rptledger rl, barangay b, sys_org m set 
  rl.lguid = m.objid 
where rl.barangayid = b.objid 
and b.parentid = m.objid 
and m.orgclass = 'municipality';


update rptledger rl, barangay b, sys_org d, sys_org c set 
  rl.lguid = c.objid
where rl.barangayid = b.objid 
and b.parentid = d.objid 
and d.parent_objid = c.objid 
and d.orgclass = 'district';



create table `rptpayment` (
  `objid` varchar(100) not null,
  `type` varchar(50) default null,
  `refid` varchar(50) not null,
  `reftype` varchar(50) not null,
  `receiptid` varchar(50) default null,
  `receiptno` varchar(50) not null,
  `receiptdate` date not null,
  `paidby_name` longtext not null,
  `paidby_address` varchar(150) not null,
  `postedby` varchar(100) not null,
  `postedbytitle` varchar(50) not null,
  `dtposted` datetime not null,
  `fromyear` int(11) not null,
  `fromqtr` int(11) not null,
  `toyear` int(11) not null,
  `toqtr` int(11) not null,
  `amount` decimal(12,2) not null,
  `collectingagency` varchar(50) default null,
  `voided` int(11) not null,
  primary key(objid)
) engine=innodb default charset=utf8;

create index `fk_rptpayment_cashreceipt` on rptpayment(`receiptid`);
create index `ix_refid` on rptpayment(`refid`);
create index `ix_receiptno` on rptpayment(`receiptno`);

alter table rptpayment 
  add constraint `fk_rptpayment_cashreceipt` 
  foreign key (`receiptid`) references `cashreceipt` (`objid`);



create table `rptpayment_item` (
  `objid` varchar(50) not null,
  `parentid` varchar(100) not null,
  `rptledgerfaasid` varchar(50) default null,
  `year` int(11) not null,
  `qtr` int(11) default null,
  `revtype` varchar(50) not null,
  `revperiod` varchar(25) default null,
  `amount` decimal(16,2) not null,
  `interest` decimal(16,2) not null,
  `discount` decimal(16,2) not null,
  `partialled` int(11) not null,
  `priority` int(11) not null,
  primary key (`objid`)
) engine=innodb default charset=utf8;

create index `fk_rptpayment_item_parentid` on rptpayment_item (`parentid`);
create index `fk_rptpayment_item_rptledgerfaasid` on rptpayment_item (`rptledgerfaasid`);

alter table rptpayment_item
  add constraint `rptpayment_item_rptledgerfaas` foreign key (`rptledgerfaasid`) 
  references `rptledgerfaas` (`objid`);

alter table rptpayment_item
  add constraint `rptpayment_item_rptpayment` foreign key (`parentid`) 
  references `rptpayment` (`objid`);




create table `rptpayment_share` (
  `objid` varchar(50) not null,
  `parentid` varchar(100) default null,
  `revperiod` varchar(25) not null,
  `revtype` varchar(25) not null,
  `sharetype` varchar(25) not null,
  `item_objid` varchar(50) not null,
  `amount` decimal(16,4) not null,
  `discount` decimal(16,4) default null,
  primary key (`objid`)
) engine=innodb default charset=utf8;

create index `fk_rptpayment_share_parentid` on rptpayment_share(`parentid`);
create index `fk_rptpayment_share_item_objid` on  rptpayment_share(`item_objid`);

alter table rptpayment_share add constraint `rptpayment_share_itemaccount` 
  foreign key (`item_objid`) references `itemaccount` (`objid`);

alter table rptpayment_share add constraint `rptpayment_share_rptpayment` 
  foreign key (`parentid`) references `rptpayment` (`objid`);



insert into rptpayment(
  objid,
  type,
  refid,
  reftype,
  receiptid,
  receiptno,
  receiptdate,
  paidby_name,
  paidby_address,
  postedby,
  postedbytitle,
  dtposted,
  fromyear,
  fromqtr,
  toyear,
  toqtr,
  amount,
  collectingagency,
  voided
)
select
  objid,
  type, 
  rptledgerid as refid,
  'rptledger' as reftype,
  receiptid,
  receiptno,
  receiptdate,
  paidby_name,
  paidby_address,
  postedby,
  postedbytitle,
  dtposted,
  fromyear,
  fromqtr,
  toyear,
  toqtr,
  amount,
  collectingagency,
  voided
from rptledger_payment;


insert into rptpayment_item(
  objid,
  parentid,
  rptledgerfaasid,
  year,
  qtr,
  revtype,
  revperiod,
  amount,
  interest,
  discount,
  partialled,
  priority
)
select
  concat(objid, '-basic') as objid,
  parentid,
  rptledgerfaasid,
  year,
  qtr,
  'basic' as revtype,
  revperiod,
  basic as amount,
  basicint as interest,
  basicdisc as discount,
  partialled,
  10000 as priority
from rptledger_payment_item;





insert into rptpayment_item(
  objid,
  parentid,
  rptledgerfaasid,
  year,
  qtr,
  revtype,
  revperiod,
  amount,
  interest,
  discount,
  partialled,
  priority
)
select
  concat(objid, '-sef') as objid,
  parentid,
  rptledgerfaasid,
  year,
  qtr,
  'sef' as revtype,
  revperiod,
  sef as amount,
  sefint as interest,
  sefdisc as discount,
  partialled,
  10000 as priority
from rptledger_payment_item;


insert into rptpayment_item(
  objid,
  parentid,
  rptledgerfaasid,
  year,
  qtr,
  revtype,
  revperiod,
  amount,
  interest,
  discount,
  partialled,
  priority
)
select
  concat(objid, '-sh') as objid,
  parentid,
  rptledgerfaasid,
  year,
  qtr,
  'sh' as revtype,
  revperiod,
  sh as amount,
  shint as interest,
  shdisc as discount,
  partialled,
  100 as priority
from rptledger_payment_item
where sh > 0;




insert into rptpayment_item(
  objid,
  parentid,
  rptledgerfaasid,
  year,
  qtr,
  revtype,
  revperiod,
  amount,
  interest,
  discount,
  partialled,
  priority
)
select
  concat(objid, '-firecode') as objid,
  parentid,
  rptledgerfaasid,
  year,
  qtr,
  'firecode' as revtype,
  revperiod,
  firecode as amount,
  0 as interest,
  0 as discount,
  partialled,
  50 as priority
from rptledger_payment_item
where firecode > 0
;



insert into rptpayment_item(
  objid,
  parentid,
  rptledgerfaasid,
  year,
  qtr,
  revtype,
  revperiod,
  amount,
  interest,
  discount,
  partialled,
  priority
)
select
  concat(objid, '-basicidle') as objid,
  parentid,
  rptledgerfaasid,
  year,
  qtr,
  'basicidle' as revtype,
  revperiod,
  basicidle as amount,
  basicidleint as interest,
  basicidledisc as discount,
  partialled,
  200 as priority
from rptledger_payment_item
where basicidle > 0
;



update cashreceipt_rpt set txntype = 'online' where txntype = 'rptonline'
;
update cashreceipt_rpt set txntype = 'manual' where txntype = 'rptmanual'
;
update cashreceipt_rpt set txntype = 'compromise' where txntype = 'rptcompromise'
;

update rptpayment set type = 'online' where type = 'rptonline'
;
update rptpayment set type = 'manual' where type = 'rptmanual'
;
update rptpayment set type = 'compromise' where type = 'rptcompromise'
;






  
create table landtax_report_rptdelinquency (
  objid varchar(50) not null,
  rptledgerid varchar(50) not null,
  barangayid varchar(50) not null,
  year int not null,
  qtr int null,
  revtype varchar(50) not null,
  amount decimal(16,2) not null,
  interest decimal(16,2) not null,
  discount decimal(16,2) not null,
  dtgenerated datetime not null, 
  generatedby_name varchar(255) not null,
  generatedby_title varchar(100) not null,
  primary key (objid)
)engine=innodb default charset=utf8
;




create view vw_rptpayment_item_detail as
select
  objid,
  parentid,
  rptledgerfaasid,
  year,
  qtr,
  revperiod, 
  case when rpi.revtype = 'basic' then rpi.amount else 0 end as basic,
  case when rpi.revtype = 'basic' then rpi.interest else 0 end as basicint,
  case when rpi.revtype = 'basic' then rpi.discount else 0 end as basicdisc,
  case when rpi.revtype = 'basic' then rpi.interest - rpi.discount else 0 end as basicdp,
  case when rpi.revtype = 'basic' then rpi.amount + rpi.interest - rpi.discount else 0 end as basicnet,
  case when rpi.revtype = 'basicidle' then rpi.amount + rpi.interest - rpi.discount else 0 end as basicidle,
  case when rpi.revtype = 'basicidle' then rpi.interest else 0 end as basicidleint,
  case when rpi.revtype = 'basicidle' then rpi.discount else 0 end as basicidledisc,
  case when rpi.revtype = 'basicidle' then rpi.interest - rpi.discount else 0 end as basicidledp,
  case when rpi.revtype = 'sef' then rpi.amount else 0 end as sef,
  case when rpi.revtype = 'sef' then rpi.interest else 0 end as sefint,
  case when rpi.revtype = 'sef' then rpi.discount else 0 end as sefdisc,
  case when rpi.revtype = 'sef' then rpi.interest - rpi.discount else 0 end as sefdp,
  case when rpi.revtype = 'sef' then rpi.amount + rpi.interest - rpi.discount else 0 end as sefnet,
  case when rpi.revtype = 'firecode' then rpi.amount + rpi.interest - rpi.discount else 0 end as firecode,
  case when rpi.revtype = 'sh' then rpi.amount + rpi.interest - rpi.discount else 0 end as sh,
  case when rpi.revtype = 'sh' then rpi.interest else 0 end as shint,
  case when rpi.revtype = 'sh' then rpi.discount else 0 end as shdisc,
  case when rpi.revtype = 'sh' then rpi.interest - rpi.discount else 0 end as shdp,
  rpi.amount + rpi.interest - rpi.discount as amount,
  rpi.partialled as partialled 
from rptpayment_item rpi
;




create view vw_rptpayment_item as
select 
    x.parentid,
    x.rptledgerfaasid,
    x.year,
    x.qtr,
    x.revperiod,
    sum(x.basic) as basic,
    sum(x.basicint) as basicint,
    sum(x.basicdisc) as basicdisc,
    sum(x.basicdp) as basicdp,
    sum(x.basicnet) as basicnet,
    sum(x.basicidle) as basicidle,
    sum(x.basicidleint) as basicidleint,
    sum(x.basicidledisc) as basicidledisc,
    sum(x.basicidledp) as basicidledp,
    sum(x.sef) as sef,
    sum(x.sefint) as sefint,
    sum(x.sefdisc) as sefdisc,
    sum(x.sefdp) as sefdp,
    sum(x.sefnet) as sefnet,
    sum(x.firecode) as firecode,
    sum(x.sh) as sh,
    sum(x.shint) as shint,
    sum(x.shdisc) as shdisc,
    sum(x.shdp) as shdp,
    sum(x.amount) as amount,
    max(x.partialled) as partialled
from vw_rptpayment_item_detail x
group by 
    x.parentid,
    x.rptledgerfaasid,
    x.year,
    x.qtr,
    x.revperiod
;


create view vw_landtax_report_rptdelinquency_detail 
as
select
  objid,
  rptledgerid,
  barangayid,
  year,
  qtr,
  dtgenerated,
  generatedby_name,
  generatedby_title,
  case when revtype = 'basic' then amount else 0 end as basic,
  case when revtype = 'basic' then interest else 0 end as basicint,
  case when revtype = 'basic' then discount else 0 end as basicdisc,
  case when revtype = 'basic' then interest - discount else 0 end as basicdp,
  case when revtype = 'basic' then amount + interest - discount else 0 end as basicnet,
  case when revtype = 'basicidle' then amount else 0 end as basicidle,
  case when revtype = 'basicidle' then interest else 0 end as basicidleint,
  case when revtype = 'basicidle' then discount else 0 end as basicidledisc,
  case when revtype = 'basicidle' then interest - discount else 0 end as basicidledp,
  case when revtype = 'basicidle' then amount + interest - discount else 0 end as basicidlenet,
  case when revtype = 'sef' then amount else 0 end as sef,
  case when revtype = 'sef' then interest else 0 end as sefint,
  case when revtype = 'sef' then discount else 0 end as sefdisc,
  case when revtype = 'sef' then interest - discount else 0 end as sefdp,
  case when revtype = 'sef' then amount + interest - discount else 0 end as sefnet,
  case when revtype = 'firecode' then amount else 0 end as firecode,
  case when revtype = 'firecode' then interest else 0 end as firecodeint,
  case when revtype = 'firecode' then discount else 0 end as firecodedisc,
  case when revtype = 'firecode' then interest - discount else 0 end as firecodedp,
  case when revtype = 'firecode' then amount + interest - discount else 0 end as firecodenet,
  case when revtype = 'sh' then amount else 0 end as sh,
  case when revtype = 'sh' then interest else 0 end as shint,
  case when revtype = 'sh' then discount else 0 end as shdisc,
  case when revtype = 'sh' then interest - discount else 0 end as shdp,
  case when revtype = 'sh' then amount + interest - discount else 0 end as shnet,
  amount + interest - discount as total
from landtax_report_rptdelinquency
;



create view vw_landtax_report_rptdelinquency
as
select
  rptledgerid,
  barangayid,
  year,
  qtr,
  dtgenerated,
  generatedby_name,
  generatedby_title,
  sum(basic) as basic,
  sum(basicint) as basicint,
  sum(basicdisc) as basicdisc,
  sum(basicdp) as basicdp,
  sum(basicnet) as basicnet,
  sum(basicidle) as basicidle,
  sum(basicidleint) as basicidleint,
  sum(basicidledisc) as basicidledisc,
  sum(basicidledp) as basicidledp,
  sum(basicidlenet) as basicidlenet,
  sum(sef) as sef,
  sum(sefint) as sefint,
  sum(sefdisc) as sefdisc,
  sum(sefdp) as sefdp,
  sum(sefnet) as sefnet,
  sum(firecode) as firecode,
  sum(firecodeint) as firecodeint,
  sum(firecodedisc) as firecodedisc,
  sum(firecodedp) as firecodedp,
  sum(firecodenet) as firecodenet,
  sum(sh) as sh,
  sum(shint) as shint,
  sum(shdisc) as shdisc,
  sum(shdp) as shdp,
  sum(shnet) as shnet,
  sum(total) as total
from vw_landtax_report_rptdelinquency_detail
group by 
  rptledgerid,
  barangayid,
  year,
  qtr,
  dtgenerated,
  generatedby_name,
  generatedby_title
;






create table `rptledger_item` (
  `objid` varchar(50) not null,
  `parentid` varchar(50) not null,
  `rptledgerfaasid` varchar(50) default null,
  `remarks` varchar(100) default null,
  `basicav` decimal(16,2) not null,
  `sefav` decimal(16,2) not null,
  `av` decimal(16,2) not null,
  `revtype` varchar(50) not null,
  `year` int(11) not null,
  `amount` decimal(16,2) not null,
  `amtpaid` decimal(16,2) not null,
  `priority` int(11) not null,
  `taxdifference` int(11) not null,
  `system` int(11) not null,
  primary key (`objid`)
) engine=innodb default charset=utf8
;

create index `fk_rptledger_item_rptledger` on rptledger_item (`parentid`)
; 

alter table rptledger_item 
  add constraint `fk_rptledger_item_rptledger` foreign key (`parentid`) 
  references `rptledger` (`objid`)
;



insert into rptledger_item (
  objid,
  parentid,
  rptledgerfaasid,
  remarks,
  basicav,
  sefav,
  av,
  revtype,
  year,
  amount,
  amtpaid,
  priority,
  taxdifference,
  system
)
select 
  concat(rli.objid, '-basic') as objid,
  rli.rptledgerid as parentid,
  rli.rptledgerfaasid,
  rli.remarks,
  ifnull(rli.basicav, rli.av),
  ifnull(rli.sefav, rli.av),
  rli.av,
  'basic' as revtype,
  rli.year,
  rli.basic as amount,
  rli.basicpaid as amtpaid,
  10000 as priority,
  rli.taxdifference,
  0 as system
from rptledgeritem rli 
  inner join rptledger rl on rli.rptledgerid = rl.objid 
where rl.state = 'APPROVED' 
and rli.basic > 0 
and rli.basicpaid < rli.basic
;




insert into rptledger_item (
  objid,
  parentid,
  rptledgerfaasid,
  remarks,
  basicav,
  sefav,
  av,
  revtype,
  year,
  amount,
  amtpaid,
  priority,
  taxdifference,
  system
)
select 
  concat(rli.objid, '-sef') as objid,
  rli.rptledgerid as parentid,
  rli.rptledgerfaasid,
  rli.remarks,
  ifnull(rli.basicav, rli.av),
  ifnull(rli.sefav, rli.av),
  rli.av,
  'sef' as revtype,
  rli.year,
  rli.sef as amount,
  rli.sefpaid as amtpaid,
  10000 as priority,
  rli.taxdifference,
  0 as system
from rptledgeritem rli 
  inner join rptledger rl on rli.rptledgerid = rl.objid 
where rl.state = 'APPROVED' 
and rli.sef > 0 
and rli.sefpaid < rli.sef
;




insert into rptledger_item (
  objid,
  parentid,
  rptledgerfaasid,
  remarks,
  basicav,
  sefav,
  av,
  revtype,
  year,
  amount,
  amtpaid,
  priority,
  taxdifference,
  system
)
select 
  concat(rli.objid, '-firecode') as objid,
  rli.rptledgerid as parentid,
  rli.rptledgerfaasid,
  rli.remarks,
  ifnull(rli.basicav, rli.av),
  ifnull(rli.sefav, rli.av),
  rli.av,
  'firecode' as revtype,
  rli.year,
  rli.firecode as amount,
  rli.firecodepaid as amtpaid,
  1 as priority,
  rli.taxdifference,
  0 as system
from rptledgeritem rli 
  inner join rptledger rl on rli.rptledgerid = rl.objid 
where rl.state = 'APPROVED' 
and rli.firecode > 0 
and rli.firecodepaid < rli.firecode
;



insert into rptledger_item (
  objid,
  parentid,
  rptledgerfaasid,
  remarks,
  basicav,
  sefav,
  av,
  revtype,
  year,
  amount,
  amtpaid,
  priority,
  taxdifference,
  system
)
select 
  concat(rli.objid, '-basicidle') as objid,
  rli.rptledgerid as parentid,
  rli.rptledgerfaasid,
  rli.remarks,
  ifnull(rli.basicav, rli.av),
  ifnull(rli.sefav, rli.av),
  rli.av,
  'basicidle' as revtype,
  rli.year,
  rli.basicidle as amount,
  rli.basicidlepaid as amtpaid,
  5 as priority,
  rli.taxdifference,
  0 as system
from rptledgeritem rli 
  inner join rptledger rl on rli.rptledgerid = rl.objid 
where rl.state = 'APPROVED' 
and rli.basicidle > 0 
and rli.basicidlepaid < rli.basicidle
;


insert into rptledger_item (
  objid,
  parentid,
  rptledgerfaasid,
  remarks,
  basicav,
  sefav,
  av,
  revtype,
  year,
  amount,
  amtpaid,
  priority,
  taxdifference,
  system
)
select 
  concat(rli.objid, '-sh') as objid,
  rli.rptledgerid as parentid,
  rli.rptledgerfaasid,
  rli.remarks,
  ifnull(rli.basicav, rli.av),
  ifnull(rli.sefav, rli.av),
  rli.av,
  'sh' as revtype,
  rli.year,
  rli.sh as amount,
  rli.shpaid as amtpaid,
  10 as priority,
  rli.taxdifference,
  0 as system
from rptledgeritem rli 
  inner join rptledger rl on rli.rptledgerid = rl.objid 
where rl.state = 'APPROVED' 
and rli.sh > 0 
and rli.shpaid < rli.sh
;









/*====================================================================================
*
* RPTLEDGER AND RPTBILLING RULE SUPPORT 
*
======================================================================================*/


set @ruleset = 'rptledger' 
;

delete from sys_rule_action_param where parentid in ( 
  select ra.objid 
  from sys_rule r, sys_rule_action ra 
  where r.ruleset=@ruleset and ra.parentid=r.objid 
)
;
delete from sys_rule_actiondef_param where parentid in ( 
  select ra.objid from sys_ruleset_actiondef rsa 
    inner join sys_rule_actiondef ra on ra.objid=rsa.actiondef 
  where rsa.ruleset=@ruleset
);
delete from sys_rule_actiondef where objid in ( 
  select actiondef from sys_ruleset_actiondef where ruleset=@ruleset 
);
delete from sys_rule_action where parentid in ( 
  select objid from sys_rule 
  where ruleset=@ruleset 
)
;
delete from sys_rule_condition_constraint where parentid in ( 
  select rc.objid 
  from sys_rule r, sys_rule_condition rc 
  where r.ruleset=@ruleset and rc.parentid=r.objid 
)
;
delete from sys_rule_condition_var where parentid in ( 
  select rc.objid 
  from sys_rule r, sys_rule_condition rc 
  where r.ruleset=@ruleset and rc.parentid=r.objid 
)
;
delete from sys_rule_condition where parentid in ( 
  select objid from sys_rule where ruleset=@ruleset 
)
;
delete from sys_rule_deployed where objid in ( 
  select objid from sys_rule where ruleset=@ruleset 
)
;
delete from sys_rule where ruleset=@ruleset 
;
delete from sys_ruleset_fact where ruleset=@ruleset
;
delete from sys_ruleset_actiondef where ruleset=@ruleset
;
delete from sys_rulegroup where ruleset=@ruleset 
;
delete from sys_ruleset where name=@ruleset 
;



set @ruleset = 'rptbilling' 
;

delete from sys_rule_action_param where parentid in ( 
  select ra.objid 
  from sys_rule r, sys_rule_action ra 
  where r.ruleset=@ruleset and ra.parentid=r.objid 
)
;
delete from sys_rule_actiondef_param where parentid in ( 
  select ra.objid from sys_ruleset_actiondef rsa 
    inner join sys_rule_actiondef ra on ra.objid=rsa.actiondef 
  where rsa.ruleset=@ruleset
);
delete from sys_rule_actiondef where objid in ( 
  select actiondef from sys_ruleset_actiondef where ruleset=@ruleset 
);
delete from sys_rule_action where parentid in ( 
  select objid from sys_rule 
  where ruleset=@ruleset 
)
;
delete from sys_rule_condition_constraint where parentid in ( 
  select rc.objid 
  from sys_rule r, sys_rule_condition rc 
  where r.ruleset=@ruleset and rc.parentid=r.objid 
)
;
delete from sys_rule_condition_var where parentid in ( 
  select rc.objid 
  from sys_rule r, sys_rule_condition rc 
  where r.ruleset=@ruleset and rc.parentid=r.objid 
)
;
delete from sys_rule_condition where parentid in ( 
  select objid from sys_rule where ruleset=@ruleset 
)
;
delete from sys_rule_deployed where objid in ( 
  select objid from sys_rule where ruleset=@ruleset 
)
;
delete from sys_rule where ruleset=@ruleset 
;
delete from sys_ruleset_fact where ruleset=@ruleset
;
delete from sys_ruleset_actiondef where ruleset=@ruleset
;
delete from sys_rulegroup where ruleset=@ruleset 
;
delete from sys_ruleset where name=@ruleset 
;






INSERT INTO `sys_ruleset` (`name`, `title`, `packagename`, `domain`, `role`, `permission`) VALUES ('rptbilling', 'RPT Billing Rules', 'rptbilling', 'LANDTAX', 'RULE_AUTHOR', NULL);
INSERT INTO `sys_ruleset` (`name`, `title`, `packagename`, `domain`, `role`, `permission`) VALUES ('rptledger', 'Ledger Billing Rules', 'rptledger', 'LANDTAX', 'RULE_AUTHOR', NULL);


INSERT INTO `sys_rulegroup` (`name`, `ruleset`, `title`, `sortorder`) VALUES ('LEDGER_ITEM', 'rptledger', 'Ledger Item Posting', '1');
INSERT INTO `sys_rulegroup` (`name`, `ruleset`, `title`, `sortorder`) VALUES ('TAX', 'rptledger', 'Tax Computation', '2');
INSERT INTO `sys_rulegroup` (`name`, `ruleset`, `title`, `sortorder`) VALUES ('AFTER_TAX', 'rptledger', 'Post Tax Computation', '3');


INSERT INTO `sys_rulegroup` (`name`, `ruleset`, `title`, `sortorder`) VALUES ('INIT', 'rptbilling', 'Init', '0');
INSERT INTO `sys_rulegroup` (`name`, `ruleset`, `title`, `sortorder`) VALUES ('DISCOUNT', 'rptbilling', 'Discount Computation', '9');
INSERT INTO `sys_rulegroup` (`name`, `ruleset`, `title`, `sortorder`) VALUES ('AFTER_DISCOUNT', 'rptbilling', 'After Discount Computation', '10');
INSERT INTO `sys_rulegroup` (`name`, `ruleset`, `title`, `sortorder`) VALUES ('PENALTY', 'rptbilling', 'Penalty Computation', '7');
INSERT INTO `sys_rulegroup` (`name`, `ruleset`, `title`, `sortorder`) VALUES ('AFTER_PENALTY', 'rptbilling', 'After Penalty Computation', '8');
INSERT INTO `sys_rulegroup` (`name`, `ruleset`, `title`, `sortorder`) VALUES ('BEFORE_SUMMARY', 'rptbilling', 'Before Summary ', '19');
INSERT INTO `sys_rulegroup` (`name`, `ruleset`, `title`, `sortorder`) VALUES ('SUMMARY', 'rptbilling', 'Summary', '20');
INSERT INTO `sys_rulegroup` (`name`, `ruleset`, `title`, `sortorder`) VALUES ('AFTER_SUMMARY', 'rptbilling', 'After Summary', '21');
INSERT INTO `sys_rulegroup` (`name`, `ruleset`, `title`, `sortorder`) VALUES ('BRGY_SHARE', 'rptbilling', 'Barangay Share Computation', '25');
INSERT INTO `sys_rulegroup` (`name`, `ruleset`, `title`, `sortorder`) VALUES ('PROV_SHARE', 'rptbilling', 'Province Share Computation', '27');
INSERT INTO `sys_rulegroup` (`name`, `ruleset`, `title`, `sortorder`) VALUES ('LGU_SHARE', 'rptbilling', 'LGU Share Computation', '26');






drop view if exists vw_landtax_lgu_account_mapping
; 

create view vw_landtax_lgu_account_mapping
as 
select 
  ia.org_objid as org_objid,
  ia.org_name as org_name, 
  o.orgclass as org_class, 
  p.objid as parent_objid,
  p.code as parent_code,
  p.title as parent_title,
  ia.objid as item_objid,
  ia.code as item_code,
  ia.title as item_title,
  ia.fund_objid as item_fund_objid, 
  ia.fund_code as item_fund_code,
  ia.fund_title as item_fund_title,
  ia.type as item_type,
  pt.tag as item_tag
from itemaccount ia
inner join itemaccount p on ia.parentid = p.objid 
inner join itemaccount_tag pt on p.objid = pt.acctid
inner join sys_org o on ia.org_objid = o.objid 
where p.state = 'APPROVED'
; 









/*=============================================================
*
* COMPROMISE UPDATE 
*
==============================================================*/


CREATE TABLE `rptcompromise` (
  `objid` varchar(50) NOT NULL,
  `state` varchar(25) NOT NULL,
  `txnno` varchar(25) NOT NULL,
  `txndate` date NOT NULL,
  `faasid` varchar(50) DEFAULT NULL,
  `rptledgerid` varchar(50) NOT NULL,
  `lastyearpaid` int(11) NOT NULL,
  `lastqtrpaid` int(11) NOT NULL,
  `startyear` int(11) NOT NULL,
  `startqtr` int(11) NOT NULL,
  `endyear` int(11) NOT NULL,
  `endqtr` int(11) NOT NULL,
  `enddate` date NOT NULL,
  `cypaymentrequired` int(11) DEFAULT NULL,
  `cypaymentorno` varchar(10) DEFAULT NULL,
  `cypaymentordate` date DEFAULT NULL,
  `cypaymentoramount` decimal(10,2) DEFAULT NULL,
  `downpaymentrequired` int(11) NOT NULL,
  `downpaymentrate` decimal(10,0) NOT NULL,
  `downpayment` decimal(10,2) NOT NULL,
  `downpaymentorno` varchar(50) DEFAULT NULL,
  `downpaymentordate` date DEFAULT NULL,
  `term` int(11) NOT NULL,
  `numofinstallment` int(11) NOT NULL,
  `amount` decimal(16,2) NOT NULL,
  `amtforinstallment` decimal(16,2) NOT NULL,
  `amtpaid` decimal(16,2) NOT NULL,
  `firstpartyname` varchar(100) NOT NULL,
  `firstpartytitle` varchar(50) NOT NULL,
  `firstpartyaddress` varchar(100) NOT NULL,
  `firstpartyctcno` varchar(15) NOT NULL,
  `firstpartyctcissued` varchar(100) NOT NULL,
  `firstpartyctcdate` date NOT NULL,
  `firstpartynationality` varchar(50) NOT NULL,
  `firstpartystatus` varchar(50) NOT NULL,
  `firstpartygender` varchar(10) NOT NULL,
  `secondpartyrepresentative` varchar(100) NOT NULL,
  `secondpartyname` varchar(100) NOT NULL,
  `secondpartyaddress` varchar(100) NOT NULL,
  `secondpartyctcno` varchar(15) NOT NULL,
  `secondpartyctcissued` varchar(100) NOT NULL,
  `secondpartyctcdate` date NOT NULL,
  `secondpartynationality` varchar(50) NOT NULL,
  `secondpartystatus` varchar(50) NOT NULL,
  `secondpartygender` varchar(10) NOT NULL,
  `dtsigned` date DEFAULT NULL,
  `notarizeddate` date DEFAULT NULL,
  `notarizedby` varchar(100) DEFAULT NULL,
  `notarizedbytitle` varchar(50) DEFAULT NULL,
  `signatories` varchar(1000) NOT NULL,
  `manualdiff` decimal(16,2) NOT NULL DEFAULT '0.00',
  `cypaymentreceiptid` varchar(50) DEFAULT NULL,
  `downpaymentreceiptid` varchar(50) DEFAULT NULL,
  PRIMARY KEY (`objid`)
) ENGINE=InnoDB DEFAULT CHARSET=utf8;

create index `ix_rptcompromise_faasid` on rptcompromise(`faasid`);
create index `ix_rptcompromise_ledgerid` on rptcompromise(`rptledgerid`);
alter table rptcompromise add CONSTRAINT `fk_rptcompromise_faas` 
  FOREIGN KEY (`faasid`) REFERENCES `faas` (`objid`);
alter table rptcompromise add CONSTRAINT `fk_rptcompromise_rptledger` 
  FOREIGN KEY (`rptledgerid`) REFERENCES `rptledger` (`objid`);



CREATE TABLE `rptcompromise_installment` (
  `objid` varchar(50) NOT NULL,
  `parentid` varchar(50) NOT NULL,
  `installmentno` int(11) NOT NULL,
  `duedate` date NOT NULL,
  `amount` decimal(16,2) NOT NULL,
  `amtpaid` decimal(16,2) NOT NULL,
  `fullypaid` int(11) NOT NULL,
  PRIMARY KEY (`objid`)
) ENGINE=InnoDB DEFAULT CHARSET=utf8;


create index `ix_rptcompromise_installment_rptcompromiseid` on rptcompromise_installment(`parentid`);

alter table rptcompromise_installment 
  add CONSTRAINT `fk_rptcompromise_installment_rptcompromise` 
  FOREIGN KEY (`parentid`) REFERENCES `rptcompromise` (`objid`);



  CREATE TABLE `rptcompromise_credit` (
  `objid` varchar(50) NOT NULL,
  `parentid` varchar(50) NOT NULL,
  `receiptid` varchar(50) DEFAULT NULL,
  `installmentid` varchar(50) DEFAULT NULL,
  `collector_name` varchar(100) NOT NULL,
  `collector_title` varchar(50) NOT NULL,
  `orno` varchar(10) NOT NULL,
  `ordate` date NOT NULL,
  `oramount` decimal(16,2) NOT NULL,
  `amount` decimal(16,2) NOT NULL,
  `mode` varchar(50) NOT NULL,
  `paidby` varchar(150) NOT NULL,
  `paidbyaddress` varchar(100) NOT NULL,
  `partial` int(11) DEFAULT NULL,
  `remarks` varchar(100) DEFAULT NULL,
  PRIMARY KEY (`objid`)
) ENGINE=InnoDB DEFAULT CHARSET=utf8;

create index `ix_rptcompromise_credit_parentid` on rptcompromise_credit(`parentid`);
create index `ix_rptcompromise_credit_receiptid` on rptcompromise_credit(`receiptid`);
create index `ix_rptcompromise_credit_installmentid` on rptcompromise_credit(`installmentid`);

alter table rptcompromise_credit 
  add CONSTRAINT `fk_rptcompromise_credit_rptcompromise_installment` 
  FOREIGN KEY (`installmentid`) REFERENCES `rptcompromise_installment` (`objid`);

alter table rptcompromise_credit 
  add CONSTRAINT `fk_rptcompromise_credit_cashreceipt` 
  FOREIGN KEY (`receiptid`) REFERENCES `cashreceipt` (`objid`);

alter table rptcompromise_credit 
  add CONSTRAINT `fk_rptcompromise_credit_rptcompromise` 
  FOREIGN KEY (`parentid`) REFERENCES `rptcompromise` (`objid`);



CREATE TABLE `rptcompromise_item` (
  `objid` varchar(50) NOT NULL,
  `parentid` varchar(50) NOT NULL,
  `rptledgerfaasid` varchar(50) NOT NULL,
  `revtype` varchar(50) NOT NULL,
  `revperiod` varchar(50) NOT NULL,
  `year` int(11) NOT NULL,
  `amount` decimal(16,2) NOT NULL,
  `amtpaid` decimal(16,2) NOT NULL,
  `interest` decimal(16,2) NOT NULL,
  `interestpaid` decimal(16,2) NOT NULL,
  `priority` int(11) DEFAULT NULL,
  `taxdifference` int(11) DEFAULT NULL,
  PRIMARY KEY (`objid`)
) ENGINE=InnoDB DEFAULT CHARSET=utf8;

create index `ix_rptcompromise_item_rptcompromise` on rptcompromise_item (`parentid`);
create index `ix_rptcompromise_item_rptledgerfaas` on rptcompromise_item (`rptledgerfaasid`);

alter table rptcompromise_item 
  add CONSTRAINT `fk_rptcompromise_item_rptcompromise` 
  FOREIGN KEY (`parentid`) REFERENCES `rptcompromise` (`objid`);

alter table rptcompromise_item 
  add CONSTRAINT `fk_rptcompromise_item_rptledgerfaas` 
  FOREIGN KEY (`rptledgerfaasid`) REFERENCES `rptledgerfaas` (`objid`);



/*====================================================================
*
* LANDTAX RPT DELINQUENCY UPDATE 
*
====================================================================*/

drop table if exists report_rptdelinquency_error
;
drop table if exists report_rptdelinquency_forprocess
;
drop table if exists report_rptdelinquency_item
;
drop table if exists report_rptdelinquency_barangay
;
drop table if exists report_rptdelinquency
;



CREATE TABLE `report_rptdelinquency` (
  `objid` varchar(50) NOT NULL,
  `state` varchar(50) NOT NULL,
  `dtgenerated` datetime NOT NULL,
  `dtcomputed` datetime NOT NULL,
  `generatedby_name` varchar(255) NOT NULL,
  `generatedby_title` varchar(100) NOT NULL,
  PRIMARY KEY (`objid`)
) ENGINE=InnoDB DEFAULT CHARSET=utf8
;

CREATE TABLE `report_rptdelinquency_item` (
  `objid` varchar(50) NOT NULL,
  `parentid` varchar(50) NOT NULL,
  `rptledgerid` varchar(50) NOT NULL,
  `barangayid` varchar(50) NOT NULL,
  `year` int(11) NOT NULL,
  `qtr` int(11) DEFAULT NULL,
  `revtype` varchar(50) NOT NULL,
  `amount` decimal(16,2) NOT NULL,
  `interest` decimal(16,2) NOT NULL,
  `discount` decimal(16,2) NOT NULL,
  PRIMARY KEY (`objid`)
) ENGINE=InnoDB DEFAULT CHARSET=utf8
;

alter table report_rptdelinquency_item 
  add constraint fk_rptdelinquency_item_rptdelinquency foreign key(parentid)
  references report_rptdelinquency(objid)
;


create index ix_parentid on report_rptdelinquency_item(parentid)  
;


alter table report_rptdelinquency_item 
  add constraint fk_rptdelinquency_item_rptledger foreign key(rptledgerid)
  references rptledger(objid)
;

create index ix_rptledgerid on report_rptdelinquency_item(rptledgerid)  
;

alter table report_rptdelinquency_item 
  add constraint fk_rptdelinquency_item_barangay foreign key(barangayid)
  references barangay(objid)
;

create index ix_barangayid on report_rptdelinquency_item(barangayid)  
;




CREATE TABLE `report_rptdelinquency_barangay` (
  objid varchar(50) not null, 
  parentid varchar(50) not null, 
  `barangayid` varchar(50) NOT NULL,
  count int not null,
  processed int not null, 
  errors int not null, 
  ignored int not null, 
  PRIMARY KEY (`objid`)
) ENGINE=InnoDB DEFAULT CHARSET=utf8;


alter table report_rptdelinquency_barangay 
  add constraint fk_rptdelinquency_barangay_rptdelinquency foreign key(parentid)
  references report_rptdelinquency(objid)
;

create index fk_rptdelinquency_barangay_rptdelinquency on report_rptdelinquency_item(parentid)  
;


alter table report_rptdelinquency_barangay 
  add constraint fk_rptdelinquency_barangay_barangay foreign key(barangayid)
  references barangay(objid)
;

create index ix_barangayid on report_rptdelinquency_barangay(barangayid)  
;


CREATE TABLE `report_rptdelinquency_forprocess` (
  `objid` varchar(50) NOT NULL,
  `barangayid` varchar(50) NOT NULL,
  PRIMARY KEY (`objid`)
) ENGINE=InnoDB DEFAULT CHARSET=utf8;

create index ix_barangayid on report_rptdelinquency_forprocess(barangayid);
  


CREATE TABLE `report_rptdelinquency_error` (
  `objid` varchar(50) NOT NULL,
  `barangayid` varchar(50) NOT NULL,
  `error` text NULL,
  `ignored` int,
  PRIMARY KEY (`objid`),
  KEY `ix_barangayid` (`barangayid`)
) ENGINE=InnoDB DEFAULT CHARSET=utf8;  




drop view vw_landtax_report_rptdelinquency_detail
;

create view vw_landtax_report_rptdelinquency_detail 
as
select
  parentid, 
  rptledgerid,
  barangayid,
  year,
  qtr,
  case when revtype = 'basic' then amount else 0 end as basic,
  case when revtype = 'basic' then interest else 0 end as basicint,
  case when revtype = 'basic' then discount else 0 end as basicdisc,
  case when revtype = 'basic' then interest - discount else 0 end as basicdp,
  case when revtype = 'basic' then amount + interest - discount else 0 end as basicnet,
  case when revtype = 'basicidle' then amount else 0 end as basicidle,
  case when revtype = 'basicidle' then interest else 0 end as basicidleint,
  case when revtype = 'basicidle' then discount else 0 end as basicidledisc,
  case when revtype = 'basicidle' then interest - discount else 0 end as basicidledp,
  case when revtype = 'basicidle' then amount + interest - discount else 0 end as basicidlenet,
  case when revtype = 'sef' then amount else 0 end as sef,
  case when revtype = 'sef' then interest else 0 end as sefint,
  case when revtype = 'sef' then discount else 0 end as sefdisc,
  case when revtype = 'sef' then interest - discount else 0 end as sefdp,
  case when revtype = 'sef' then amount + interest - discount else 0 end as sefnet,
  case when revtype = 'firecode' then amount else 0 end as firecode,
  case when revtype = 'firecode' then interest else 0 end as firecodeint,
  case when revtype = 'firecode' then discount else 0 end as firecodedisc,
  case when revtype = 'firecode' then interest - discount else 0 end as firecodedp,
  case when revtype = 'firecode' then amount + interest - discount else 0 end as firecodenet,
  case when revtype = 'sh' then amount else 0 end as sh,
  case when revtype = 'sh' then interest else 0 end as shint,
  case when revtype = 'sh' then discount else 0 end as shdisc,
  case when revtype = 'sh' then interest - discount else 0 end as shdp,
  case when revtype = 'sh' then amount + interest - discount else 0 end as shnet,
  amount + interest - discount as total
from report_rptdelinquency_item 
;



/*====================================================================
*
* LANDTAX RPT DELINQUENCY UPDATE 
*
====================================================================*/

drop table if exists report_rptdelinquency_error
;
drop table if exists report_rptdelinquency_forprocess
;
drop table if exists report_rptdelinquency_item
;
drop table if exists report_rptdelinquency_barangay
;
drop table if exists report_rptdelinquency
;



CREATE TABLE `report_rptdelinquency` (
  `objid` varchar(50) NOT NULL,
  `state` varchar(50) NOT NULL,
  `dtgenerated` datetime NOT NULL,
  `dtcomputed` datetime NOT NULL,
  `generatedby_name` varchar(255) NOT NULL,
  `generatedby_title` varchar(100) NOT NULL,
  PRIMARY KEY (`objid`)
) ENGINE=InnoDB DEFAULT CHARSET=utf8
;

CREATE TABLE `report_rptdelinquency_item` (
  `objid` varchar(50) NOT NULL,
  `parentid` varchar(50) NOT NULL,
  `rptledgerid` varchar(50) NOT NULL,
  `barangayid` varchar(50) NOT NULL,
  `year` int(11) NOT NULL,
  `qtr` int(11) DEFAULT NULL,
  `revtype` varchar(50) NOT NULL,
  `amount` decimal(16,2) NOT NULL,
  `interest` decimal(16,2) NOT NULL,
  `discount` decimal(16,2) NOT NULL,
  PRIMARY KEY (`objid`)
) ENGINE=InnoDB DEFAULT CHARSET=utf8
;

alter table report_rptdelinquency_item 
  add constraint fk_rptdelinquency_item_rptdelinquency foreign key(parentid)
  references report_rptdelinquency(objid)
;

create index ix_parentid on report_rptdelinquency_item(parentid)  
;


alter table report_rptdelinquency_item 
  add constraint fk_rptdelinquency_item_rptledger foreign key(rptledgerid)
  references rptledger(objid)
;


create index ix_rptledgerid on report_rptdelinquency_item(rptledgerid)  
;

alter table report_rptdelinquency_item 
  add constraint fk_rptdelinquency_item_barangay foreign key(barangayid)
  references barangay(objid)
;


create index ix_barangayid on report_rptdelinquency_item(barangayid)  
;




CREATE TABLE `report_rptdelinquency_barangay` (
  objid varchar(50) not null, 
  parentid varchar(50) not null, 
  `barangayid` varchar(50) NOT NULL,
  count int not null,
  processed int not null, 
  errors int not null, 
  ignored int not null, 
  PRIMARY KEY (`objid`)
) ENGINE=InnoDB DEFAULT CHARSET=utf8;


alter table report_rptdelinquency_barangay 
  add constraint fk_rptdelinquency_barangay_rptdelinquency foreign key(parentid)
  references report_rptdelinquency(objid)
;

create index fk_rptdelinquency_barangay_rptdelinquency on report_rptdelinquency_item(parentid)  
;


alter table report_rptdelinquency_barangay 
  add constraint fk_rptdelinquency_barangay_barangay foreign key(barangayid)
  references barangay(objid)
;


create index ix_barangayid on report_rptdelinquency_barangay(barangayid)  
;


CREATE TABLE `report_rptdelinquency_forprocess` (
  `objid` varchar(50) NOT NULL,
  `barangayid` varchar(50) NOT NULL,
  PRIMARY KEY (`objid`)
) ENGINE=InnoDB DEFAULT CHARSET=utf8;

create index ix_barangayid on report_rptdelinquency_forprocess(barangayid);
  


CREATE TABLE `report_rptdelinquency_error` (
  `objid` varchar(50) NOT NULL,
  `barangayid` varchar(50) NOT NULL,
  `error` text NULL,
  `ignored` int,
  PRIMARY KEY (`objid`),
  KEY `ix_barangayid` (`barangayid`)
) ENGINE=InnoDB DEFAULT CHARSET=utf8;  




drop view vw_landtax_report_rptdelinquency_detail
;

create view vw_landtax_report_rptdelinquency_detail 
as
select
  parentid, 
  rptledgerid,
  barangayid,
  year,
  qtr,
  case when revtype = 'basic' then amount else 0 end as basic,
  case when revtype = 'basic' then interest else 0 end as basicint,
  case when revtype = 'basic' then discount else 0 end as basicdisc,
  case when revtype = 'basic' then interest - discount else 0 end as basicdp,
  case when revtype = 'basic' then amount + interest - discount else 0 end as basicnet,
  case when revtype = 'basicidle' then amount else 0 end as basicidle,
  case when revtype = 'basicidle' then interest else 0 end as basicidleint,
  case when revtype = 'basicidle' then discount else 0 end as basicidledisc,
  case when revtype = 'basicidle' then interest - discount else 0 end as basicidledp,
  case when revtype = 'basicidle' then amount + interest - discount else 0 end as basicidlenet,
  case when revtype = 'sef' then amount else 0 end as sef,
  case when revtype = 'sef' then interest else 0 end as sefint,
  case when revtype = 'sef' then discount else 0 end as sefdisc,
  case when revtype = 'sef' then interest - discount else 0 end as sefdp,
  case when revtype = 'sef' then amount + interest - discount else 0 end as sefnet,
  case when revtype = 'firecode' then amount else 0 end as firecode,
  case when revtype = 'firecode' then interest else 0 end as firecodeint,
  case when revtype = 'firecode' then discount else 0 end as firecodedisc,
  case when revtype = 'firecode' then interest - discount else 0 end as firecodedp,
  case when revtype = 'firecode' then amount + interest - discount else 0 end as firecodenet,
  case when revtype = 'sh' then amount else 0 end as sh,
  case when revtype = 'sh' then interest else 0 end as shint,
  case when revtype = 'sh' then discount else 0 end as shdisc,
  case when revtype = 'sh' then interest - discount else 0 end as shdp,
  case when revtype = 'sh' then amount + interest - discount else 0 end as shnet,
  amount + interest - discount as total
from report_rptdelinquency_item 
;




drop  view vw_landtax_report_rptdelinquency
;

create view vw_landtax_report_rptdelinquency
as
select
  v.rptledgerid,
  v.barangayid,
  v.year,
  v.qtr,
  rr.dtgenerated,
  rr.generatedby_name,
  rr.generatedby_title,
  sum(v.basic) as basic,
  sum(v.basicint) as basicint,
  sum(v.basicdisc) as basicdisc,
  sum(v.basicdp) as basicdp,
  sum(v.basicnet) as basicnet,
  sum(v.basicidle) as basicidle,
  sum(v.basicidleint) as basicidleint,
  sum(v.basicidledisc) as basicidledisc,
  sum(v.basicidledp) as basicidledp,
  sum(v.basicidlenet) as basicidlenet,
  sum(v.sef) as sef,
  sum(v.sefint) as sefint,
  sum(v.sefdisc) as sefdisc,
  sum(v.sefdp) as sefdp,
  sum(v.sefnet) as sefnet,
  sum(v.firecode) as firecode,
  sum(v.firecodeint) as firecodeint,
  sum(v.firecodedisc) as firecodedisc,
  sum(v.firecodedp) as firecodedp,
  sum(v.firecodenet) as firecodenet,
  sum(v.sh) as sh,
  sum(v.shint) as shint,
  sum(v.shdisc) as shdisc,
  sum(v.shdp) as shdp,
  sum(v.shnet) as shnet,
  sum(v.total) as total
from report_rptdelinquency rr 
inner join vw_landtax_report_rptdelinquency_detail v on rr.objid = v.parentid 
group by 
  v.rptledgerid,
  v.barangayid,
  v.year,
  v.qtr,
  rr.dtgenerated,
  rr.generatedby_name,
  rr.generatedby_title
;



drop  view vw_landtax_report_rptdelinquency
;

create view vw_landtax_report_rptdelinquency
as
select
  v.rptledgerid,
  v.barangayid,
  v.year,
  v.qtr,
  rr.dtgenerated,
  rr.generatedby_name,
  rr.generatedby_title,
  sum(v.basic) as basic,
  sum(v.basicint) as basicint,
  sum(v.basicdisc) as basicdisc,
  sum(v.basicdp) as basicdp,
  sum(v.basicnet) as basicnet,
  sum(v.basicidle) as basicidle,
  sum(v.basicidleint) as basicidleint,
  sum(v.basicidledisc) as basicidledisc,
  sum(v.basicidledp) as basicidledp,
  sum(v.basicidlenet) as basicidlenet,
  sum(v.sef) as sef,
  sum(v.sefint) as sefint,
  sum(v.sefdisc) as sefdisc,
  sum(v.sefdp) as sefdp,
  sum(v.sefnet) as sefnet,
  sum(v.firecode) as firecode,
  sum(v.firecodeint) as firecodeint,
  sum(v.firecodedisc) as firecodedisc,
  sum(v.firecodedp) as firecodedp,
  sum(v.firecodenet) as firecodenet,
  sum(v.sh) as sh,
  sum(v.shint) as shint,
  sum(v.shdisc) as shdisc,
  sum(v.shdp) as shdp,
  sum(v.shnet) as shnet,
  sum(v.total) as total
from report_rptdelinquency rr 
inner join vw_landtax_report_rptdelinquency_detail v on rr.objid = v.parentid 
group by 
  v.rptledgerid,
  v.barangayid,
  v.year,
  v.qtr,
  rr.dtgenerated,
  rr.generatedby_name,
  rr.generatedby_title
;


/*REVENUE PARENT ACCOUNTS  */

INSERT INTO itemaccount (objid, state, code, title, description, type, fund_objid, fund_code, fund_title, defaultvalue, valuetype, org_objid, org_name, parentid) VALUES ('RPT_BASIC_ADVANCE', 'ACTIVE', '588-007', 'RPT BASIC ADVANCE', 'RPT BASIC ADVANCE', 'REVENUE', 'GENERAL', '01', 'GENERAL', '0.00', 'ANY', NULL, NULL, NULL)
;
INSERT INTO itemaccount (objid, state, code, title, description, type, fund_objid, fund_code, fund_title, defaultvalue, valuetype, org_objid, org_name, parentid) VALUES ('RPT_BASIC_CURRENT', 'ACTIVE', '588-001', 'RPT BASIC CURRENT', 'RPT BASIC CURRENT', 'REVENUE', 'GENERAL', '01', 'GENERAL', '0.00', 'ANY', NULL, NULL, NULL)
;
INSERT INTO itemaccount (objid, state, code, title, description, type, fund_objid, fund_code, fund_title, defaultvalue, valuetype, org_objid, org_name, parentid) VALUES ('RPT_BASICINT_CURRENT', 'ACTIVE', '588-004', 'RPT BASIC PENALTY CURRENT', 'RPT BASIC PENALTY CURRENT', 'REVENUE', 'GENERAL', '01', 'GENERAL', '0.00', 'ANY', NULL, NULL, NULL)
;
INSERT INTO itemaccount (objid, state, code, title, description, type, fund_objid, fund_code, fund_title, defaultvalue, valuetype, org_objid, org_name, parentid) VALUES ('RPT_BASIC_PREVIOUS', 'ACTIVE', '588-002', 'RPT BASIC PREVIOUS', 'RPT BASIC PREVIOUS', 'REVENUE', 'GENERAL', '01', 'GENERAL', '0.00', 'ANY', NULL, NULL, NULL)
;
INSERT INTO itemaccount (objid, state, code, title, description, type, fund_objid, fund_code, fund_title, defaultvalue, valuetype, org_objid, org_name, parentid) VALUES ('RPT_BASICINT_PREVIOUS', 'ACTIVE', '588-005', 'RPT BASIC PENALTY PREVIOUS', 'RPT BASIC PENALTY PREVIOUS', 'REVENUE', 'GENERAL', '01', 'GENERAL', '0.00', 'ANY', NULL, NULL, NULL)
;
INSERT INTO itemaccount (objid, state, code, title, description, type, fund_objid, fund_code, fund_title, defaultvalue, valuetype, org_objid, org_name, parentid) VALUES ('RPT_BASIC_PRIOR', 'ACTIVE', '588-003', 'RPT BASIC PRIOR', 'RPT BASIC PRIOR', 'REVENUE', 'GENERAL', '01', 'GENERAL', '0.00', 'ANY', NULL, NULL, NULL)
;
INSERT INTO itemaccount (objid, state, code, title, description, type, fund_objid, fund_code, fund_title, defaultvalue, valuetype, org_objid, org_name, parentid) VALUES ('RPT_BASICINT_PRIOR', 'ACTIVE', '588-006', 'RPT BASIC PENALTY PRIOR', 'RPT BASIC PENALTY PRIOR', 'REVENUE', 'GENERAL', '01', 'GENERAL', '0.00', 'ANY', NULL, NULL, NULL)
;

INSERT INTO itemaccount (objid, state, code, title, description, type, fund_objid, fund_code, fund_title, defaultvalue, valuetype, org_objid, org_name, parentid) VALUES ('RPT_SEF_ADVANCE', 'ACTIVE', '455-050', 'RPT SEF ADVANCE', 'RPT SEF ADVANCE', 'REVENUE', 'SEF', '02', 'SEF', '0.00', 'ANY', NULL, NULL, NULL)
;
INSERT INTO itemaccount (objid, state, code, title, description, type, fund_objid, fund_code, fund_title, defaultvalue, valuetype, org_objid, org_name, parentid) VALUES ('RPT_SEF_CURRENT', 'ACTIVE', '455-050', 'RPT SEF CURRENT', 'RPT SEF CURRENT', 'REVENUE', 'SEF', '02', 'SEF', '0.00', 'ANY', NULL, NULL, NULL)
;
INSERT INTO itemaccount (objid, state, code, title, description, type, fund_objid, fund_code, fund_title, defaultvalue, valuetype, org_objid, org_name, parentid) VALUES ('RPT_SEFINT_CURRENT', 'ACTIVE', '455-050', 'RPT SEF PENALTY CURRENT', 'RPT SEF PENALTY CURRENT', 'REVENUE', 'SEF', '02', 'SEF', '0.00', 'ANY', NULL, NULL, NULL)
;
INSERT INTO itemaccount (objid, state, code, title, description, type, fund_objid, fund_code, fund_title, defaultvalue, valuetype, org_objid, org_name, parentid) VALUES ('RPT_SEF_PREVIOUS', 'ACTIVE', '455-050', 'RPT SEF PREVIOUS', 'RPT SEF PREVIOUS', 'REVENUE', 'SEF', '02', 'SEF', '0.00', 'ANY', NULL, NULL, NULL)
;
INSERT INTO itemaccount (objid, state, code, title, description, type, fund_objid, fund_code, fund_title, defaultvalue, valuetype, org_objid, org_name, parentid) VALUES ('RPT_SEFINT_PREVIOUS', 'ACTIVE', '455-050', 'RPT SEF PENALTY PREVIOUS', 'RPT SEF PENALTY PREVIOUS', 'REVENUE', 'SEF', '02', 'SEF', '0.00', 'ANY', NULL, NULL, NULL)
;
INSERT INTO itemaccount (objid, state, code, title, description, type, fund_objid, fund_code, fund_title, defaultvalue, valuetype, org_objid, org_name, parentid) VALUES ('RPT_SEF_PRIOR', 'ACTIVE', '455-050', 'RPT SEF PRIOR', 'RPT SEF PRIOR', 'REVENUE', 'SEF', '02', 'SEF', '0.00', 'ANY', NULL, NULL, NULL)
;
INSERT INTO itemaccount (objid, state, code, title, description, type, fund_objid, fund_code, fund_title, defaultvalue, valuetype, org_objid, org_name, parentid) VALUES ('RPT_SEFINT_PRIOR', 'ACTIVE', '455-050', 'RPT SEF PENALTY PRIOR', 'RPT SEF PENALTY PRIOR', 'REVENUE', 'SEF', '02', 'SEF', '0.00', 'ANY', NULL, NULL, NULL)
;






alter table itemaccount_tag add objid varchar(50);

insert into itemaccount_tag (objid, acctid, tag)
select  'RPT_BASIC_ADVANCE' as objid, 'RPT_BASIC_ADVANCE' as acctid, 'rpt_basic_advance' as tag
union 
select  'RPT_BASIC_CURRENT' as objid, 'RPT_BASIC_CURRENT' as acctid, 'rpt_basic_current' as tag
union 
select  'RPT_BASICINT_CURRENT' as objid, 'RPT_BASICINT_CURRENT' as acctid, 'rpt_basicint_current' as tag
union 
select  'RPT_BASIC_PREVIOUS' as objid, 'RPT_BASIC_PREVIOUS' as acctid, 'rpt_basic_previous' as tag
union 
select  'RPT_BASICINT_PREVIOUS' as objid, 'RPT_BASICINT_PREVIOUS' as acctid, 'rpt_basicint_previous' as tag
union 
select  'RPT_BASIC_PRIOR' as objid, 'RPT_BASIC_PRIOR' as acctid, 'rpt_basic_prior' as tag
union 
select  'RPT_BASICINT_PRIOR' as objid, 'RPT_BASICINT_PRIOR' as acctid, 'rpt_basicint_prior' as tag
union 
select  'RPT_SEF_ADVANCE' as objid, 'RPT_SEF_ADVANCE' as acctid, 'rpt_sef_advance' as tag
union 
select  'RPT_SEF_CURRENT' as objid, 'RPT_SEF_CURRENT' as acctid, 'rpt_sef_current' as tag
union 
select  'RPT_SEFINT_CURRENT' as objid, 'RPT_SEFINT_CURRENT' as acctid, 'rpt_sefint_current' as tag
union 
select  'RPT_SEF_PREVIOUS' as objid, 'RPT_SEF_PREVIOUS' as acctid, 'rpt_sef_previous' as tag
union 
select  'RPT_SEFINT_PREVIOUS' as objid, 'RPT_SEFINT_PREVIOUS' as acctid, 'rpt_sefint_previous' as tag
union 
select  'RPT_SEF_PRIOR' as objid, 'RPT_SEF_PRIOR' as acctid, 'rpt_sef_prior' as tag
union 
select  'RPT_SEFINT_PRIOR' as objid, 'RPT_SEFINT_PRIOR' as acctid, 'rpt_sefint_prior' as tag
;





/* BARANGAY SHARE PAYABLE */

INSERT INTO itemaccount (objid, state, code, title, description, type, fund_objid, fund_code, fund_title, defaultvalue, valuetype, org_objid, org_name, parentid) VALUES ('RPT_BASIC_ADVANCE_BRGY_SHARE', 'ACTIVE', '455-049', 'RPT BASIC ADVANCE BARANGAY SHARE', 'RPT BASIC ADVANCE BARANGAY SHARE', 'PAYABLE', 'GENERAL', '01', 'GENERAL', '0.00', 'ANY', NULL, NULL, NULL)
;
INSERT INTO itemaccount (objid, state, code, title, description, type, fund_objid, fund_code, fund_title, defaultvalue, valuetype, org_objid, org_name, parentid) VALUES ('RPT_BASIC_CURRENT_BRGY_SHARE', 'ACTIVE', '455-049', 'RPT BASIC CURRENT BARANGAY SHARE', 'RPT BASIC CURRENT BARANGAY SHARE', 'PAYABLE', 'GENERAL', '01', 'GENERAL', '0.00', 'ANY', NULL, NULL, NULL)
;
INSERT INTO itemaccount (objid, state, code, title, description, type, fund_objid, fund_code, fund_title, defaultvalue, valuetype, org_objid, org_name, parentid) VALUES ('RPT_BASICINT_CURRENT_BRGY_SHARE', 'ACTIVE', '455-049', 'RPT BASIC PENALTY CURRENT BARANGAY SHARE', 'RPT BASIC PENALTY CURRENT BARANGAY SHARE', 'PAYABLE', 'GENERAL', '01', 'GENERAL', '0.00', 'ANY', NULL, NULL, NULL)
;
INSERT INTO itemaccount (objid, state, code, title, description, type, fund_objid, fund_code, fund_title, defaultvalue, valuetype, org_objid, org_name, parentid) VALUES ('RPT_BASIC_PREVIOUS_BRGY_SHARE', 'ACTIVE', '455-049', 'RPT BASIC PREVIOUS BARANGAY SHARE', 'RPT BASIC PREVIOUS BARANGAY SHARE', 'PAYABLE', 'GENERAL', '01', 'GENERAL', '0.00', 'ANY', NULL, NULL, NULL)
;
INSERT INTO itemaccount (objid, state, code, title, description, type, fund_objid, fund_code, fund_title, defaultvalue, valuetype, org_objid, org_name, parentid) VALUES ('RPT_BASICINT_PREVIOUS_BRGY_SHARE', 'ACTIVE', '455-049', 'RPT BASIC PENALTY PREVIOUS BARANGAY SHARE', 'RPT BASIC PENALTY PREVIOUS BARANGAY SHARE', 'PAYABLE', 'GENERAL', '01', 'GENERAL', '0.00', 'ANY', NULL, NULL, NULL)
;
INSERT INTO itemaccount (objid, state, code, title, description, type, fund_objid, fund_code, fund_title, defaultvalue, valuetype, org_objid, org_name, parentid) VALUES ('RPT_BASIC_PRIOR_BRGY_SHARE', 'ACTIVE', '455-049', 'RPT BASIC PRIOR BARANGAY SHARE', 'RPT BASIC PRIOR BARANGAY SHARE', 'PAYABLE', 'GENERAL', '01', 'GENERAL', '0.00', 'ANY', NULL, NULL, NULL)
;
INSERT INTO itemaccount (objid, state, code, title, description, type, fund_objid, fund_code, fund_title, defaultvalue, valuetype, org_objid, org_name, parentid) VALUES ('RPT_BASICINT_PRIOR_BRGY_SHARE', 'ACTIVE', '455-049', 'RPT BASIC PENALTY PRIOR BARANGAY SHARE', 'RPT BASIC PENALTY PRIOR BARANGAY SHARE', 'PAYABLE', 'GENERAL', '01', 'GENERAL', '0.00', 'ANY', NULL, NULL, NULL)
;



insert into itemaccount_tag (objid, acctid, tag)
select  'RPT_BASIC_ADVANCE_BRGY_SHARE' as objid, 'RPT_BASIC_ADVANCE_BRGY_SHARE' as acctid, 'rpt_basic_advance' as tag
union 
select  'RPT_BASIC_CURRENT_BRGY_SHARE' as objid, 'RPT_BASIC_CURRENT_BRGY_SHARE' as acctid, 'rpt_basic_current' as tag
union 
select  'RPT_BASICINT_CURRENT_BRGY_SHARE' as objid, 'RPT_BASICINT_CURRENT_BRGY_SHARE' as acctid, 'rpt_basicint_current' as tag
union 
select  'RPT_BASIC_PREVIOUS_BRGY_SHARE' as objid, 'RPT_BASIC_PREVIOUS_BRGY_SHARE' as acctid, 'rpt_basic_previous' as tag
union 
select  'RPT_BASICINT_PREVIOUS_BRGY_SHARE' as objid, 'RPT_BASICINT_PREVIOUS_BRGY_SHARE' as acctid, 'rpt_basicint_previous' as tag
union 
select  'RPT_BASIC_PRIOR_BRGY_SHARE' as objid, 'RPT_BASIC_PRIOR_BRGY_SHARE' as acctid, 'rpt_basic_prior' as tag
union 
select  'RPT_BASICINT_PRIOR_BRGY_SHARE' as objid, 'RPT_BASICINT_PRIOR_BRGY_SHARE' as acctid, 'rpt_basicint_prior' as tag
;




/*===============================================================
*
* SET PARENT OF BARANGAY ACCOUNTS
*
===============================================================*/

-- advance account 
update itemaccount i, brgy_taxaccount_mapping m, sys_org o set 
	i.parentid = 'RPT_BASIC_ADVANCE_BRGY_SHARE', 
	i.org_objid = m.barangayid,
	i.org_name = o.name 
where m.basicadvacct_objid = i.objid 
and m.barangayid = o.objid
;


-- current account
update itemaccount i, brgy_taxaccount_mapping m, sys_org o set 
	i.parentid = 'RPT_BASIC_CURRENT_BRGY_SHARE', 
	i.org_objid = m.barangayid,
	i.org_name = o.name 
where m.basiccurracct_objid = i.objid 
and m.barangayid = o.objid
;

-- current int account
update itemaccount i, brgy_taxaccount_mapping m, sys_org o set 
	i.parentid = 'RPT_BASICINT_CURRENT_BRGY_SHARE', 
	i.org_objid = m.barangayid,
	i.org_name = o.name 
where m.basiccurrintacct_objid = i.objid 
and m.barangayid = o.objid
;



-- previous account
update itemaccount i, brgy_taxaccount_mapping m, sys_org o set 
	i.parentid = 'RPT_BASIC_PREVIOUS_BRGY_SHARE', 
	i.org_objid = m.barangayid,
	i.org_name = o.name 
where m.basicprevacct_objid = i.objid 
and m.barangayid = o.objid
;



-- prevint account
update itemaccount i, brgy_taxaccount_mapping m, sys_org o set 
	i.parentid = 'RPT_BASICINT_PREVIOUS_BRGY_SHARE', 
	i.org_objid = m.barangayid,
	i.org_name = o.name 
where m.basicprevintacct_objid = i.objid 
and m.barangayid = o.objid
;


-- prior account
update itemaccount i, brgy_taxaccount_mapping m, sys_org o set 
	i.parentid = 'RPT_BASIC_PRIOR_BRGY_SHARE', 
	i.org_objid = m.barangayid,
	i.org_name = o.name 
where m.basicprioracct_objid = i.objid 
and m.barangayid = o.objid
;

-- priorint account
update itemaccount i, brgy_taxaccount_mapping m, sys_org o set 
	i.parentid = 'RPT_BASICINT_PRIOR_BRGY_SHARE', 
	i.org_objid = m.barangayid,
	i.org_name = o.name 
where m.basicpriorintacct_objid = i.objid 
and m.barangayid = o.objid
;




/* 03021 */

/*============================================
*
* TAX DIFFERENCE
*
*============================================*/

CREATE TABLE `rptledger_avdifference` (
  `objid` varchar(50) NOT NULL,
  `parent_objid` varchar(50) NOT NULL,
  `rptledgerfaas_objid` varchar(50) NOT NULL,
  `year` int(11) NOT NULL,
  `av` decimal(16,2) NOT NULL,
  `paid` int(11) NOT NULL,
  PRIMARY KEY (`objid`)
) ENGINE=InnoDB DEFAULT CHARSET=utf8
;

create index `fk_rptledger` on rptledger_avdifference (`parent_objid`)
;

create index `fk_rptledgerfaas` on rptledger_avdifference (`rptledgerfaas_objid`)
;
 
alter table rptledger_avdifference 
	add CONSTRAINT `fk_rptledgerfaas` FOREIGN KEY (`rptledgerfaas_objid`) 
	REFERENCES `rptledgerfaas` (`objid`)
;

alter table rptledger_avdifference 
	add CONSTRAINT `fk_rptledger` FOREIGN KEY (`parent_objid`) 
	REFERENCES `rptledger` (`objid`)
;



create view vw_rptledger_avdifference
as 
select 
  rlf.objid,
  'APPROVED' as state,
  d.parent_objid as rptledgerid,
  rl.faasid,
  rl.tdno,
  rlf.txntype_objid,
  rlf.classification_objid,
  rlf.actualuse_objid,
  rlf.taxable,
  rlf.backtax,
  d.year as fromyear,
  1 as fromqtr,
  d.year as toyear,
  4 as toqtr,
  d.av as assessedvalue,
  1 as systemcreated,
  rlf.reclassed,
  rlf.idleland,
  1 as taxdifference
from rptledger_avdifference d 
inner join rptledgerfaas rlf on d.rptledgerfaas_objid = rlf.objid 
inner join rptledger rl on d.parent_objid = rl.objid 
; 

/* 03022 */

/*============================================
*
* SYNC PROVINCE AND REMOTE LEGERS
*
*============================================*/
drop table if exists `rptledger_remote`;

CREATE TABLE `remote_mapping` (
  `objid` varchar(50) NOT NULL,
  `doctype` varchar(50) NOT NULL,
  `remote_objid` varchar(50) NOT NULL,
  `createdby_name` varchar(255) NOT NULL,
  `createdby_title` varchar(100) DEFAULT NULL,
  `dtcreated` datetime NOT NULL,
  `orgcode` varchar(10) DEFAULT NULL,
  `remote_orgcode` varchar(10) DEFAULT NULL,
  PRIMARY KEY (`objid`)
) ENGINE=InnoDB DEFAULT CHARSET=utf8;


create index ix_doctype on remote_mapping(doctype);
create index ix_orgcode on remote_mapping(orgcode);
create index ix_remote_orgcode on remote_mapping(remote_orgcode);
create index ix_remote_objid on remote_mapping(remote_objid);




drop table if exists sync_data_forprocess;
drop table if exists sync_data_pending;
drop table if exists sync_data;


create table `sync_data` (
  `objid` varchar(50) not null,
  `parentid` varchar(50) not null,
  `refid` varchar(50) not null,
  `reftype` varchar(50) not null,
  `action` varchar(50) not null,
  `orgid` varchar(50) null,
  `remote_orgid` varchar(50) null,
  `remote_orgcode` varchar(20) null,
  `remote_orgclass` varchar(20) null,
  `dtfiled` datetime not null,
  `idx` int not null,
  `sender_objid` varchar(50) null,
  `sender_name` varchar(150) null,
  primary key (`objid`)
) engine=innodb default charset=utf8
;


create index ix_sync_data_refid on sync_data(refid)
;

create index ix_sync_data_reftype on sync_data(reftype)
;

create index ix_sync_data_orgid on sync_data(orgid)
;

create index ix_sync_data_dtfiled on sync_data(dtfiled)
;



CREATE TABLE `sync_data_forprocess` (
  `objid` varchar(50) NOT NULL,
  PRIMARY KEY (`objid`)
) ENGINE=InnoDB DEFAULT CHARSET=utf8
;

alter table sync_data_forprocess add constraint `fk_sync_data_forprocess_sync_data` 
  foreign key (`objid`) references `sync_data` (`objid`)
;

CREATE TABLE `sync_data_pending` (
  `objid` varchar(50) NOT NULL,
  `error` text,
  `expirydate` datetime,
  PRIMARY KEY (`objid`)
) ENGINE=InnoDB DEFAULT CHARSET=utf8
;


alter table sync_data_pending add constraint `fk_sync_data_pending_sync_data` 
  foreign key (`objid`) references `sync_data` (`objid`)
;

create index ix_expirydate on sync_data_pending(expirydate)
;









/*==================================================
*
*  BATCH GR UPDATES
*
=====================================================*/
drop view if exists vw_batchgr_error;

drop table if exists batchgr_log;
drop table if exists batchgr_error;
drop table if exists batchgr_items_forrevision;
drop table if exists batchgr_error;
drop table if exists batchgr_forprocess;
drop table if exists batchgr_item;
drop table if exists batchgr;

CREATE TABLE `batchgr` (
  `objid` varchar(50) NOT NULL,
  `state` varchar(25) NOT NULL,
  `ry` int(255) NOT NULL,
  `lgu_objid` varchar(50) NOT NULL,
  `barangay_objid` varchar(50) NOT NULL,
  `rputype` varchar(15) DEFAULT NULL,
  `classification_objid` varchar(50) DEFAULT NULL,
  `section` varchar(10) DEFAULT NULL,
  `memoranda` varchar(100) DEFAULT NULL,
  `appraiser_name` varchar(150) DEFAULT NULL,
  `appraiser_dtsigned` date DEFAULT NULL,
  `taxmapper_name` varchar(150) DEFAULT NULL,
  `taxmapper_dtsigned` date DEFAULT NULL,
  `recommender_name` varchar(150) DEFAULT NULL,
  `recommender_dtsigned` date DEFAULT NULL,
  `approver_name` varchar(150) DEFAULT NULL,
  `approver_dtsigned` date DEFAULT NULL,
  PRIMARY KEY (`objid`)
) ENGINE=InnoDB DEFAULT CHARSET=utf8;


create index `ix_barangay_objid` on batchgr(`barangay_objid`);
create index `ix_state` on batchgr(`state`);
create index `fk_lgu_objid` on batchgr(`lgu_objid`);


alter table batchgr add constraint `fk_batchgr_barangay` 
  foreign key (`barangay_objid`) references `barangay` (`objid`);
  
alter table batchgr add constraint `fk_batvchgr_lgu` 
  foreign key (`lgu_objid`) references `sys_org` (`objid`);



CREATE TABLE `batchgr_item` (
  `objid` varchar(50) NOT NULL,
  `parent_objid` varchar(50) NOT NULL,
  `state` varchar(50) NOT NULL,
  `rputype` varchar(15) NOT NULL,
  `tdno` varchar(50) NOT NULL,
  `fullpin` varchar(50) NOT NULL,
  `pin` varchar(50) NOT NULL,
  `suffix` int(255) NOT NULL,
  `newfaasid` varchar(50) DEFAULT NULL,
  `error` text,
  PRIMARY KEY (`objid`)
) ENGINE=InnoDB DEFAULT CHARSET=utf8;

create index `fk_batchgr_item_batchgr` on batchgr_item (`parent_objid`);
create index `fk_batchgr_item_newfaasid` on batchgr_item (`newfaasid`);
create index `fk_batchgr_item_tdno` on batchgr_item (`tdno`);
create index `fk_batchgr_item_pin` on batchgr_item (`pin`);


alter table batchgr_item add constraint `fk_batchgr_item_objid` 
  foreign key (`objid`) references `faas` (`objid`);

alter table batchgr_item add constraint `fk_batchgr_item_batchgr` 
  foreign key (`parent_objid`) references `batchgr` (`objid`);

alter table batchgr_item add constraint `fk_batchgr_item_newfaasid` 
  foreign key (`newfaasid`) references `faas` (`objid`);




alter table faas modify column prevtdno varchar(1000);

create index ix_prevtdno on faas(prevtdno);






create view vw_txn_log 
as 
select 
  distinct
  u.objid as userid, 
  u.name as username, 
  txndate, 
  ref,
  action, 
  1 as cnt 
from txnlog t
inner join sys_user u on t.userid = u.objid 

union 

select 
  u.objid as userid, 
  u.name as username,
  t.enddate as txndate, 
  'faas' as ref,
  case 
    when t.state like '%receiver%' then 'receive'
    when t.state like '%examiner%' then 'examine'
    when t.state like '%taxmapper_chief%' then 'approve taxmap'
    when t.state like '%taxmapper%' then 'taxmap'
    when t.state like '%appraiser%' then 'appraise'
    when t.state like '%appraiser_chief%' then 'approve appraisal'
    when t.state like '%recommender%' then 'recommend'
    when t.state like '%approver%' then 'approve'
    else t.state 
  end action, 
  1 as cnt 
from faas_task t 
inner join sys_user u on t.actor_objid = u.objid 
where t.state not like '%assign%'

union 

select 
  u.objid as userid, 
  u.name as username,
  t.enddate as txndate, 
  'subdivision' as ref,
  case 
    when t.state like '%receiver%' then 'receive'
    when t.state like '%examiner%' then 'examine'
    when t.state like '%taxmapper_chief%' then 'approve taxmap'
    when t.state like '%taxmapper%' then 'taxmap'
    when t.state like '%appraiser%' then 'appraise'
    when t.state like '%appraiser_chief%' then 'approve appraisal'
    when t.state like '%recommender%' then 'recommend'
    when t.state like '%approver%' then 'approve'
    else t.state 
  end action, 
  1 as cnt 
from subdivision_task t 
inner join sys_user u on t.actor_objid = u.objid 
where t.state not like '%assign%'

union 

select 
  u.objid as userid, 
  u.name as username,
  t.enddate as txndate, 
  'consolidation' as ref,
  case 
    when t.state like '%receiver%' then 'receive'
    when t.state like '%examiner%' then 'examine'
    when t.state like '%taxmapper_chief%' then 'approve taxmap'
    when t.state like '%taxmapper%' then 'taxmap'
    when t.state like '%appraiser%' then 'appraise'
    when t.state like '%appraiser_chief%' then 'approve appraisal'
    when t.state like '%recommender%' then 'recommend'
    when t.state like '%approver%' then 'approve'
    else t.state 
  end action, 
  1 as cnt 
from subdivision_task t 
inner join sys_user u on t.actor_objid = u.objid 
where t.state not like '%consolidation%'

union 


select 
  u.objid as userid, 
  u.name as username,
  t.enddate as txndate, 
  'cancelledfaas' as ref,
  case 
    when t.state like '%receiver%' then 'receive'
    when t.state like '%examiner%' then 'examine'
    when t.state like '%taxmapper_chief%' then 'approve taxmap'
    when t.state like '%taxmapper%' then 'taxmap'
    when t.state like '%appraiser%' then 'appraise'
    when t.state like '%appraiser_chief%' then 'approve appraisal'
    when t.state like '%recommender%' then 'recommend'
    when t.state like '%approver%' then 'approve'
    else t.state 
  end action, 
  1 as cnt 
from subdivision_task t 
inner join sys_user u on t.actor_objid = u.objid 
where t.state not like '%cancelledfaas%'
;



/*===================================================
* DELINQUENCY UPDATE 
====================================================*/


alter table report_rptdelinquency_barangay add idx int
;

update report_rptdelinquency_barangay set idx = 0 where idx is null
;


create view vw_faas_lookup
as 
SELECT 
f.*,
e.name as taxpayer_name, 
e.address_text as taxpayer_address,
pc.code AS classification_code, 
pc.code AS classcode, 
pc.name AS classification_name, 
pc.name AS classname, 
r.ry, r.rputype, r.totalmv, r.totalav,
r.totalareasqm, r.totalareaha, r.suffix, r.rpumasterid, 
rp.barangayid, rp.cadastrallotno, rp.blockno, rp.surveyno, rp.pintype, 
rp.section, rp.parcel, rp.stewardshipno, rp.pin, 
b.name AS barangay_name 
FROM faas f 
INNER JOIN faas_list fl on f.objid = fl.objid 
INNER JOIN rpu r ON f.rpuid = r.objid 
INNER JOIN realproperty rp ON f.realpropertyid = rp.objid 
INNER JOIN propertyclassification pc ON r.classification_objid = pc.objid 
INNER JOIN barangay b ON rp.barangayid = b.objid 
INNER JOIN entity e on f.taxpayer_objid = e.objid
;

drop  view if exists vw_rptpayment_item_detail
;

create view vw_rptpayment_item_detail
as 
select
  rpi.objid,
  rpi.parentid,
  rp.refid as rptledgerid, 
  rpi.rptledgerfaasid,
  rpi.year,
  rpi.qtr,
  rpi.revperiod, 
  case when rpi.revtype = 'basic' then rpi.amount else 0 end as basic,
  case when rpi.revtype = 'basic' then rpi.interest else 0 end as basicint,
  case when rpi.revtype = 'basic' then rpi.discount else 0 end as basicdisc,
  case when rpi.revtype = 'basic' then rpi.interest - rpi.discount else 0 end as basicdp,
  case when rpi.revtype = 'basic' then rpi.amount + rpi.interest - rpi.discount else 0 end as basicnet,
  case when rpi.revtype = 'basicidle' then rpi.amount + rpi.interest - rpi.discount else 0 end as basicidle,
  case when rpi.revtype = 'basicidle' then rpi.interest else 0 end as basicidleint,
  case when rpi.revtype = 'basicidle' then rpi.discount else 0 end as basicidledisc,
  case when rpi.revtype = 'basicidle' then rpi.interest - rpi.discount else 0 end as basicidledp,
  case when rpi.revtype = 'sef' then rpi.amount else 0 end as sef,
  case when rpi.revtype = 'sef' then rpi.interest else 0 end as sefint,
  case when rpi.revtype = 'sef' then rpi.discount else 0 end as sefdisc,
  case when rpi.revtype = 'sef' then rpi.interest - rpi.discount else 0 end as sefdp,
  case when rpi.revtype = 'sef' then rpi.amount + rpi.interest - rpi.discount else 0 end as sefnet,
  case when rpi.revtype = 'firecode' then rpi.amount + rpi.interest - rpi.discount else 0 end as firecode,
  case when rpi.revtype = 'sh' then rpi.amount + rpi.interest - rpi.discount else 0 end as sh,
  case when rpi.revtype = 'sh' then rpi.interest else 0 end as shint,
  case when rpi.revtype = 'sh' then rpi.discount else 0 end as shdisc,
  case when rpi.revtype = 'sh' then rpi.interest - rpi.discount else 0 end as shdp,
  rpi.amount + rpi.interest - rpi.discount as amount,
  rpi.partialled as partialled,
  rp.voided 
from rptpayment_item rpi
inner join rptpayment rp on rpi.parentid = rp.objid
;

drop view if exists vw_rptpayment_item 
;

create view vw_rptpayment_item 
as 
select 
    x.rptledgerid, 
    x.parentid,
    x.rptledgerfaasid,
    x.year,
    x.qtr,
    x.revperiod,
    sum(x.basic) as basic,
    sum(x.basicint) as basicint,
    sum(x.basicdisc) as basicdisc,
    sum(x.basicdp) as basicdp,
    sum(x.basicnet) as basicnet,
    sum(x.basicidle) as basicidle,
    sum(x.basicidleint) as basicidleint,
    sum(x.basicidledisc) as basicidledisc,
    sum(x.basicidledp) as basicidledp,
    sum(x.sef) as sef,
    sum(x.sefint) as sefint,
    sum(x.sefdisc) as sefdisc,
    sum(x.sefdp) as sefdp,
    sum(x.sefnet) as sefnet,
    sum(x.firecode) as firecode,
    sum(x.sh) as sh,
    sum(x.shint) as shint,
    sum(x.shdisc) as shdisc,
    sum(x.shdp) as shdp,
    sum(x.amount) as amount,
    max(x.partialled) as partialled,
    x.voided 
from vw_rptpayment_item_detail x
group by 
  x.rptledgerid, 
    x.parentid,
    x.rptledgerfaasid,
    x.year,
    x.qtr,
    x.revperiod,
    x.voided
;



alter table faas drop key ix_canceldate
;


alter table faas modify column canceldate date 
;

create index ix_faas_canceldate on faas(canceldate)
;




alter table machdetail modify column depreciation decimal(16,6)
;

/* 255-03001 */

-- create tables: resection and resection_item

drop table if exists resectionaffectedrpu;
drop table if exists resectionitem;
drop table if exists resection_item;
drop table if exists resection;

CREATE TABLE `resection` (
  `objid` varchar(50) NOT NULL,
  `state` varchar(25) NOT NULL,
  `txnno` varchar(25) NOT NULL,
  `txndate` datetime NOT NULL,
  `lgu_objid` varchar(50) NOT NULL,
  `barangay_objid` varchar(50) NOT NULL,
  `pintype` varchar(3) NOT NULL,
  `section` varchar(3) NOT NULL,
  `originlgu_objid` varchar(50) NOT NULL,
  `memoranda` varchar(255) DEFAULT NULL,
  `taskid` varchar(50) DEFAULT NULL,
  `taskstate` varchar(50) DEFAULT NULL,
  `assignee_objid` varchar(50) DEFAULT NULL,
  PRIMARY KEY (`objid`),
  UNIQUE KEY `ux_resection_txnno` (`txnno`),
  KEY `FK_resection_lgu_org` (`lgu_objid`),
  KEY `FK_resection_barangay_org` (`barangay_objid`),
  KEY `FK_resection_originlgu_org` (`originlgu_objid`),
  KEY `ix_resection_state` (`state`),
  CONSTRAINT `FK_resection_barangay_org` FOREIGN KEY (`barangay_objid`) REFERENCES `sys_org` (`objid`),
  CONSTRAINT `FK_resection_lgu_org` FOREIGN KEY (`lgu_objid`) REFERENCES `sys_org` (`objid`),
  CONSTRAINT `FK_resection_originlgu_org` FOREIGN KEY (`originlgu_objid`) REFERENCES `sys_org` (`objid`)
) ENGINE=InnoDB DEFAULT CHARSET=utf8
;


CREATE TABLE `resection_item` (
  `objid` varchar(50) NOT NULL,
  `parent_objid` varchar(50) NOT NULL,
  `faas_objid` varchar(50) NOT NULL,
  `faas_rputype` varchar(15) NOT NULL,
  `faas_pin` varchar(25) NOT NULL,
  `faas_suffix` int(255) NOT NULL,
  `newfaas_objid` varchar(50) DEFAULT NULL,
  `newfaas_rpuid` varchar(50) DEFAULT NULL,
  `newfaas_rpid` varchar(50) DEFAULT NULL,
  `newfaas_section` varchar(3) DEFAULT NULL,
  `newfaas_parcel` varchar(3) DEFAULT NULL,
  `newfaas_suffix` int(255) DEFAULT NULL,
  `newfaas_tdno` varchar(25) DEFAULT NULL,
  `newfaas_fullpin` varchar(50) DEFAULT NULL,
  PRIMARY KEY (`objid`),
  UNIQUE KEY `ux_resection_item_tdno` (`newfaas_tdno`) USING BTREE,
  KEY `FK_resection_item_item` (`parent_objid`),
  KEY `FK_resection_item_faas` (`faas_objid`),
  KEY `FK_resection_item_newfaas` (`newfaas_objid`),
  KEY `ix_resection_item_fullpin` (`newfaas_fullpin`),
  CONSTRAINT `FK_resection_item_faas` FOREIGN KEY (`faas_objid`) REFERENCES `faas` (`objid`),
  CONSTRAINT `FK_resection_item_item` FOREIGN KEY (`parent_objid`) REFERENCES `resection` (`objid`),
  CONSTRAINT `FK_resection_item_newfaas` FOREIGN KEY (`newfaas_objid`) REFERENCES `faas` (`objid`)
) ENGINE=InnoDB DEFAULT CHARSET=utf8
;


CREATE TABLE `resection_task` (
  `objid` varchar(50) NOT NULL,
  `refid` varchar(50) DEFAULT NULL,
  `parentprocessid` varchar(50) DEFAULT NULL,
  `state` varchar(50) DEFAULT NULL,
  `startdate` datetime DEFAULT NULL,
  `enddate` datetime DEFAULT NULL,
  `assignee_objid` varchar(50) DEFAULT NULL,
  `assignee_name` varchar(100) DEFAULT NULL,
  `assignee_title` varchar(80) DEFAULT NULL,
  `actor_objid` varchar(50) DEFAULT NULL,
  `actor_name` varchar(100) DEFAULT NULL,
  `actor_title` varchar(80) DEFAULT NULL,
  `message` varchar(255) DEFAULT NULL,
  `signature` longtext,
  PRIMARY KEY (`objid`),
  KEY `ix_assignee_objid` (`assignee_objid`),
  KEY `ix_refid` (`refid`)
) ENGINE=InnoDB DEFAULT CHARSET=utf8
; 

delete from sys_wf_transition where processname ='resection';
delete from sys_wf_node where processname ='resection';

INSERT INTO `sys_wf_node` (`name`, `processname`, `title`, `nodetype`, `idx`, `salience`, `domain`, `role`) VALUES ('start', 'resection', 'Start', 'start', '1', NULL, 'RPT', NULL);
INSERT INTO `sys_wf_node` (`name`, `processname`, `title`, `nodetype`, `idx`, `salience`, `domain`, `role`) VALUES ('receiver', 'resection', 'Review and Verification', 'state', '5', NULL, 'RPT', 'RECEIVER');
INSERT INTO `sys_wf_node` (`name`, `processname`, `title`, `nodetype`, `idx`, `salience`, `domain`, `role`) VALUES ('assign-examiner', 'resection', 'For Examination', 'state', '10', NULL, 'RPT', 'EXAMINER');
INSERT INTO `sys_wf_node` (`name`, `processname`, `title`, `nodetype`, `idx`, `salience`, `domain`, `role`) VALUES ('examiner', 'resection', 'Examination', 'state', '15', NULL, 'RPT', 'EXAMINER');
INSERT INTO `sys_wf_node` (`name`, `processname`, `title`, `nodetype`, `idx`, `salience`, `domain`, `role`) VALUES ('assign-taxmapper', 'resection', 'For Taxmapping', 'state', '20', NULL, 'RPT', 'TAXMAPPER');
INSERT INTO `sys_wf_node` (`name`, `processname`, `title`, `nodetype`, `idx`, `salience`, `domain`, `role`) VALUES ('taxmapper', 'resection', 'Taxmapping', 'state', '25', NULL, 'RPT', 'TAXMAPPER');
INSERT INTO `sys_wf_node` (`name`, `processname`, `title`, `nodetype`, `idx`, `salience`, `domain`, `role`) VALUES ('assign-taxmapping-approval', 'resection', 'For Taxmapping Approval', 'state', '30', NULL, 'RPT', 'TAXMAPPER_CHIEF');
INSERT INTO `sys_wf_node` (`name`, `processname`, `title`, `nodetype`, `idx`, `salience`, `domain`, `role`) VALUES ('taxmapper_chief', 'resection', 'Taxmapping Approval', 'state', '35', NULL, 'RPT', 'TAXMAPPER_CHIEF');
INSERT INTO `sys_wf_node` (`name`, `processname`, `title`, `nodetype`, `idx`, `salience`, `domain`, `role`) VALUES ('assign-appraiser', 'resection', 'For Appraisal', 'state', '40', NULL, 'RPT', 'APPRAISER');
INSERT INTO `sys_wf_node` (`name`, `processname`, `title`, `nodetype`, `idx`, `salience`, `domain`, `role`) VALUES ('appraiser', 'resection', 'Appraisal', 'state', '45', NULL, 'RPT', 'APPRAISER');
INSERT INTO `sys_wf_node` (`name`, `processname`, `title`, `nodetype`, `idx`, `salience`, `domain`, `role`) VALUES ('assign-appraisal-chief', 'resection', 'For Appraisal Approval', 'state', '50', NULL, 'RPT', 'APPRAISAL_CHIEF');
INSERT INTO `sys_wf_node` (`name`, `processname`, `title`, `nodetype`, `idx`, `salience`, `domain`, `role`) VALUES ('appraiser_chief', 'resection', 'Appraisal Approval', 'state', '55', NULL, 'RPT', 'APPRAISAL_CHIEF');
INSERT INTO `sys_wf_node` (`name`, `processname`, `title`, `nodetype`, `idx`, `salience`, `domain`, `role`) VALUES ('assign-recommender', 'resection', 'For Recommending Aprpoval', 'state', '70', NULL, 'RPT', 'RECOMMENDER,ASSISTANT_ASSESSOR');
INSERT INTO `sys_wf_node` (`name`, `processname`, `title`, `nodetype`, `idx`, `salience`, `domain`, `role`) VALUES ('recommender', 'resection', 'Assessor Approval', 'state', '75', NULL, 'RPT', 'RECOMMENDER,ASSISTANT_ASSESSOR');
INSERT INTO `sys_wf_node` (`name`, `processname`, `title`, `nodetype`, `idx`, `salience`, `domain`, `role`) VALUES ('assign-approver', 'resection', 'Assign Approver', 'state', '76', NULL, 'RPT', 'APPROVER');
INSERT INTO `sys_wf_node` (`name`, `processname`, `title`, `nodetype`, `idx`, `salience`, `domain`, `role`) VALUES ('approver', 'resection', 'Assessor Approval', 'state', '90', NULL, 'RPT', 'APPROVER');
INSERT INTO `sys_wf_node` (`name`, `processname`, `title`, `nodetype`, `idx`, `salience`, `domain`, `role`) VALUES ('cityapprover', 'resection', 'City Approver', 'state', '100', NULL, 'RPT', 'APPROVER');
INSERT INTO `sys_wf_node` (`name`, `processname`, `title`, `nodetype`, `idx`, `salience`, `domain`, `role`) VALUES ('assign-record', 'resection', 'For Record Section', 'state', '101', NULL, 'RPT', 'RECORD');
INSERT INTO `sys_wf_node` (`name`, `processname`, `title`, `nodetype`, `idx`, `salience`, `domain`, `role`) VALUES ('record', 'resection', 'Record', 'state', '105', NULL, 'RPT', 'RECORD');
INSERT INTO `sys_wf_node` (`name`, `processname`, `title`, `nodetype`, `idx`, `salience`, `domain`, `role`) VALUES ('assign-release', 'resection', 'For Release', 'state', '110', NULL, 'RPT', 'RELEASING');
INSERT INTO `sys_wf_node` (`name`, `processname`, `title`, `nodetype`, `idx`, `salience`, `domain`, `role`) VALUES ('release', 'resection', 'Release', 'state', '115', NULL, 'RPT', 'RELEASING');
INSERT INTO `sys_wf_node` (`name`, `processname`, `title`, `nodetype`, `idx`, `salience`, `domain`, `role`) VALUES ('end', 'resection', 'End', 'end', '1000', NULL, 'RPT', NULL);

INSERT INTO `sys_wf_transition` (`parentid`, `processname`, `action`, `to`, `idx`, `eval`, `properties`, `permission`) VALUES ('start', 'resection', '', 'receiver', '1', NULL, NULL, 'RECEIVER');
INSERT INTO `sys_wf_transition` (`parentid`, `processname`, `action`, `to`, `idx`, `eval`, `properties`, `permission`) VALUES ('receiver', 'resection', 'submit_examiner', 'assign-examiner', '5', NULL, '[caption:\'Submit For Examination\', confirm:\'Submit?\']', 'RECEIVER');
INSERT INTO `sys_wf_transition` (`parentid`, `processname`, `action`, `to`, `idx`, `eval`, `properties`, `permission`) VALUES ('receiver', 'resection', 'submit_taxmapper', 'assign-taxmapper', '5', NULL, '[caption:\'Submit For Taxmapping\', confirm:\'Submit?\']', 'RECEIVER');
INSERT INTO `sys_wf_transition` (`parentid`, `processname`, `action`, `to`, `idx`, `eval`, `properties`, `permission`) VALUES ('receiver', 'resection', 'delete', 'end', '6', NULL, '[caption:\'Delete\', confirm:\'Delete?\', closeonend:true]', 'RECEIVER');
INSERT INTO `sys_wf_transition` (`parentid`, `processname`, `action`, `to`, `idx`, `eval`, `properties`, `permission`) VALUES ('assign-examiner', 'resection', '', 'examiner', '10', NULL, '[caption:\'Assign To Me\', confirm:\'Assign task to you?\']', 'EXAMINER');
INSERT INTO `sys_wf_transition` (`parentid`, `processname`, `action`, `to`, `idx`, `eval`, `properties`, `permission`) VALUES ('examiner', 'resection', 'returnreceiver', 'receiver', '15', NULL, '[caption:\'Return to Receiver\', confirm:\'Return to receiver?\', messagehandler:\'default\']', 'EXAMINER');
INSERT INTO `sys_wf_transition` (`parentid`, `processname`, `action`, `to`, `idx`, `eval`, `properties`, `permission`) VALUES ('examiner', 'resection', 'submit', 'assign-taxmapper', '16', NULL, '[caption:\'Submit for Taxmapping\', confirm:\'Submit?\']', 'EXAMINER');
INSERT INTO `sys_wf_transition` (`parentid`, `processname`, `action`, `to`, `idx`, `eval`, `properties`, `permission`) VALUES ('assign-taxmapper', 'resection', '', 'taxmapper', '20', NULL, '[caption:\'Assign To Me\', confirm:\'Assign task to you?\']', 'TAXMAPPER');
INSERT INTO `sys_wf_transition` (`parentid`, `processname`, `action`, `to`, `idx`, `eval`, `properties`, `permission`) VALUES ('taxmapper', 'resection', 'returnexaminer', 'examiner', '25', NULL, '[caption:\'Return to Examiner\', confirm:\'Return to examiner?\', messagehandler:\'default\']', 'TAXMAPPER');
INSERT INTO `sys_wf_transition` (`parentid`, `processname`, `action`, `to`, `idx`, `eval`, `properties`, `permission`) VALUES ('taxmapper', 'resection', 'submit', 'assign-appraiser', '26', NULL, '[caption:\'Submit for Appraisal\', confirm:\'Submit?\', messagehandler:\'rptmessage:create\']', 'TAXMAPPER');
INSERT INTO `sys_wf_transition` (`parentid`, `processname`, `action`, `to`, `idx`, `eval`, `properties`, `permission`) VALUES ('assign-appraiser', 'resection', '', 'appraiser', '40', NULL, '[caption:\'Assign To Me\', confirm:\'Assign task to you?\']', 'APPRAISER');
INSERT INTO `sys_wf_transition` (`parentid`, `processname`, `action`, `to`, `idx`, `eval`, `properties`, `permission`) VALUES ('appraiser', 'resection', 'returntaxmapper', 'taxmapper', '45', NULL, '[caption:\'Return to Taxmapper\', confirm:\'Return to taxmapper?\', messagehandler:\'default\']', 'APPRAISER');
INSERT INTO `sys_wf_transition` (`parentid`, `processname`, `action`, `to`, `idx`, `eval`, `properties`, `permission`) VALUES ('appraiser', 'resection', 'returnexaminer', 'examiner', '46', NULL, '[caption:\'Return to Examiner\', confirm:\'Return to examiner?\', messagehandler:\'default\']', 'APPRAISER');
INSERT INTO `sys_wf_transition` (`parentid`, `processname`, `action`, `to`, `idx`, `eval`, `properties`, `permission`) VALUES ('appraiser', 'resection', 'submit', 'assign-recommender', '47', NULL, '[caption:\'Submit for Recommending Approval\', confirm:\'Submit?\', messagehandler:\'default\']', 'APPRAISER');
INSERT INTO `sys_wf_transition` (`parentid`, `processname`, `action`, `to`, `idx`, `eval`, `properties`, `permission`) VALUES ('assign-recommender', 'resection', '', 'recommender', '70', NULL, '[caption:\'Assign To Me\', confirm:\'Assign task to you?\']', 'RECOMMENDER');
INSERT INTO `sys_wf_transition` (`parentid`, `processname`, `action`, `to`, `idx`, `eval`, `properties`, `permission`) VALUES ('recommender', 'resection', 'returnexaminer', 'examiner', '75', NULL, '[caption:\'Return to Examiner\', confirm:\'Return to examiner?\', messagehandler:\'default\']', 'RECOMMENDER');
INSERT INTO `sys_wf_transition` (`parentid`, `processname`, `action`, `to`, `idx`, `eval`, `properties`, `permission`) VALUES ('recommender', 'resection', 'returntaxmapper', 'taxmapper', '76', NULL, '[caption:\'Return to Taxmapper\', confirm:\'Return to taxmapper?\', messagehandler:\'default\']', 'RECOMMENDER');
INSERT INTO `sys_wf_transition` (`parentid`, `processname`, `action`, `to`, `idx`, `eval`, `properties`, `permission`) VALUES ('recommender', 'resection', 'returnappraiser', 'appraiser', '77', NULL, '[caption:\'Return to Appraiser\', confirm:\'Return to appraiser?\', messagehandler:\'default\']', 'RECOMMENDER');
INSERT INTO `sys_wf_transition` (`parentid`, `processname`, `action`, `to`, `idx`, `eval`, `properties`, `permission`) VALUES ('recommender', 'resection', 'submit', 'assign-approver', '78', NULL, '[caption:\'Submit to Assessor\', confirm:\'Submit to Assessor Approval\', messagehandler:\'default\']', 'RECOMMENDER');
INSERT INTO `sys_wf_transition` (`parentid`, `processname`, `action`, `to`, `idx`, `eval`, `properties`, `permission`) VALUES ('assign-approver', 'resection', '', 'approver', '80', NULL, '[caption:\'Assign to Me\', confirm:\'Assign task to you?\']', 'APPROVER');
INSERT INTO `sys_wf_transition` (`parentid`, `processname`, `action`, `to`, `idx`, `eval`, `properties`, `permission`) VALUES ('approver', 'resection', 'approve', 'cityapprover', '81', NULL, '[caption:\'Approve\', confirm:\'Assign task to you?\', messagehandler:\'default\']', 'APPROVER');
INSERT INTO `sys_wf_transition` (`parentid`, `processname`, `action`, `to`, `idx`, `eval`, `properties`, `permission`) VALUES ('approver', 'resection', 'return_recommender', 'recommender', '82', NULL, '[caption:\'Return to Recommender\',confirm:\'Return to Recommender?\', messagehandler:\'default\']', 'APPROVER');
INSERT INTO `sys_wf_transition` (`parentid`, `processname`, `action`, `to`, `idx`, `eval`, `properties`, `permission`) VALUES ('approver', 'resection', 'return_taxmapper', 'taxmapper', '83', NULL, '[caption:\'Return to Taxmapper\',confirm:\'Return to Taxmapper?\', messagehandler:\'default\']', 'APPROVER');
INSERT INTO `sys_wf_transition` (`parentid`, `processname`, `action`, `to`, `idx`, `eval`, `properties`, `permission`) VALUES ('approver', 'resection', 'return_appraiser', 'appraiser', '84', NULL, '[caption:\'Return to Appraiser\',confirm:\'Return to Appraiser?\', messagehandler:\'default\']', 'APPROVER');
INSERT INTO `sys_wf_transition` (`parentid`, `processname`, `action`, `to`, `idx`, `eval`, `properties`, `permission`) VALUES ('cityapprover', 'resection', 'backapprover', 'approver', '85', NULL, '[caption:\'Cancel Posting\', confirm:\'Cancel posting record?\']', 'APPROVER');
INSERT INTO `sys_wf_transition` (`parentid`, `processname`, `action`, `to`, `idx`, `eval`, `properties`, `permission`) VALUES ('cityapprover', 'resection', 'completed', 'assign-record', '95', NULL, '[caption:\'Approved\', visible:false]', '');
INSERT INTO `sys_wf_transition` (`parentid`, `processname`, `action`, `to`, `idx`, `eval`, `properties`, `permission`) VALUES ('assign-record', 'resection', '', 'record', '105', NULL, '[caption:\'Assign To Me\', confirm:\'Assign task to you?\']', '');
INSERT INTO `sys_wf_transition` (`parentid`, `processname`, `action`, `to`, `idx`, `eval`, `properties`, `permission`) VALUES ('record', 'resection', 'submit', 'assign-release', '110', NULL, '[caption:\'Submit for Releasing\',confirm:\'Submit for releasing?\',messagehandler:\'default\']', '');
INSERT INTO `sys_wf_transition` (`parentid`, `processname`, `action`, `to`, `idx`, `eval`, `properties`, `permission`) VALUES ('assign-release', 'resection', '', 'release', '115', NULL, '[caption:\'Assign To Me\', confirm:\'Assign task to you?\']', '');
INSERT INTO `sys_wf_transition` (`parentid`, `processname`, `action`, `to`, `idx`, `eval`, `properties`, `permission`) VALUES ('release', 'resection', 'submit', 'end', '120', NULL, '[caption:\'Receive Documents\',confirm:\'Receive documents?\',messagehandler:\'default\', closeonend:false]', '');

/* 255-03001 */
alter table rptcertification add properties text;

	
alter table faas_signatory 
    add reviewer_objid varchar(50),
    add reviewer_name varchar(100),
    add reviewer_title varchar(75),
    add reviewer_dtsigned datetime,
    add reviewer_taskid varchar(50),
    add assessor_name varchar(100),
    add assessor_title varchar(100);

alter table cancelledfaas_signatory 
    add reviewer_objid varchar(50),
    add reviewer_name varchar(100),
    add reviewer_title varchar(75),
    add reviewer_dtsigned datetime,
    add reviewer_taskid varchar(50),
    add assessor_name varchar(100),
    add assessor_title varchar(100);



    

drop TABLE if exists `rptacknowledgement_item`
;

drop TABLE if exists `rptacknowledgement`
;

CREATE TABLE `rptacknowledgement` (
  `objid` varchar(50) NOT NULL,
  `state` varchar(25) NOT NULL,
  `txnno` varchar(25) NOT NULL,
  `txndate` datetime DEFAULT NULL,
  `taxpayer_objid` varchar(50) DEFAULT NULL,
  `txntype_objid` varchar(50) DEFAULT NULL,
  `releasedate` datetime DEFAULT NULL,
  `releasemode` varchar(50) DEFAULT NULL,
  `receivedby` varchar(255) DEFAULT NULL,
  `remarks` varchar(255) DEFAULT NULL,
  `pin` varchar(25) DEFAULT NULL,
  `createdby_objid` varchar(50) DEFAULT NULL,
  `createdby_name` varchar(150) DEFAULT NULL,
  `createdby_title` varchar(100) DEFAULT NULL,
  `dtchecked` datetime DEFAULT NULL,
  PRIMARY KEY (`objid`),
  UNIQUE KEY `ux_rptacknowledgement_txnno` (`txnno`),
  KEY `ix_rptacknowledgement_pin` (`pin`),
  KEY `ix_rptacknowledgement_taxpayerid` (`taxpayer_objid`),
  KEY `ix_rptacknowledgement_createdby_objid` (`createdby_objid`),
  KEY `ix_rptacknowledgement_createdby_name` (`createdby_name`)
) ENGINE=InnoDB DEFAULT CHARSET=utf8
;

CREATE TABLE `rptacknowledgement_item` (
  `objid` varchar(50) NOT NULL,
  `parent_objid` varchar(50) NOT NULL,
  `trackingno` varchar(25) DEFAULT NULL,
  `ref_objid` varchar(50) DEFAULT NULL,
  `newfaas_objid` varchar(50) DEFAULT NULL,
  `remarks` varchar(255) DEFAULT NULL,
  `reftype` varchar(50) DEFAULT NULL,
  `refno` varchar(50) DEFAULT NULL,
  PRIMARY KEY (`objid`),
  UNIQUE KEY `ux_rptacknowledgement_itemno` (`trackingno`),
  KEY `ix_rptacknowledgement_parentid` (`parent_objid`),
  KEY `ix_rptacknowledgement_item_faasid` (`ref_objid`),
  KEY `ix_rptacknowledgement_item_newfaasid` (`newfaas_objid`),
  CONSTRAINT `fk_rptacknowledgement_item_rptacknowledgement` FOREIGN KEY (`parent_objid`) REFERENCES `rptacknowledgement` (`objid`)
) ENGINE=InnoDB DEFAULT CHARSET=utf8
;


drop view if exists vw_faas_lookup 
;


CREATE view vw_faas_lookup AS 
select 
  fl.objid AS objid,
  fl.state AS state,
  fl.rpuid AS rpuid,
  fl.utdno AS utdno,
  fl.tdno AS tdno,
  fl.txntype_objid AS txntype_objid,
  fl.effectivityyear AS effectivityyear,
  fl.effectivityqtr AS effectivityqtr,
  fl.taxpayer_objid AS taxpayer_objid,
  fl.owner_name AS owner_name,
  fl.owner_address AS owner_address,
  fl.prevtdno AS prevtdno,
  fl.cancelreason AS cancelreason,
  fl.cancelledbytdnos AS cancelledbytdnos,
  fl.lguid AS lguid,
  fl.realpropertyid AS realpropertyid,
  fl.displaypin AS fullpin,
  fl.originlguid AS originlguid,
  e.name AS taxpayer_name,
  e.address_text AS taxpayer_address,
  pc.code AS classification_code,
  pc.code AS classcode,
  pc.name AS classification_name,
  pc.name AS classname,
  fl.ry AS ry,
  fl.rputype AS rputype,
  fl.totalmv AS totalmv,
  fl.totalav AS totalav,
  fl.totalareasqm AS totalareasqm,
  fl.totalareaha AS totalareaha,
  fl.barangayid AS barangayid,
  fl.cadastrallotno AS cadastrallotno,
  fl.blockno AS blockno,
  fl.surveyno AS surveyno,
  fl.pin AS pin,
  fl.barangay AS barangay_name,
  fl.trackingno
from faas_list fl
left join propertyclassification pc on fl.classification_objid = pc.objid
left join entity e on fl.taxpayer_objid = e.objid
;


alter table faas modify column prevtdno varchar(800);
alter table faas_list  
  modify column prevtdno varchar(800),
  modify column owner_name varchar(5000),
  modify column cadastrallotno varchar(900);



create index ix_faaslist_txntype_objid on faas_list(txntype_objid);



alter table rptledger modify column prevtdno varchar(800);
create index ix_rptledger_prevtdno on rptledger(prevtdno);
create index ix_rptledgerfaas_tdno on rptledgerfaas(tdno);

  
alter table rptledger modify column owner_name varchar(1500) not null;
create index ix_rptledger_owner_name on rptledger(owner_name);
  /* SUBLEDGER : add beneficiary info */

alter table rptledger add beneficiary_objid varchar(50);
create index ix_beneficiary_objid on rptledger(beneficiary_objid);


/* COMPROMISE UPDATE */
alter table rptcompromise_item add qtr int;

/* 255-03012 */

/*=====================================
* LEDGER TAG
=====================================*/
CREATE TABLE `rptledger_tag` (
  `objid` varchar(50) NOT NULL,
  `parent_objid` varchar(50) NOT NULL,
  `tag` varchar(255) NOT NULL,
  PRIMARY KEY (`objid`),
  KEY `FK_rptledgertag_rptledger` (`parent_objid`),
  UNIQUE KEY `ux_rptledger_tag` (`parent_objid`,`tag`),
  CONSTRAINT `FK_rptledgertag_rptledger` FOREIGN KEY (`parent_objid`) REFERENCES `rptledger` (`objid`)
) ENGINE=InnoDB DEFAULT CHARSET=utf8
;


/* 255-03013 */
alter table resection_item add newfaas_claimno varchar(25);
alter table resection_item add faas_claimno varchar(25);

/* 255-03015 */

CREATE TABLE `rptcertification_online` (
  `objid` varchar(50) NOT NULL,
  `state` varchar(25) NOT NULL,
  `reftype` varchar(25) NOT NULL,
  `refid` varchar(50) NOT NULL,
  `refno` varchar(50) NOT NULL,
  `refdate` date NOT NULL,
  `orno` varchar(25) DEFAULT NULL,
  `ordate` date DEFAULT NULL,
  `oramount` decimal(16,2) DEFAULT NULL,
  PRIMARY KEY (`objid`),
  KEY `ix_state` (`state`),
  KEY `ix_refid` (`refid`),
  KEY `ix_refno` (`refno`),
  KEY `ix_orno` (`orno`),
  CONSTRAINT `fk_rptcertification_online_rptcertification` FOREIGN KEY (`objid`) REFERENCES `rptcertification` (`objid`)
) ENGINE=InnoDB DEFAULT CHARSET=utf8
;


CREATE TABLE `assessmentnotice_online` (
  `objid` varchar(50) NOT NULL,
  `state` varchar(25) NOT NULL,
  `reftype` varchar(25) NOT NULL,
  `refid` varchar(50) NOT NULL,
  `refno` varchar(50) NOT NULL,
  `refdate` date NOT NULL,
  `orno` varchar(25) DEFAULT NULL,
  `ordate` date DEFAULT NULL,
  `oramount` decimal(16,2) DEFAULT NULL,
  PRIMARY KEY (`objid`),
  KEY `ix_state` (`state`),
  KEY `ix_refid` (`refid`),
  KEY `ix_refno` (`refno`),
  KEY `ix_orno` (`orno`),
  CONSTRAINT `fk_assessmentnotice_online_assessmentnotice` FOREIGN KEY (`objid`) REFERENCES `assessmentnotice` (`objid`)
) ENGINE=InnoDB DEFAULT CHARSET=utf8
;



/*===============================================================
**
** FAAS ANNOTATION
**
===============================================================*/
CREATE TABLE `faasannotation_faas` (
  `objid` varchar(50) NOT NULL,
  `parent_objid` varchar(50) NOT NULL,
  `faas_objid` varchar(50) NOT NULL,
  PRIMARY KEY (`objid`)
) ENGINE=InnoDB DEFAULT CHARSET=utf8
;


alter table faasannotation_faas 
add constraint fk_faasannotationfaas_faasannotation foreign key(parent_objid)
references faasannotation (objid)
;

alter table faasannotation_faas 
add constraint fk_faasannotationfaas_faas foreign key(faas_objid)
references faas (objid)
;

create index ix_parent_objid on faasannotation_faas(parent_objid)
;

create index ix_faas_objid on faasannotation_faas(faas_objid)
;


create unique index ux_parent_faas on faasannotation_faas(parent_objid, faas_objid)
;

alter table faasannotation modify column faasid varchar(50) null
;



-- insert annotated faas
insert into faasannotation_faas(
  objid, 
  parent_objid,
  faas_objid 
)
select 
  objid, 
  objid as parent_objid,
  faasid as faas_objid 
from faasannotation
;



/*============================================
*
*  LEDGER FAAS FACTS
*
=============================================*/
INSERT INTO `sys_var` (`name`, `value`, `description`, `datatype`, `category`) 
VALUES ('rptledger_rule_include_ledger_faases', '0', 'Include Ledger FAASes as rule facts', 'checkbox', 'LANDTAX')
;

INSERT INTO `sys_var` (`name`, `value`, `description`, `datatype`, `category`) 
VALUES ('rptledger_post_ledgerfaas_by_actualuse', '0', 'Post by Ledger FAAS by actual use', 'checkbox', 'LANDTAX')
;

/* 255-03016 */

/*================================================================
*
* RPTLEDGER REDFLAG
*
================================================================*/

CREATE TABLE `rptledger_redflag` (
  `objid` varchar(50) NOT NULL,
  `parent_objid` varchar(50) NOT NULL,
  `state` varchar(25) NOT NULL,
  `caseno` varchar(25) NULL,
  `dtfiled` datetime NULL,
  `type` varchar(25) NOT NULL,
  `finding` text,
  `remarks` text,
  `blockaction` varchar(25) DEFAULT NULL,
  `filedby_objid` varchar(50) DEFAULT NULL,
  `filedby_name` varchar(255) DEFAULT NULL,
  `filedby_title` varchar(50) DEFAULT NULL,
  `resolvedby_objid` varchar(50) DEFAULT NULL,
  `resolvedby_name` varchar(255) DEFAULT NULL,
  `resolvedby_title` varchar(50) DEFAULT NULL,
  `dtresolved` datetime NULL,
  PRIMARY KEY (`objid`)
) ENGINE=InnoDB DEFAULT CHARSET=utf8
;

create index ix_parent_objid on rptledger_redflag(parent_objid)
;
create index ix_state on rptledger_redflag(state)
;
create unique index ux_caseno on rptledger_redflag(caseno)
;
create index ix_type on rptledger_redflag(type)
;
create index ix_filedby_objid on rptledger_redflag(filedby_objid)
;
create index ix_resolvedby_objid on rptledger_redflag(resolvedby_objid)
;

alter table rptledger_redflag 
add constraint fk_rptledger_redflag_rptledger foreign key (parent_objid)
references rptledger(objid)
;

alter table rptledger_redflag 
add constraint fk_rptledger_redflag_filedby foreign key (filedby_objid)
references sys_user(objid)
;

alter table rptledger_redflag 
add constraint fk_rptledger_redflag_resolvedby foreign key (resolvedby_objid)
references sys_user(objid)
;





/*==================================================
* RETURNED TASK 
==================================================*/
alter table faas_task add returnedby varchar(100)
;
alter table subdivision_task add returnedby varchar(100)
;
alter table consolidation_task add returnedby varchar(100)
;
alter table cancelledfaas_task add returnedby varchar(100)
;
alter table resection_task add returnedby varchar(100)
;



/* 255-03017 */

/*================================================================
*
* LANDTAX SHARE POSTING
*
================================================================*/

alter table rptpayment_share 
	add iscommon int,
	add `year` int
;

update rptpayment_share set iscommon = 0 where iscommon is null 
;


CREATE TABLE `cashreceipt_rpt_share_forposting` (
  `objid` varchar(50) NOT NULL,
  `receiptid` varchar(50) NOT NULL,
  `rptledgerid` varchar(50) NOT NULL,
  `txndate` datetime NOT NULL,
  `error` int(255) NOT NULL,
  `msg` text,
  PRIMARY KEY (`objid`)
) ENGINE=InnoDB DEFAULT CHARSET=utf8
;


create UNIQUE index `ux_receiptid_rptledgerid` on cashreceipt_rpt_share_forposting (`receiptid`,`rptledgerid`)
;
create index `fk_cashreceipt_rpt_share_forposing_rptledger` on cashreceipt_rpt_share_forposting (`rptledgerid`)
;
create index `fk_cashreceipt_rpt_share_forposing_cashreceipt` on cashreceipt_rpt_share_forposting (`receiptid`)
;

alter table cashreceipt_rpt_share_forposting add CONSTRAINT `fk_cashreceipt_rpt_share_forposing_rptledger` 
FOREIGN KEY (`rptledgerid`) REFERENCES `rptledger` (`objid`)
;
alter table cashreceipt_rpt_share_forposting add CONSTRAINT `fk_cashreceipt_rpt_share_forposing_cashreceipt` 
FOREIGN KEY (`receiptid`) REFERENCES `cashreceipt` (`objid`)
;




/*==================================================
**
** BLDG DATE CONSTRUCTED SUPPORT 
**
===================================================*/

alter table bldgrpu add dtconstructed date;

delete from sys_wf_transition where processname = 'batchgr'
;
delete from sys_wf_node where processname = 'batchgr'
;

INSERT INTO `sys_wf_node` (`name`, `processname`, `title`, `nodetype`, `idx`, `salience`, `domain`, `role`, `properties`, `ui`, `tracktime`) VALUES ('start', 'batchgr', 'Start', 'start', '1', NULL, 'RPT', NULL, NULL, NULL, NULL);
INSERT INTO `sys_wf_node` (`name`, `processname`, `title`, `nodetype`, `idx`, `salience`, `domain`, `role`, `properties`, `ui`, `tracktime`) VALUES ('assign-receiver', 'batchgr', 'For Review and Verification', 'state', '2', NULL, 'RPT', 'RECEIVER', NULL, NULL, NULL);
INSERT INTO `sys_wf_node` (`name`, `processname`, `title`, `nodetype`, `idx`, `salience`, `domain`, `role`, `properties`, `ui`, `tracktime`) VALUES ('receiver', 'batchgr', 'Review and Verification', 'state', '5', NULL, 'RPT', 'RECEIVER', NULL, NULL, NULL);
INSERT INTO `sys_wf_node` (`name`, `processname`, `title`, `nodetype`, `idx`, `salience`, `domain`, `role`, `properties`, `ui`, `tracktime`) VALUES ('assign-examiner', 'batchgr', 'For Examination', 'state', '10', NULL, 'RPT', 'EXAMINER', NULL, NULL, NULL);
INSERT INTO `sys_wf_node` (`name`, `processname`, `title`, `nodetype`, `idx`, `salience`, `domain`, `role`, `properties`, `ui`, `tracktime`) VALUES ('examiner', 'batchgr', 'Examination', 'state', '15', NULL, 'RPT', 'EXAMINER', NULL, NULL, NULL);
INSERT INTO `sys_wf_node` (`name`, `processname`, `title`, `nodetype`, `idx`, `salience`, `domain`, `role`, `properties`, `ui`, `tracktime`) VALUES ('assign-taxmapper', 'batchgr', 'For Taxmapping', 'state', '20', NULL, 'RPT', 'TAXMAPPER', NULL, NULL, NULL);
INSERT INTO `sys_wf_node` (`name`, `processname`, `title`, `nodetype`, `idx`, `salience`, `domain`, `role`, `properties`, `ui`, `tracktime`) VALUES ('assign-provtaxmapper', 'batchgr', 'For Taxmapping', 'state', '20', NULL, 'RPT', 'TAXMAPPER', NULL, NULL, NULL);
INSERT INTO `sys_wf_node` (`name`, `processname`, `title`, `nodetype`, `idx`, `salience`, `domain`, `role`, `properties`, `ui`, `tracktime`) VALUES ('taxmapper', 'batchgr', 'Taxmapping', 'state', '25', NULL, 'RPT', 'TAXMAPPER', NULL, NULL, NULL);
INSERT INTO `sys_wf_node` (`name`, `processname`, `title`, `nodetype`, `idx`, `salience`, `domain`, `role`, `properties`, `ui`, `tracktime`) VALUES ('provtaxmapper', 'batchgr', 'Taxmapping', 'state', '25', NULL, 'RPT', 'TAXMAPPER', NULL, NULL, NULL);
INSERT INTO `sys_wf_node` (`name`, `processname`, `title`, `nodetype`, `idx`, `salience`, `domain`, `role`, `properties`, `ui`, `tracktime`) VALUES ('assign-taxmapping-approval', 'batchgr', 'For Taxmapping Approval', 'state', '30', NULL, 'RPT', 'TAXMAPPER_CHIEF', NULL, NULL, NULL);
INSERT INTO `sys_wf_node` (`name`, `processname`, `title`, `nodetype`, `idx`, `salience`, `domain`, `role`, `properties`, `ui`, `tracktime`) VALUES ('taxmapper_chief', 'batchgr', 'Taxmapping Approval', 'state', '35', NULL, 'RPT', 'TAXMAPPER_CHIEF', NULL, NULL, NULL);
INSERT INTO `sys_wf_node` (`name`, `processname`, `title`, `nodetype`, `idx`, `salience`, `domain`, `role`, `properties`, `ui`, `tracktime`) VALUES ('assign-appraiser', 'batchgr', 'For Appraisal', 'state', '40', NULL, 'RPT', 'APPRAISER', NULL, NULL, NULL);
INSERT INTO `sys_wf_node` (`name`, `processname`, `title`, `nodetype`, `idx`, `salience`, `domain`, `role`, `properties`, `ui`, `tracktime`) VALUES ('assign-provappraiser', 'batchgr', 'For Appraisal', 'state', '40', NULL, 'RPT', 'APPRAISER', NULL, NULL, NULL);
INSERT INTO `sys_wf_node` (`name`, `processname`, `title`, `nodetype`, `idx`, `salience`, `domain`, `role`, `properties`, `ui`, `tracktime`) VALUES ('appraiser', 'batchgr', 'Appraisal', 'state', '45', NULL, 'RPT', 'APPRAISER', NULL, NULL, NULL);
INSERT INTO `sys_wf_node` (`name`, `processname`, `title`, `nodetype`, `idx`, `salience`, `domain`, `role`, `properties`, `ui`, `tracktime`) VALUES ('provappraiser', 'batchgr', 'Appraisal', 'state', '45', NULL, 'RPT', 'APPRAISER', NULL, NULL, NULL);
INSERT INTO `sys_wf_node` (`name`, `processname`, `title`, `nodetype`, `idx`, `salience`, `domain`, `role`, `properties`, `ui`, `tracktime`) VALUES ('assign-appraisal-chief', 'batchgr', 'For Appraisal Approval', 'state', '50', NULL, 'RPT', 'APPRAISAL_CHIEF', NULL, NULL, NULL);
INSERT INTO `sys_wf_node` (`name`, `processname`, `title`, `nodetype`, `idx`, `salience`, `domain`, `role`, `properties`, `ui`, `tracktime`) VALUES ('appraiser_chief', 'batchgr', 'Appraisal Approval', 'state', '55', NULL, 'RPT', 'APPRAISAL_CHIEF', NULL, NULL, NULL);
INSERT INTO `sys_wf_node` (`name`, `processname`, `title`, `nodetype`, `idx`, `salience`, `domain`, `role`, `properties`, `ui`, `tracktime`) VALUES ('assign-recommender', 'batchgr', 'For Recommending Approval', 'state', '70', NULL, 'RPT', 'RECOMMENDER,ASSESSOR', NULL, NULL, NULL);
INSERT INTO `sys_wf_node` (`name`, `processname`, `title`, `nodetype`, `idx`, `salience`, `domain`, `role`, `properties`, `ui`, `tracktime`) VALUES ('recommender', 'batchgr', 'Recommending Approval', 'state', '75', NULL, 'RPT', 'RECOMMENDER,ASSESSOR', NULL, NULL, NULL);
INSERT INTO `sys_wf_node` (`name`, `processname`, `title`, `nodetype`, `idx`, `salience`, `domain`, `role`, `properties`, `ui`, `tracktime`) VALUES ('forprovsubmission', 'batchgr', 'For Province Submission', 'state', '80', NULL, 'RPT', 'RECOMMENDER,ASSESSOR', NULL, NULL, NULL);
INSERT INTO `sys_wf_node` (`name`, `processname`, `title`, `nodetype`, `idx`, `salience`, `domain`, `role`, `properties`, `ui`, `tracktime`) VALUES ('forprovapproval', 'batchgr', 'For Province Approval', 'state', '81', NULL, 'RPT', 'RECOMMENDER,ASSESSOR', NULL, NULL, NULL);
INSERT INTO `sys_wf_node` (`name`, `processname`, `title`, `nodetype`, `idx`, `salience`, `domain`, `role`, `properties`, `ui`, `tracktime`) VALUES ('forapproval', 'batchgr', 'Provincial Assessor Approval', 'state', '85', NULL, 'RPT', 'APPROVER,ASSESSOR', NULL, NULL, NULL);
INSERT INTO `sys_wf_node` (`name`, `processname`, `title`, `nodetype`, `idx`, `salience`, `domain`, `role`, `properties`, `ui`, `tracktime`) VALUES ('assign-approver', 'batchgr', 'For Provincial Assessor Approval', 'state', '90', NULL, 'RPT', 'APPROVER,ASSESSOR', NULL, NULL, NULL);
INSERT INTO `sys_wf_node` (`name`, `processname`, `title`, `nodetype`, `idx`, `salience`, `domain`, `role`, `properties`, `ui`, `tracktime`) VALUES ('approver', 'batchgr', 'Provincial Assessor Approval', 'state', '95', NULL, 'RPT', 'APPROVER,ASSESSOR', NULL, NULL, NULL);
INSERT INTO `sys_wf_node` (`name`, `processname`, `title`, `nodetype`, `idx`, `salience`, `domain`, `role`, `properties`, `ui`, `tracktime`) VALUES ('provapprover', 'batchgr', 'Approved By Province', 'state', '96', NULL, 'RPT', 'APPROVER', NULL, NULL, NULL);
INSERT INTO `sys_wf_node` (`name`, `processname`, `title`, `nodetype`, `idx`, `salience`, `domain`, `role`, `properties`, `ui`, `tracktime`) VALUES ('end', 'batchgr', 'End', 'end', '1000', NULL, 'RPT', NULL, NULL, NULL, NULL);

INSERT INTO `sys_wf_transition` (`parentid`, `processname`, `action`, `to`, `idx`, `eval`, `properties`, `permission`, `caption`, `ui`) VALUES ('start', 'batchgr', '', 'assign-receiver', '1', NULL, NULL, NULL, NULL, NULL);
INSERT INTO `sys_wf_transition` (`parentid`, `processname`, `action`, `to`, `idx`, `eval`, `properties`, `permission`, `caption`, `ui`) VALUES ('assign-receiver', 'batchgr', '', 'receiver', '2', NULL, '[caption:\'Assign To Me\', confirm:\'Assign task to you?\']', NULL, NULL, NULL);
INSERT INTO `sys_wf_transition` (`parentid`, `processname`, `action`, `to`, `idx`, `eval`, `properties`, `permission`, `caption`, `ui`) VALUES ('receiver', 'batchgr', 'submit', 'assign-provtaxmapper', '5', NULL, '[caption:\'Submit For Taxmapping\', confirm:\'Submit?\']', NULL, NULL, NULL);
INSERT INTO `sys_wf_transition` (`parentid`, `processname`, `action`, `to`, `idx`, `eval`, `properties`, `permission`, `caption`, `ui`) VALUES ('assign-examiner', 'batchgr', '', 'examiner', '10', NULL, '[caption:\'Assign To Me\', confirm:\'Assign task to you?\']', NULL, NULL, NULL);
INSERT INTO `sys_wf_transition` (`parentid`, `processname`, `action`, `to`, `idx`, `eval`, `properties`, `permission`, `caption`, `ui`) VALUES ('examiner', 'batchgr', 'returnreceiver', 'receiver', '15', NULL, '[caption:\'Return to Receiver\', confirm:\'Return to receiver?\', messagehandler:\'default\']', NULL, NULL, NULL);
INSERT INTO `sys_wf_transition` (`parentid`, `processname`, `action`, `to`, `idx`, `eval`, `properties`, `permission`, `caption`, `ui`) VALUES ('examiner', 'batchgr', 'submit', 'assign-provtaxmapper', '16', NULL, '[caption:\'Submit for Approval\', confirm:\'Submit?\']', NULL, NULL, NULL);
INSERT INTO `sys_wf_transition` (`parentid`, `processname`, `action`, `to`, `idx`, `eval`, `properties`, `permission`, `caption`, `ui`) VALUES ('assign-provtaxmapper', 'batchgr', '', 'provtaxmapper', '20', NULL, '[caption:\'Assign To Me\', confirm:\'Assign task to you?\']', NULL, NULL, NULL);
INSERT INTO `sys_wf_transition` (`parentid`, `processname`, `action`, `to`, `idx`, `eval`, `properties`, `permission`, `caption`, `ui`) VALUES ('provtaxmapper', 'batchgr', 'returnexaminer', 'examiner', '25', NULL, '[caption:\'Return to Examiner\', confirm:\'Return to examiner?\', messagehandler:\'default\']', NULL, NULL, NULL);
INSERT INTO `sys_wf_transition` (`parentid`, `processname`, `action`, `to`, `idx`, `eval`, `properties`, `permission`, `caption`, `ui`) VALUES ('provtaxmapper', 'batchgr', 'submit', 'assign-provappraiser', '26', NULL, '[caption:\'Submit for Approval\', confirm:\'Submit?\', messagehandler:\'rptmessage:sign\']', NULL, NULL, NULL);
INSERT INTO `sys_wf_transition` (`parentid`, `processname`, `action`, `to`, `idx`, `eval`, `properties`, `permission`, `caption`, `ui`) VALUES ('assign-provappraiser', 'batchgr', '', 'provappraiser', '40', NULL, '[caption:\'Assign To Me\', confirm:\'Assign task to you?\']', NULL, NULL, NULL);
INSERT INTO `sys_wf_transition` (`parentid`, `processname`, `action`, `to`, `idx`, `eval`, `properties`, `permission`, `caption`, `ui`) VALUES ('provappraiser', 'batchgr', 'returntaxmapper', 'provtaxmapper', '45', NULL, '[caption:\'Return to Taxmapper\', confirm:\'Return to taxmapper?\', messagehandler:\'default\']', NULL, NULL, NULL);
INSERT INTO `sys_wf_transition` (`parentid`, `processname`, `action`, `to`, `idx`, `eval`, `properties`, `permission`, `caption`, `ui`) VALUES ('provappraiser', 'batchgr', 'returnexaminer', 'examiner', '46', NULL, '[caption:\'Return to Examiner\', confirm:\'Return to examiner?\', messagehandler:\'default\']', NULL, NULL, NULL);
INSERT INTO `sys_wf_transition` (`parentid`, `processname`, `action`, `to`, `idx`, `eval`, `properties`, `permission`, `caption`, `ui`) VALUES ('provappraiser', 'batchgr', 'submit', 'assign-approver', '47', NULL, '[caption:\'Submit for Approval\', confirm:\'Submit?\', messagehandler:\'rptmessage:sign\']', NULL, NULL, NULL);
INSERT INTO `sys_wf_transition` (`parentid`, `processname`, `action`, `to`, `idx`, `eval`, `properties`, `permission`, `caption`, `ui`) VALUES ('assign-approver', 'batchgr', '', 'approver', '70', NULL, '[caption:\'Assign To Me\', confirm:\'Assign task to you?\']', NULL, NULL, NULL);
INSERT INTO `sys_wf_transition` (`parentid`, `processname`, `action`, `to`, `idx`, `eval`, `properties`, `permission`, `caption`, `ui`) VALUES ('approver', 'batchgr', 'approve', 'provapprover', '90', NULL, '[caption:\'Approve\', confirm:\'Approve record?\', messagehandler:\'rptmessage:sign\']', NULL, NULL, NULL);
INSERT INTO `sys_wf_transition` (`parentid`, `processname`, `action`, `to`, `idx`, `eval`, `properties`, `permission`, `caption`, `ui`) VALUES ('provapprover', 'batchgr', 'backforprovapproval', 'approver', '95', NULL, '[caption:\'Cancel Posting\', confirm:\'Cancel posting record?\']', NULL, NULL, NULL);
INSERT INTO `sys_wf_transition` (`parentid`, `processname`, `action`, `to`, `idx`, `eval`, `properties`, `permission`, `caption`, `ui`) VALUES ('provapprover', 'batchgr', 'completed', 'end', '100', NULL, '[caption:\'Approved\', visible:false]', NULL, NULL, NULL);

/* 255-03018 */

/*==================================================
**
** ONLINE BATCH GR 
**
===================================================*/
drop table if exists zz_tmp_batchgr_item 
;
drop table if exists zz_tmp_batchgr
;

create table zz_tmp_batchgr 
select * from batchgr
;

create table zz_tmp_batchgr_item 
select * from batchgr_item
;

drop table if exists batchgr_task
;

alter table batchgr 
  add txntype_objid varchar(50),
  add txnno varchar(25),
  add txndate datetime,
  add effectivityyear int,
  add effectivityqtr int,
  add originlgu_objid varchar(50)
;


create index ix_ry on batchgr(ry)
;
create index ix_txnno on batchgr(txnno)
;
create index ix_classificationid on batchgr(classification_objid)
;
create index ix_section on batchgr(section)
;

alter table batchgr 
add constraint fk_batchgr_lguid foreign key(lgu_objid) 
references sys_org(objid)
;

alter table batchgr 
add constraint fk_batchgr_barangayid foreign key(barangay_objid) 
references sys_org(objid)
;

alter table batchgr 
add constraint fk_batchgr_classificationid foreign key(classification_objid) 
references propertyclassification(objid)
;


alter table batchgr_item add subsuffix int
;

alter table batchgr_item 
add constraint fk_batchgr_item_faas foreign key(objid) 
references faas(objid)
;

create table `batchgr_task` (
  `objid` varchar(50) not null,
  `refid` varchar(50) default null,
  `parentprocessid` varchar(50) default null,
  `state` varchar(50) default null,
  `startdate` datetime default null,
  `enddate` datetime default null,
  `assignee_objid` varchar(50) default null,
  `assignee_name` varchar(100) default null,
  `assignee_title` varchar(80) default null,
  `actor_objid` varchar(50) default null,
  `actor_name` varchar(100) default null,
  `actor_title` varchar(80) default null,
  `message` varchar(255) default null,
  `signature` longtext,
  `returnedby` varchar(100) default null,
  primary key (`objid`),
  key `ix_assignee_objid` (`assignee_objid`),
  key `ix_refid` (`refid`)
) engine=innodb default charset=utf8;

alter table batchgr_task 
add constraint fk_batchgr_task_batchgr foreign key(refid) 
references batchgr(objid)
;




drop view if exists vw_batchgr
;

create view vw_batchgr 
as 
select 
  bg.*,
  l.name as lgu_name,
  b.name as barangay_name,
  pc.name as classification_name,
  t.objid AS taskid,
  t.state AS taskstate,
  t.assignee_objid 
from batchgr bg
inner join sys_org l on bg.lgu_objid = l.objid 
left join sys_org b on bg.barangay_objid = b.objid
left join propertyclassification pc on bg.classification_objid = pc.objid 
left join batchgr_task t on bg.objid = t.refid  and t.enddate is null 
;


/* insert task */
insert into batchgr_task (
  objid,
  refid,
  parentprocessid,
  state,
  startdate,
  enddate,
  assignee_objid,
  assignee_name,
  assignee_title,
  actor_objid,
  actor_name,
  actor_title,
  message,
  signature,
  returnedby
)
select 
  concat(b.objid, '-appraiser') as objid,
  b.objid as refid,
  null as parentprocessid,
  'appraiser' as state,
  b.appraiser_dtsigned as startdate,
  b.appraiser_dtsigned as enddate,
  null as assignee_objid,
  b.appraiser_name as assignee_name,
  null as assignee_title,
  null as actor_objid,
  b.appraiser_name as actor_name,
  null as actor_title,
  null as message,
  null as signature,
  null as returnedby
from batchgr b
where b.appraiser_name is not null
;


insert into batchgr_task (
  objid,
  refid,
  parentprocessid,
  state,
  startdate,
  enddate,
  assignee_objid,
  assignee_name,
  assignee_title,
  actor_objid,
  actor_name,
  actor_title,
  message,
  signature,
  returnedby
)
select 
  concat(b.objid, '-taxmapper') as objid,
  b.objid as refid,
  null as parentprocessid,
  'taxmapper' as state,
  b.taxmapper_dtsigned as startdate,
  b.taxmapper_dtsigned as enddate,
  null as assignee_objid,
  b.taxmapper_name as assignee_name,
  null as assignee_title,
  null as actor_objid,
  b.taxmapper_name as actor_name,
  null as actor_title,
  null as message,
  null as signature,
  null as returnedby
from batchgr b
where b.taxmapper_name is not null
;


insert into batchgr_task (
  objid,
  refid,
  parentprocessid,
  state,
  startdate,
  enddate,
  assignee_objid,
  assignee_name,
  assignee_title,
  actor_objid,
  actor_name,
  actor_title,
  message,
  signature,
  returnedby
)
select 
  concat(b.objid, '-recommender') as objid,
  b.objid as refid,
  null as parentprocessid,
  'recommender' as state,
  b.recommender_dtsigned as startdate,
  b.recommender_dtsigned as enddate,
  null as assignee_objid,
  b.recommender_name as assignee_name,
  null as assignee_title,
  null as actor_objid,
  b.recommender_name as actor_name,
  null as actor_title,
  null as message,
  null as signature,
  null as returnedby
from batchgr b
where b.recommender_name is not null
;



insert into batchgr_task (
  objid,
  refid,
  parentprocessid,
  state,
  startdate,
  enddate,
  assignee_objid,
  assignee_name,
  assignee_title,
  actor_objid,
  actor_name,
  actor_title,
  message,
  signature,
  returnedby
)
select 
  concat(b.objid, '-approver') as objid,
  b.objid as refid,
  null as parentprocessid,
  'approver' as state,
  b.approver_dtsigned as startdate,
  b.approver_dtsigned as enddate,
  null as assignee_objid,
  b.approver_name as assignee_name,
  null as assignee_title,
  null as actor_objid,
  b.approver_name as actor_name,
  null as actor_title,
  null as message,
  null as signature,
  null as returnedby
from batchgr b
where b.approver_name is not null
;


alter table batchgr 
  drop column appraiser_name,
  drop column appraiser_dtsigned,
  drop column taxmapper_name,
  drop column taxmapper_dtsigned,
  drop column recommender_name,
  drop column recommender_dtsigned,
  drop column approver_name,
  drop column approver_dtsigned
;  




/*===========================================
*
*  ENTITY MAPPING (PROVINCE)
*
============================================*/

DROP TABLE IF EXISTS `entity_mapping`
;

CREATE TABLE `entity_mapping` (
  `objid` varchar(50) NOT NULL,
  `parent_objid` varchar(50) NOT NULL,
  `org_objid` varchar(50) DEFAULT NULL,
  PRIMARY KEY (`objid`)
) ENGINE=InnoDB DEFAULT CHARSET=utf8
;


drop view if exists vw_entity_mapping
;

create view vw_entity_mapping
as 
select 
  r.*,
  e.entityno,
  e.name, 
  e.address_text as address_text,
  a.province as address_province,
  a.municipality as address_municipality
from entity_mapping r 
inner join entity e on r.objid = e.objid 
left join entity_address a on e.address_objid = a.objid
left join sys_org b on a.barangay_objid = b.objid 
left join sys_org m on b.parent_objid = m.objid 
;




/*===========================================
*
*  CERTIFICATION UPDATES
*
============================================*/
drop view if exists vw_rptcertification_item
;

create view vw_rptcertification_item
as 
SELECT 
  rci.rptcertificationid,
  f.objid as faasid,
  f.fullpin, 
  f.tdno,
  e.objid as taxpayerid,
  e.name as taxpayer_name, 
  f.owner_name, 
  f.administrator_name,
  f.titleno,  
  f.rpuid, 
  pc.code AS classcode, 
  pc.name AS classname,
  so.name AS lguname,
  b.name AS barangay, 
  r.rputype, 
  r.suffix,
  r.totalareaha AS totalareaha,
  r.totalareasqm AS totalareasqm,
  r.totalav,
  r.totalmv, 
  rp.street,
  rp.blockno,
  rp.cadastrallotno,
  rp.surveyno,
  r.taxable,
  f.effectivityyear,
  f.effectivityqtr
FROM rptcertificationitem rci 
  INNER JOIN faas f ON rci.refid = f.objid 
  INNER JOIN rpu r ON f.rpuid = r.objid 
  INNER JOIN propertyclassification pc ON r.classification_objid = pc.objid 
  INNER JOIN realproperty rp ON f.realpropertyid = rp.objid 
  INNER JOIN barangay b ON rp.barangayid = b.objid 
  INNER JOIN sys_org so on f.lguid = so.objid 
  INNER JOIN entity e on f.taxpayer_objid = e.objid 
;



/*===========================================
*
*  SUBDIVISION ASSISTANCE
*
============================================*/
drop table if exists subdivision_assist_item
; 

drop table if exists subdivision_assist
; 

CREATE TABLE `subdivision_assist` (
  `objid` varchar(50) NOT NULL,
  `parent_objid` varchar(50) NOT NULL,
  `taskstate` varchar(50) NOT NULL,
  `assignee_objid` varchar(50) NOT NULL,
  PRIMARY KEY (`objid`)
) ENGINE=InnoDB DEFAULT CHARSET=utf8
;

alter table subdivision_assist 
add constraint fk_subdivision_assist_subdivision foreign key(parent_objid)
references subdivision(objid)
;

alter table subdivision_assist 
add constraint fk_subdivision_assist_user foreign key(assignee_objid)
references sys_user(objid)
;

create index ix_parent_objid on subdivision_assist(parent_objid)
;

create index ix_assignee_objid on subdivision_assist(assignee_objid)
;

create unique index ux_parent_assignee on subdivision_assist(parent_objid, taskstate, assignee_objid)
;


CREATE TABLE `subdivision_assist_item` (
`objid` varchar(50) NOT NULL,
  `subdivision_objid` varchar(50) NOT NULL,
  `parent_objid` varchar(50) NOT NULL,
  `pintype` varchar(10) NOT NULL,
  `section` varchar(5) NOT NULL,
  `startparcel` int(255) NOT NULL,
  `endparcel` int(255) NOT NULL,
  `parcelcount` int(11) DEFAULT NULL,
  `parcelcreated` int(11) DEFAULT NULL,
  PRIMARY KEY (`objid`)
) ENGINE=InnoDB DEFAULT CHARSET=utf8
;

alter table subdivision_assist_item 
add constraint fk_subdivision_assist_item_subdivision foreign key(subdivision_objid)
references subdivision(objid)
;

alter table subdivision_assist_item 
add constraint fk_subdivision_assist_item_subdivision_assist foreign key(parent_objid)
references subdivision_assist(objid)
;

create index ix_subdivision_objid on subdivision_assist_item(subdivision_objid)
;

create index ix_parent_objid on subdivision_assist_item(parent_objid)
;



/*==================================================
**
** REALTY TAX CREDIT
**
===================================================*/

drop table if exists rpttaxcredit
;



CREATE TABLE `rpttaxcredit` (
  `objid` varchar(50) NOT NULL,
  `state` varchar(25) NOT NULL,
  `type` varchar(25) NOT NULL,
  `txnno` varchar(25) DEFAULT NULL,
  `txndate` datetime DEFAULT NULL,
  `reftype` varchar(25) DEFAULT NULL,
  `refid` varchar(50) DEFAULT NULL,
  `refno` varchar(25) NOT NULL,
  `refdate` date NOT NULL,
  `amount` decimal(16,2) NOT NULL,
  `amtapplied` decimal(16,2) NOT NULL,
  `rptledger_objid` varchar(50) NOT NULL,
  `srcledger_objid` varchar(50) DEFAULT NULL,
  `remarks` varchar(255) DEFAULT NULL,
  `approvedby_objid` varchar(50) DEFAULT NULL,
  `approvedby_name` varchar(150) DEFAULT NULL,
  `approvedby_title` varchar(75) DEFAULT NULL,
  PRIMARY KEY (`objid`)
) ENGINE=InnoDB DEFAULT CHARSET=utf8
;


create index ix_state on rpttaxcredit(state)
;

create index ix_type on rpttaxcredit(type)
;

create unique index ux_txnno on rpttaxcredit(txnno)
;

create index ix_reftype on rpttaxcredit(reftype)
;

create index ix_refid on rpttaxcredit(refid)
;

create index ix_refno on rpttaxcredit(refno)
;

create index ix_rptledger_objid on rpttaxcredit(rptledger_objid)
;

create index ix_srcledger_objid on rpttaxcredit(srcledger_objid)
;

alter table rpttaxcredit
add constraint fk_rpttaxcredit_rptledger foreign key (rptledger_objid)
references rptledger (objid)
;

alter table rpttaxcredit
add constraint fk_rpttaxcredit_srcledger foreign key (srcledger_objid)
references rptledger (objid)
;

alter table rpttaxcredit
add constraint fk_rpttaxcredit_sys_user foreign key (approvedby_objid)
references sys_user(objid)
;





/*==================================================
**
** MACHINE SMV
**
===================================================*/

CREATE TABLE `machine_smv` (
  `objid` varchar(50) NOT NULL,
  `parent_objid` varchar(50) NOT NULL,
  `machine_objid` varchar(50) NOT NULL,
  `expr` varchar(255) NOT NULL,
  `previd` varchar(50) DEFAULT NULL,
  PRIMARY KEY (`objid`)
) ENGINE=InnoDB DEFAULT CHARSET=utf8
;

create index ix_parent_objid on machine_smv(parent_objid)
;
create index ix_machine_objid on machine_smv(machine_objid)
;
create index ix_previd on machine_smv(previd)
;
create unique index ux_parent_machine on machine_smv(parent_objid, machine_objid)
;



alter table machine_smv
add constraint fk_machinesmv_machrysetting foreign key (parent_objid)
references machrysetting (objid)
;

alter table machine_smv
add constraint fk_machinesmv_machine foreign key (machine_objid)
references machine(objid)
;


alter table machine_smv
add constraint fk_machinesmv_machinesmv foreign key (previd)
references machine_smv(objid)
;


create view vw_machine_smv 
as 
select 
  ms.*, 
  m.code,
  m.name
from machine_smv ms 
inner join machine m on ms.machine_objid = m.objid 
;

alter table machdetail 
  add smvid varchar(50),
  add params text
;

update machdetail set params = '[]' where params is null
;

create index ix_smvid on machdetail(smvid)
;


alter table machdetail 
add constraint fk_machdetail_machine_smv foreign key(smvid)
references machine_smv(objid)
;




/*==================================================
**
** AFFECTED FAS TXNTYPE (DP)
**
===================================================*/

INSERT INTO `sys_var` (`name`, `value`, `description`, `datatype`, `category`) 
VALUES ('faas_affected_rpu_txntype_dp', '0', 'Set affected improvements FAAS txntype to DP e.g. SD and CS', 'checkbox', 'ASSESSOR')
;


alter table bldgrpu add occpermitno varchar(25)
;

alter table rpu add isonline int
;

update rpu set isonline = 0 where isonline is null 
;

drop table if exists sync_data_forprocess
;
drop table if exists sync_data_pending
;
drop table if exists sync_data
;

CREATE TABLE `syncdata_forsync` (
  `objid` varchar(50) NOT NULL,
  `reftype` varchar(100) NOT NULL,
  `refno` varchar(50) NOT NULL,
  `action` varchar(100) NOT NULL,
  `orgid` varchar(25) NOT NULL,
  `dtfiled` datetime NOT NULL,
  `createdby_objid` varchar(50) DEFAULT NULL,
  `createdby_name` varchar(255) DEFAULT NULL,
  `createdby_title` varchar(100) DEFAULT NULL,
  `info` text,
  PRIMARY KEY (`objid`),
  KEY `ix_dtfiled` (`dtfiled`),
  KEY `ix_createdbyid` (`createdby_objid`),
  KEY `ix_reftype` (`reftype`) USING BTREE,
  KEY `ix_refno` (`refno`)
) ENGINE=InnoDB DEFAULT CHARSET=utf8
;

CREATE TABLE `syncdata` (
  `objid` varchar(50) NOT NULL,
  `state` varchar(50) NOT NULL,
  `refid` varchar(50) NOT NULL,
  `reftype` varchar(50) NOT NULL,
  `refno` varchar(50) DEFAULT NULL,
  `action` varchar(50) NOT NULL,
  `dtfiled` datetime NOT NULL,
  `orgid` varchar(50) DEFAULT NULL,
  `remote_orgid` varchar(50) DEFAULT NULL,
  `remote_orgcode` varchar(20) DEFAULT NULL,
  `remote_orgclass` varchar(20) DEFAULT NULL,
  `sender_objid` varchar(50) DEFAULT NULL,
  `sender_name` varchar(150) DEFAULT NULL,
  `fileid` varchar(255) DEFAULT NULL,
  PRIMARY KEY (`objid`),
  KEY `ix_reftype` (`reftype`),
  KEY `ix_refno` (`refno`),
  KEY `ix_orgid` (`orgid`),
  KEY `ix_dtfiled` (`dtfiled`),
  KEY `ix_fileid` (`fileid`),
  KEY `ix_refid` (`refid`)
) ENGINE=InnoDB DEFAULT CHARSET=utf8
;


CREATE TABLE `syncdata_item` (
  `objid` varchar(50) NOT NULL,
  `parentid` varchar(50) NOT NULL,
  `state` varchar(50) NOT NULL,
  `refid` varchar(50) NOT NULL,
  `reftype` varchar(255) NOT NULL,
  `refno` varchar(50) DEFAULT NULL,
  `action` varchar(100) NOT NULL,
  `error` text,
  `idx` int(255) NOT NULL,
  `info` text,
  PRIMARY KEY (`objid`),
  KEY `ix_parentid` (`parentid`),
  KEY `ix_refid` (`refid`),
  KEY `ix_refno` (`refno`),
  CONSTRAINT `fk_syncdataitem_syncdata` FOREIGN KEY (`parentid`) REFERENCES `syncdata` (`objid`)
) ENGINE=InnoDB DEFAULT CHARSET=utf8
;



CREATE TABLE `syncdata_forprocess` (
  `objid` varchar(50) NOT NULL,
  `parentid` varchar(50) NOT NULL,
  PRIMARY KEY (`objid`),
  KEY `ix_parentid` (`parentid`),
  CONSTRAINT `fk_syncdata_forprocess_syncdata_item` FOREIGN KEY (`objid`) REFERENCES `syncdata_item` (`objid`)
) ENGINE=InnoDB DEFAULT CHARSET=utf8
;


CREATE TABLE `syncdata_pending` (
  `objid` varchar(50) NOT NULL,
  `error` text,
  `expirydate` datetime DEFAULT NULL,
  PRIMARY KEY (`objid`),
  KEY `ix_expirydate` (`expirydate`),
  CONSTRAINT `fk_syncdata_pending_syncdata` FOREIGN KEY (`objid`) REFERENCES `syncdata` (`objid`)
) ENGINE=InnoDB DEFAULT CHARSET=utf8
;




/* PREVTAXABILITY */
alter table faas_previous add prevtaxability varchar(10)
;


update faas_previous pf, faas f, rpu r set 
  pf.prevtaxability = case when r.taxable = 1 then 'TAXABLE' else 'EXEMPT' end 
where pf.prevfaasid = f.objid
and f.rpuid = r.objid 
and pf.prevtaxability is null 
;

/* 255-03020 */

alter table syncdata_item add async int default 0
;
alter table syncdata_item add dependedaction varchar(100)
;

create index ix_state on syncdata(state)
;
create index ix_state on syncdata_item(state)
;

create table syncdata_offline_org (
	orgid varchar(50) not null,
	expirydate datetime not null,
	primary key(orgid)
)
;




/*=======================================
*
*  QRRPA: Mixed-Use Support
*
=======================================*/

drop view if exists vw_rpu_assessment
;

create view vw_rpu_assessment as 
select 
	r.objid,
	r.rputype,
	dpc.objid as dominantclass_objid,
	dpc.code as dominantclass_code,
	dpc.name as dominantclass_name,
	dpc.orderno as dominantclass_orderno,
	ra.areasqm,
	ra.areaha,
	ra.marketvalue,
	ra.assesslevel,
	ra.assessedvalue,
	ra.taxable,
	au.code as actualuse_code, 
	au.name  as actualuse_name,
	auc.objid as actualuse_objid,
	auc.code as actualuse_classcode,
	auc.name as actualuse_classname,
	auc.orderno as actualuse_orderno
from rpu r 
inner join propertyclassification dpc on r.classification_objid = dpc.objid
inner join rpu_assessment ra on r.objid = ra.rpuid
inner join landassesslevel au on ra.actualuse_objid = au.objid 
left join propertyclassification auc on au.classification_objid = auc.objid

union 

select 
	r.objid,
	r.rputype,
	dpc.objid as dominantclass_objid,
	dpc.code as dominantclass_code,
	dpc.name as dominantclass_name,
	dpc.orderno as dominantclass_orderno,
	ra.areasqm,
	ra.areaha,
	ra.marketvalue,
	ra.assesslevel,
	ra.assessedvalue,
	ra.taxable,
	au.code as actualuse_code, 
	au.name  as actualuse_name,
	auc.objid as actualuse_objid,
	auc.code as actualuse_classcode,
	auc.name as actualuse_classname,
	auc.orderno as actualuse_orderno
from rpu r 
inner join propertyclassification dpc on r.classification_objid = dpc.objid
inner join rpu_assessment ra on r.objid = ra.rpuid
inner join bldgassesslevel au on ra.actualuse_objid = au.objid 
left join propertyclassification auc on au.classification_objid = auc.objid

union 

select 
	r.objid,
	r.rputype,
	dpc.objid as dominantclass_objid,
	dpc.code as dominantclass_code,
	dpc.name as dominantclass_name,
	dpc.orderno as dominantclass_orderno,
	ra.areasqm,
	ra.areaha,
	ra.marketvalue,
	ra.assesslevel,
	ra.assessedvalue,
	ra.taxable,
	au.code as actualuse_code, 
	au.name  as actualuse_name,
	auc.objid as actualuse_objid,
	auc.code as actualuse_classcode,
	auc.name as actualuse_classname,
	auc.orderno as actualuse_orderno
from rpu r 
inner join propertyclassification dpc on r.classification_objid = dpc.objid
inner join rpu_assessment ra on r.objid = ra.rpuid
inner join machassesslevel au on ra.actualuse_objid = au.objid 
left join propertyclassification auc on au.classification_objid = auc.objid

union 

select 
	r.objid,
	r.rputype,
	dpc.objid as dominantclass_objid,
	dpc.code as dominantclass_code,
	dpc.name as dominantclass_name,
	dpc.orderno as dominantclass_orderno,
	ra.areasqm,
	ra.areaha,
	ra.marketvalue,
	ra.assesslevel,
	ra.assessedvalue,
	ra.taxable,
	au.code as actualuse_code, 
	au.name  as actualuse_name,
	auc.objid as actualuse_objid,
	auc.code as actualuse_classcode,
	auc.name as actualuse_classname,
	auc.orderno as actualuse_orderno
from rpu r 
inner join propertyclassification dpc on r.classification_objid = dpc.objid
inner join rpu_assessment ra on r.objid = ra.rpuid
inner join planttreeassesslevel au on ra.actualuse_objid = au.objid 
left join propertyclassification auc on au.classification_objid = auc.objid

union 

select 
	r.objid,
	r.rputype,
	dpc.objid as dominantclass_objid,
	dpc.code as dominantclass_code,
	dpc.name as dominantclass_name,
	dpc.orderno as dominantclass_orderno,
	ra.areasqm,
	ra.areaha,
	ra.marketvalue,
	ra.assesslevel,
	ra.assessedvalue,
	ra.taxable,
	au.code as actualuse_code, 
	au.name  as actualuse_name,
	auc.objid as actualuse_objid,
	auc.code as actualuse_classcode,
	auc.name as actualuse_classname,
	auc.orderno as actualuse_orderno
from rpu r 
inner join propertyclassification dpc on r.classification_objid = dpc.objid
inner join rpu_assessment ra on r.objid = ra.rpuid
inner join miscassesslevel au on ra.actualuse_objid = au.objid 
left join propertyclassification auc on au.classification_objid = auc.objid
;

alter table rptledger_item 
	add fromqtr int,
	add toqtr int;
DROP TABLE if exists `batch_rpttaxcredit_ledger_posted`
;

DROP TABLE if exists `batch_rpttaxcredit_ledger`
;

DROP TABLE if exists `batch_rpttaxcredit`
;

CREATE TABLE `batch_rpttaxcredit` (
  `objid` varchar(50) NOT NULL,
  `state` varchar(25) NOT NULL,
  `txndate` date NOT NULL,
  `txnno` varchar(25) NOT NULL,
  `rate` decimal(10,2) NOT NULL,
  `paymentfrom` date DEFAULT NULL,
  `paymentto` varchar(255) DEFAULT NULL,
  `creditedyear` int(255) NOT NULL,
  `reason` varchar(255) NOT NULL,
  `validity` date NULL,
  PRIMARY KEY (`objid`),
  KEY `ix_state` (`state`),
  KEY `ix_txnno` (`txnno`)
) ENGINE=InnoDB DEFAULT CHARSET=utf8
;

CREATE TABLE `batch_rpttaxcredit_ledger` (
  `objid` varchar(50) NOT NULL,
  `parentid` varchar(50) NOT NULL,
  `state` varchar(25) NOT NULL,
  `error` varchar(255) NULL,
	barangayid varchar(50) not null, 
  PRIMARY KEY (`objid`),
  KEY `ix_parentid` (`parentid`),
  KEY `ix_state` (`state`),
KEY `ix_barangayid` (`barangayid`)
) ENGINE=InnoDB DEFAULT CHARSET=utf8
;

alter table batch_rpttaxcredit_ledger 
add constraint fk_rpttaxcredit_rptledger_parent foreign key(parentid) references batch_rpttaxcredit(objid)
;

alter table batch_rpttaxcredit_ledger 
add constraint fk_rpttaxcredit_rptledger_rptledger foreign key(objid) references rptledger(objid)
;




CREATE TABLE `batch_rpttaxcredit_ledger_posted` (
  `objid` varchar(50) NOT NULL,
  `parentid` varchar(50) NOT NULL,
  `barangayid` varchar(50) NOT NULL,
  PRIMARY KEY (`objid`),
  KEY `ix_parentid` (`parentid`),
  KEY `ix_barangayid` (`barangayid`)
) ENGINE=InnoDB DEFAULT CHARSET=utf8
;

alter table batch_rpttaxcredit_ledger_posted 
add constraint fk_rpttaxcredit_rptledger_posted_parent foreign key(parentid) references batch_rpttaxcredit(objid)
;

alter table batch_rpttaxcredit_ledger_posted 
add constraint fk_rpttaxcredit_rptledger_posted_rptledger foreign key(objid) references rptledger(objid)
;

create view vw_batch_rpttaxcredit_error
as 
select br.*, rl.tdno
from batch_rpttaxcredit_ledger br 
inner join rptledger rl on br.objid = rl.objid 
where br.state = 'ERROR'
;

alter table rpttaxcredit add info text
;


alter table rpttaxcredit add discapplied decimal(16,2) not null
;

update rpttaxcredit set discapplied = 0 where discapplied is null 
;

CREATE TABLE `rpt_syncdata_forsync` (
  `objid` varchar(50) NOT NULL,
  `reftype` varchar(50) NOT NULL,
  `refno` varchar(50) NOT NULL,
  `action` varchar(50) NOT NULL,
  `orgid` varchar(50) NOT NULL,
  `dtfiled` datetime NOT NULL,
  `createdby_objid` varchar(50) DEFAULT NULL,
  `createdby_name` varchar(255) DEFAULT NULL,
  `createdby_title` varchar(50) DEFAULT NULL,
  PRIMARY KEY (`objid`),
  KEY `ix_refno` (`refno`),
  KEY `ix_orgid` (`orgid`)
) ENGINE=InnoDB DEFAULT CHARSET=utf8
;

CREATE TABLE `rpt_syncdata` (
  `objid` varchar(50) NOT NULL,
  `state` varchar(25) NOT NULL,
  `refid` varchar(50) NOT NULL,
  `reftype` varchar(50) NOT NULL,
  `refno` varchar(50) NOT NULL,
  `action` varchar(50) NOT NULL,
  `dtfiled` datetime NOT NULL,
  `orgid` varchar(50) NOT NULL,
  `remote_orgid` varchar(50) DEFAULT NULL,
  `remote_orgcode` varchar(5) DEFAULT NULL,
  `remote_orgclass` varchar(25) DEFAULT NULL,
  `sender_objid` varchar(50) DEFAULT NULL,
  `sender_name` varchar(255) DEFAULT NULL,
  `sender_title` varchar(80) DEFAULT NULL,
  PRIMARY KEY (`objid`),
  KEY `ix_state` (`state`),
  KEY `ix_refid` (`refid`),
  KEY `ix_refno` (`refno`),
  KEY `ix_orgid` (`orgid`)
) ENGINE=InnoDB DEFAULT CHARSET=utf8
;

CREATE TABLE `rpt_syncdata_item` (
  `objid` varchar(50) NOT NULL,
  `parentid` varchar(50) NOT NULL,
  `state` varchar(25) NOT NULL,
  `refid` varchar(50) NOT NULL,
  `reftype` varchar(50) NOT NULL,
  `refno` varchar(50) NOT NULL,
  `action` varchar(50) NOT NULL,
  `idx` int(11) NOT NULL,
  `info` text,
  PRIMARY KEY (`objid`),
  KEY `ix_parentid` (`parentid`),
  KEY `ix_state` (`state`),
  KEY `ix_refid` (`refid`),
  KEY `ix_refno` (`refno`),
  CONSTRAINT `FK_parentid_rpt_syncdata` FOREIGN KEY (`parentid`) REFERENCES `rpt_syncdata` (`objid`)
) ENGINE=InnoDB DEFAULT CHARSET=utf8
;

CREATE TABLE `rpt_syncdata_error` (
  `objid` varchar(50) NOT NULL,
  `filekey` varchar(1000) NOT NULL,
  `error` text,
  `refid` varchar(50) NOT NULL,
  `reftype` varchar(50) NOT NULL,
  `refno` varchar(50) NOT NULL,
  `action` varchar(50) NOT NULL,
  `idx` int(11) NOT NULL,
  `info` text,
  `parent` text,
  `remote_orgid` varchar(50) DEFAULT NULL,
  `remote_orgcode` varchar(5) DEFAULT NULL,
  `remote_orgclass` varchar(50) DEFAULT NULL,
  PRIMARY KEY (`objid`),
  KEY `ix_refid` (`refid`),
  KEY `ix_refno` (`refno`),
  KEY `ix_filekey` (`filekey`(255)),
  KEY `ix_remote_orgid` (`remote_orgid`),
  KEY `ix_remote_orgcode` (`remote_orgcode`)
) ENGINE=InnoDB DEFAULT CHARSET=utf8
;

INSERT INTO `sys_var` (`name`, `value`, `description`, `datatype`, `category`) 
VALUES ('assesser_new_sync_lgus', NULL, 'List of LGUs using new sync facility', NULL, 'ASSESSOR')
;



ALTER TABLE rpt_syncdata_forsync ADD remote_orgid VARCHAR(15)
;


INSERT INTO `sys_var` (`name`, `value`, `description`, `datatype`, `category`) VALUES ('fileserver_upload_task_active', '0', 'Activate / Deactivate upload task', 'boolean', 'SYSTEM')
;

INSERT INTO `sys_var` (`name`, `value`, `description`, `datatype`, `category`) 
VALUES ('fileserver_download_task_active', '1', 'Activate / Deactivate download task', 'boolean', 'SYSTEM')
;


CREATE TABLE `rpt_syncdata_completed` (
  `objid` varchar(255) NOT NULL,
  `idx` int(255) DEFAULT NULL,
  `action` varchar(100) DEFAULT NULL,
  `refno` varchar(50) DEFAULT NULL,
  `refid` varchar(50) DEFAULT NULL,
  `reftype` varchar(50) DEFAULT NULL,
  `parent_orgid` varchar(50) DEFAULT NULL,
  `sender_name` varchar(255) DEFAULT NULL,
  `sender_title` varchar(255) DEFAULT NULL,
  `dtcreated` datetime DEFAULT NULL,
  PRIMARY KEY (`objid`),
  KEY `ix_refno` (`refno`),
  KEY `ix_refid` (`refid`),
  KEY `ix_parent_orgid` (`parent_orgid`)
) ENGINE=InnoDB DEFAULT CHARSET=utf8
;

alter table rpt_syncdata_forsync add info text
;
alter table rpt_syncdata add info text
;


drop view if exists vw_landtax_lgu_account_mapping
;


CREATE VIEW vw_landtax_lgu_account_mapping 
AS 
select 
    ia.org_objid AS org_objid,
    ia.org_name AS org_name,
    o.orgclass AS org_class,
    p.objid AS parent_objid,
    p.code AS parent_code,
    p.title AS parent_title,
    ia.objid AS item_objid,
    ia.code AS item_code,
    ia.title AS item_title,
    ia.fund_objid AS item_fund_objid,
    ia.fund_code AS item_fund_code,
    ia.fund_title AS item_fund_title,
    ia.type AS item_type,
    pt.tag AS item_tag 
from itemaccount ia 
    inner join itemaccount p on ia.parentid = p.objid 
    inner join itemaccount_tag pt on p.objid = pt.acctid 
    inner join sys_org o on ia.org_objid = o.objid 
where p.state = 'ACTIVE' 
  and ia.state = 'ACTIVE'
;

drop view if exists vw_batchgr
;

create view vw_batchgr 
as 
select 
    bg.objid AS objid,
    bg.state AS state,
    bg.ry AS ry,
    bg.lgu_objid AS lgu_objid,
    bg.barangay_objid AS barangay_objid,
    bg.rputype AS rputype,
    bg.classification_objid AS classification_objid,
    bg.section AS section,
    bg.memoranda AS memoranda,
    bg.txntype_objid AS txntype_objid,
    bg.txnno AS txnno,
    bg.txndate AS txndate,
    bg.effectivityyear AS effectivityyear,
    bg.effectivityqtr AS effectivityqtr,
    bg.originlgu_objid AS originlgu_objid,
    l.name AS lgu_name,
    b.name AS barangay_name,
    b.pin AS barangay_pin,
    pc.name AS classification_name,
    t.objid AS taskid,
    t.state AS taskstate,
    t.assignee_objid AS assignee_objid 
from batchgr bg join sys_org l on bg.lgu_objid = l.objid 
    left join barangay b on bg.barangay_objid = b.objid 
    left join propertyclassification pc on bg.classification_objid = pc.objid 
    left join batchgr_task t on bg.objid = t.refid and t.enddate is null 
;

CREATE TABLE `cashreceipt_rpt_share_forposting_repost` (
  `objid` varchar(100) NOT NULL,
  `rptpaymentid` varchar(50) NOT NULL,
  `receiptid` varchar(50) NOT NULL,
  `receiptdate` date NOT NULL,
  `rptledgerid` varchar(50) NOT NULL,
  PRIMARY KEY (`objid`),
  UNIQUE KEY `ux_receiptid_rptledgerid` (`receiptid`,`rptledgerid`),
  KEY `fk_rptshare_repost_rptledgerid` (`rptledgerid`),
  KEY `fk_rptshare_repost_cashreceiptid` (`receiptid`),
  CONSTRAINT `fk_rptshare_repost_cashreceipt` FOREIGN KEY (`receiptid`) REFERENCES `cashreceipt` (`objid`),
  CONSTRAINT `fk_rptshare_repost_rptledger` FOREIGN KEY (`rptledgerid`) REFERENCES `rptledger` (`objid`)
) ENGINE=InnoDB DEFAULT CHARSET=utf8
;
/*===================================================== 
	IMPORTANT: BEFORE EXECUTING !!!!

	CHANGE "eor" database name to match the LGUs 
	eor production database name

=======================================================*/
drop view if exists vw_landtax_eor
;


create view vw_landtax_eor 
as 
select * from eor.eor
;


drop view if exists vw_landtax_eor_remittance
;

create view vw_landtax_eor_remittance 
as 
select * from eor.eor_remittance
;



CREATE TABLE `rpt_syncdata_fordownload` (
  `objid` varchar(255) NOT NULL,
  `etag` varchar(64) NOT NULL,
  `error` int(255) NOT NULL,
  PRIMARY KEY (`objid`),
  KEY `ix_error` (`error`)
) ENGINE=InnoDB DEFAULT CHARSET=utf8
;

drop view if exists vw_landtax_abstract_of_collection_detail
;

create view vw_landtax_abstract_of_collection_detail
as 
select
	liq.objid as liquidationid,
	liq.controldate as liquidationdate,
	rem.objid as remittanceid,
	rem.dtposted as remittancedate,
	cr.objid as receiptid, 
	cr.receiptdate as ordate, 
	cr.receiptno as orno, 
	cr.collector_objid as collectorid,
	rl.objid as rptledgerid,
	rl.fullpin,
	rl.titleno, 
	rl.cadastrallotno, 
	rl.rputype, 
	rl.totalmv, 
	b.name as barangay, 
	rp.fromqtr,
  rp.toqtr,
  rpi.year,
	rpi.qtr,
	rpi.revtype,
	case when cv.objid is null then rl.owner_name else '*** voided ***' end as taxpayername, 
	case when cv.objid is null then rl.tdno else '' end as tdno, 
	case when m.name is null then c.name else m.name end as municityname, 
	case when cv.objid is null  then rl.classcode else '' end as classification, 
	case when cv.objid is null then rl.totalav else 0.0 end as assessvalue,
	case when cv.objid is null then rl.totalav else 0.0 end as assessedvalue,
	case when cv.objid is null  and rpi.revtype = 'basic' and rpi.revperiod in ('current','advance') then rpi.amount else 0.0 end as basiccurrentyear,
	case when cv.objid is null  and rpi.revtype = 'basic' and rpi.revperiod in ('previous','prior') then rpi.amount else 0.0 end as basicpreviousyear,
	case when cv.objid is null  and rpi.revtype = 'basic' then rpi.discount else 0.0 end as basicdiscount,
	case when cv.objid is null  and rpi.revtype = 'basic' and rpi.revperiod in ('current','advance') then rpi.interest else 0.0 end as basicpenaltycurrent,
	case when cv.objid is null  and rpi.revtype = 'basic' and rpi.revperiod in ('previous','prior') then rpi.interest else 0.0 end as basicpenaltyprevious,

	case when cv.objid is null  and rpi.revtype = 'sef' and rpi.revperiod in ('current','advance') then rpi.amount else 0.0 end as sefcurrentyear,
	case when cv.objid is null  and rpi.revtype = 'sef' and rpi.revperiod in ('previous','prior') then rpi.amount else 0.0 end as sefpreviousyear,
	case when cv.objid is null  and rpi.revtype = 'sef' then rpi.discount else 0.0 end as sefdiscount,
	case when cv.objid is null  and rpi.revtype = 'sef' and rpi.revperiod in ('current','advance') then rpi.interest else 0.0 end as sefpenaltycurrent,
	case when cv.objid is null  and rpi.revtype = 'sef' and rpi.revperiod in ('previous','prior') then rpi.interest else 0.0 end as sefpenaltyprevious,

	case when cv.objid is null  and rpi.revtype = 'basicidle' and rpi.revperiod in ('current','advance') then rpi.amount else 0.0 end as basicidlecurrent,
	case when cv.objid is null  and rpi.revtype = 'basicidle' and rpi.revperiod in ('previous','prior') then rpi.amount else 0.0 end as basicidleprevious,
	case when cv.objid is null  and rpi.revtype = 'basicidle' then rpi.amount else 0.0 end as basicidlediscount,
	case when cv.objid is null  and rpi.revtype = 'basicidle' and rpi.revperiod in ('current','advance') then rpi.interest else 0.0 end as basicidlecurrentpenalty,
	case when cv.objid is null  and rpi.revtype = 'basicidle' and rpi.revperiod in ('previous','prior') then rpi.interest else 0.0 end as basicidlepreviouspenalty,

	
	case when cv.objid is null  and rpi.revtype = 'sh' and rpi.revperiod in ('current','advance') then rpi.amount else 0.0 end as shcurrent,
	case when cv.objid is null  and rpi.revtype = 'sh' and rpi.revperiod in ('previous','prior') then rpi.amount else 0.0 end as shprevious,
	case when cv.objid is null  and rpi.revtype = 'sh' then rpi.discount else 0.0 end as shdiscount,
	case when cv.objid is null  and rpi.revtype = 'sh' and rpi.revperiod in ('current','advance') then rpi.interest else 0.0 end as shcurrentpenalty,
	case when cv.objid is null  and rpi.revtype = 'sh' and rpi.revperiod in ('previous','prior') then rpi.interest else 0.0 end as shpreviouspenalty,

	case when cv.objid is null and rpi.revtype = 'firecode' then rpi.amount else 0.0 end as firecode,
	
	case 
			when cv.objid is null 
			then rpi.amount - rpi.discount + rpi.interest 
			else 0.0 
	end as total,
	case when cv.objid is null then rpi.partialled else 0 end as partialled
from collectionvoucher liq
	inner join remittance rem on rem.collectionvoucherid = liq.objid 
	inner join cashreceipt cr on rem.objid = cr.remittanceid
	left join cashreceipt_void cv on cr.objid = cv.receiptid 
	inner join rptpayment rp on rp.receiptid= cr.objid 
	inner join rptpayment_item rpi on rpi.parentid = rp.objid
	inner join rptledger rl on rl.objid = rp.refid
	inner join barangay b on b.objid  = rl.barangayid
	left join district d on b.parentid = d.objid 
	left join city c on d.parentid = c.objid 
	left join municipality m on b.parentid = m.objid 
;



drop view if exists vw_landtax_abstract_of_collection_detail_eor
;

create view vw_landtax_abstract_of_collection_detail_eor
as 
select
	rem.objid as liquidationid,
	rem.controldate as liquidationdate,
	rem.objid as remittanceid,
	rem.controldate as remittancedate,
	eor.objid as receiptid, 
	eor.receiptdate as ordate, 
	eor.receiptno as orno, 
	rem.createdby_objid as collectorid,
	rl.objid as rptledgerid,
	rl.fullpin,
	rl.titleno, 
	rl.cadastrallotno, 
	rl.rputype, 
	rl.totalmv, 
	b.name as barangay, 
	rp.fromqtr,
  rp.toqtr,
  rpi.year,
	rpi.qtr,
	rpi.revtype,
	case when cv.objid is null then rl.owner_name else '*** voided ***' end as taxpayername, 
	case when cv.objid is null then rl.tdno else '' end as tdno, 
	case when m.name is null then c.name else m.name end as municityname, 
	case when cv.objid is null  then rl.classcode else '' end as classification, 
	case when cv.objid is null then rl.totalav else 0.0 end as assessvalue,
	case when cv.objid is null then rl.totalav else 0.0 end as assessedvalue,
	case when cv.objid is null  and rpi.revtype = 'basic' and rpi.revperiod in ('current','advance') then rpi.amount else 0.0 end as basiccurrentyear,
	case when cv.objid is null  and rpi.revtype = 'basic' and rpi.revperiod in ('previous','prior') then rpi.amount else 0.0 end as basicpreviousyear,
	case when cv.objid is null  and rpi.revtype = 'basic' then rpi.discount else 0.0 end as basicdiscount,
	case when cv.objid is null  and rpi.revtype = 'basic' and rpi.revperiod in ('current','advance') then rpi.interest else 0.0 end as basicpenaltycurrent,
	case when cv.objid is null  and rpi.revtype = 'basic' and rpi.revperiod in ('previous','prior') then rpi.interest else 0.0 end as basicpenaltyprevious,

	case when cv.objid is null  and rpi.revtype = 'sef' and rpi.revperiod in ('current','advance') then rpi.amount else 0.0 end as sefcurrentyear,
	case when cv.objid is null  and rpi.revtype = 'sef' and rpi.revperiod in ('previous','prior') then rpi.amount else 0.0 end as sefpreviousyear,
	case when cv.objid is null  and rpi.revtype = 'sef' then rpi.discount else 0.0 end as sefdiscount,
	case when cv.objid is null  and rpi.revtype = 'sef' and rpi.revperiod in ('current','advance') then rpi.interest else 0.0 end as sefpenaltycurrent,
	case when cv.objid is null  and rpi.revtype = 'sef' and rpi.revperiod in ('previous','prior') then rpi.interest else 0.0 end as sefpenaltyprevious,

	case when cv.objid is null  and rpi.revtype = 'basicidle' and rpi.revperiod in ('current','advance') then rpi.amount else 0.0 end as basicidlecurrent,
	case when cv.objid is null  and rpi.revtype = 'basicidle' and rpi.revperiod in ('previous','prior') then rpi.amount else 0.0 end as basicidleprevious,
	case when cv.objid is null  and rpi.revtype = 'basicidle' then rpi.amount else 0.0 end as basicidlediscount,
	case when cv.objid is null  and rpi.revtype = 'basicidle' and rpi.revperiod in ('current','advance') then rpi.interest else 0.0 end as basicidlecurrentpenalty,
	case when cv.objid is null  and rpi.revtype = 'basicidle' and rpi.revperiod in ('previous','prior') then rpi.interest else 0.0 end as basicidlepreviouspenalty,

	
	case when cv.objid is null  and rpi.revtype = 'sh' and rpi.revperiod in ('current','advance') then rpi.amount else 0.0 end as shcurrent,
	case when cv.objid is null  and rpi.revtype = 'sh' and rpi.revperiod in ('previous','prior') then rpi.amount else 0.0 end as shprevious,
	case when cv.objid is null  and rpi.revtype = 'sh' then rpi.discount else 0.0 end as shdiscount,
	case when cv.objid is null  and rpi.revtype = 'sh' and rpi.revperiod in ('current','advance') then rpi.interest else 0.0 end as shcurrentpenalty,
	case when cv.objid is null  and rpi.revtype = 'sh' and rpi.revperiod in ('previous','prior') then rpi.interest else 0.0 end as shpreviouspenalty,

	case when cv.objid is null and rpi.revtype = 'firecode' then rpi.amount else 0.0 end as firecode,
	
	case 
			when cv.objid is null 
			then rpi.amount - rpi.discount + rpi.interest 
			else 0.0 
	end as total,
	case when cv.objid is null then rpi.partialled else 0 end as partialled
from vw_landtax_eor_remittance rem
	inner join vw_landtax_eor eor on rem.objid = eor.remittanceid 
	left join cashreceipt_void cv on eor.objid = cv.receiptid 
	inner join rptpayment rp on eor.objid = rp.receiptid 
	inner join rptpayment_item rpi on rpi.parentid = rp.objid
	inner join rptledger rl on rl.objid = rp.refid
	inner join barangay b on b.objid  = rl.barangayid
	left join district d on b.parentid = d.objid 
	left join city c on d.parentid = c.objid 
	left join municipality m on b.parentid = m.objid 
;


drop view if exists vw_landtax_collection_detail
;

create view vw_landtax_collection_detail
as 
select 
	cv.objid as liquidationid,
	cv.controldate as liquidationdate,
	rem.objid as remittanceid,
	rem.controldate as remittancedate,
	cr.receiptdate,
	o.objid as lguid,
	o.name as lgu,
	b.objid as barangayid,
	b.indexno as brgyindex,
	b.name as barangay,
	ri.revperiod,
	ri.revtype,
	ri.year,
	ri.qtr,
	ri.amount,
	ri.interest,
	ri.discount,
  pc.name as classname, 
	pc.orderno, 
	pc.special,  
  case when ri.revperiod='current' and ri.revtype = 'basic' then ri.amount else 0.0 end  as basiccurrent,
  case when ri.revtype = 'basic' then ri.discount else 0.0 end  as basicdisc,
  case when ri.revperiod in ('previous', 'prior') and ri.revtype = 'basic'  then ri.amount else 0.0 end  as basicprev,
  case when ri.revperiod='current' and ri.revtype = 'basic'  then ri.interest else 0.0 end  as basiccurrentint,
  case when ri.revperiod in ('previous', 'prior') and ri.revtype = 'basic'  then ri.interest else 0.0 end  as basicprevint,
  case when ri.revtype = 'basic' then ri.amount - ri.discount+ ri.interest else 0 end as basicnet, 

  case when ri.revperiod='current' and ri.revtype = 'sef' then ri.amount else 0.0 end  as sefcurrent,
  case when ri.revtype = 'sef' then ri.discount else 0.0 end  as sefdisc,
  case when ri.revperiod in ('previous', 'prior') and ri.revtype = 'sef'  then ri.amount else 0.0 end  as sefprev,
  case when ri.revperiod='current' and ri.revtype = 'sef'  then ri.interest else 0.0 end  as sefcurrentint,
  case when ri.revperiod in ('previous', 'prior') and ri.revtype = 'sef'  then ri.interest else 0.0 end  as sefprevint,
  case when ri.revtype = 'sef' then ri.amount - ri.discount+ ri.interest else 0 end as sefnet, 

  case when ri.revperiod='current' and ri.revtype = 'basicidle' then ri.amount else 0.0 end  as idlecurrent,
  case when ri.revperiod in ('previous', 'prior') and ri.revtype = 'basicidle'  then ri.amount else 0.0 end  as idleprev,
  case when ri.revtype = 'basicidle' then ri.discount else 0.0 end  as idledisc,
  case when ri.revtype = 'basicidle' then ri.interest else 0 end   as idleint, 
  case when ri.revtype = 'basicidle'then ri.amount - ri.discount + ri.interest else 0 end as idlenet, 

  case when ri.revperiod='current' and ri.revtype = 'sh' then ri.amount else 0.0 end  as shcurrent,
  case when ri.revperiod in ('previous', 'prior') and ri.revtype = 'sh' then ri.amount else 0.0 end  as shprev,
  case when ri.revtype = 'sh' then ri.discount else 0.0 end  as shdisc,
  case when ri.revtype = 'sh' then ri.interest else 0 end  as shint, 
  case when ri.revtype = 'sh' then ri.amount - ri.discount + ri.interest else 0 end as shnet, 

  case when ri.revtype = 'firecode' then ri.amount - ri.discount + ri.interest else 0 end  as firecode,

  0.0 as levynet 
from remittance rem 
  inner join collectionvoucher cv on cv.objid = rem.collectionvoucherid 
  inner join cashreceipt cr on cr.remittanceid = rem.objid 
  left join cashreceipt_void crv on cr.objid = crv.receiptid
  inner join rptpayment rp on cr.objid = rp.receiptid 
  inner join rptpayment_item ri on rp.objid = ri.parentid
  left join rptledger rl ON rp.refid = rl.objid  
	left join barangay b on rl.barangayid = b.objid 
	left join sys_org o on rl.lguid = o.objid  
  left join propertyclassification pc ON rl.classification_objid = pc.objid 
where crv.objid is null 
;


drop view if exists vw_landtax_collection_disposition_detail
;

create view vw_landtax_collection_disposition_detail
as 
select   
	cv.objid as liquidationid,
	cv.controldate as liquidationdate,
	rem.objid as remittanceid,
	rem.controldate as remittancedate,
	cr.receiptdate,
	ri.revperiod,
    case when ri.revtype in ('basic', 'basicint', 'basicidle', 'basicidleint') and ri.sharetype in ('province', 'city') then ri.amount else 0.0 end as provcitybasicshare,
    case when ri.revtype in ('basic', 'basicint', 'basicidle', 'basicidleint') and ri.sharetype in ('municipality') then ri.amount else 0.0 end as munibasicshare,
    case when ri.revtype in ('basic', 'basicint') and ri.sharetype in ('barangay') then ri.amount else 0.0 end as brgybasicshare,
    case when ri.revtype in ('sef', 'sefint') and ri.sharetype in ('province', 'city') then ri.amount else 0.0 end as provcitysefshare,
    case when ri.revtype in ('sef', 'sefint') and ri.sharetype in ('municipality') then ri.amount else 0.0 end as munisefshare,
    0.0 as brgysefshare 
  from remittance rem 
    inner join collectionvoucher cv on cv.objid = rem.collectionvoucherid 
    inner join cashreceipt cr on cr.remittanceid = rem.objid 
		left join cashreceipt_void crv on cr.objid = crv.receiptid 
    inner join rptpayment rp on cr.objid = rp.receiptid 
    inner join rptpayment_share ri on rp.objid = ri.parentid
  where crv.objid is null 
;


drop view if exists vw_landtax_collection_detail_eor
;

create view vw_landtax_collection_detail_eor
as 
select 
	rem.objid as liquidationid,
	rem.controldate as liquidationdate,
	rem.objid as remittanceid,
	rem.controldate as remittancedate,
	eor.receiptdate,
	o.objid as lguid,
	o.name as lgu,
	b.objid as barangayid,
	b.indexno as brgyindex,
	b.name as barangay,
	ri.revperiod,
	ri.revtype,
	ri.year,
	ri.qtr,
	ri.amount,
	ri.interest,
	ri.discount,
  pc.name as classname, 
	pc.orderno, 
	pc.special,  
  case when ri.revperiod='current' and ri.revtype = 'basic' then ri.amount else 0.0 end  as basiccurrent,
  case when ri.revtype = 'basic' then ri.discount else 0.0 end  as basicdisc,
  case when ri.revperiod in ('previous', 'prior') and ri.revtype = 'basic'  then ri.amount else 0.0 end  as basicprev,
  case when ri.revperiod='current' and ri.revtype = 'basic'  then ri.interest else 0.0 end  as basiccurrentint,
  case when ri.revperiod in ('previous', 'prior') and ri.revtype = 'basic'  then ri.interest else 0.0 end  as basicprevint,
  case when ri.revtype = 'basic' then ri.amount - ri.discount+ ri.interest else 0 end as basicnet, 

  case when ri.revperiod='current' and ri.revtype = 'sef' then ri.amount else 0.0 end  as sefcurrent,
  case when ri.revtype = 'sef' then ri.discount else 0.0 end  as sefdisc,
  case when ri.revperiod in ('previous', 'prior') and ri.revtype = 'sef'  then ri.amount else 0.0 end  as sefprev,
  case when ri.revperiod='current' and ri.revtype = 'sef'  then ri.interest else 0.0 end  as sefcurrentint,
  case when ri.revperiod in ('previous', 'prior') and ri.revtype = 'sef'  then ri.interest else 0.0 end  as sefprevint,
  case when ri.revtype = 'sef' then ri.amount - ri.discount+ ri.interest else 0 end as sefnet, 

  case when ri.revperiod='current' and ri.revtype = 'basicidle' then ri.amount else 0.0 end  as idlecurrent,
  case when ri.revperiod in ('previous', 'prior') and ri.revtype = 'basicidle'  then ri.amount else 0.0 end  as idleprev,
  case when ri.revtype = 'basicidle' then ri.discount else 0.0 end  as idledisc,
  case when ri.revtype = 'basicidle' then ri.interest else 0 end   as idleint, 
  case when ri.revtype = 'basicidle'then ri.amount - ri.discount + ri.interest else 0 end as idlenet, 

  case when ri.revperiod='current' and ri.revtype = 'sh' then ri.amount else 0.0 end  as shcurrent,
  case when ri.revperiod in ('previous', 'prior') and ri.revtype = 'sh' then ri.amount else 0.0 end  as shprev,
  case when ri.revtype = 'sh' then ri.discount else 0.0 end  as shdisc,
  case when ri.revtype = 'sh' then ri.interest else 0 end  as shint, 
  case when ri.revtype = 'sh' then ri.amount - ri.discount + ri.interest else 0 end as shnet, 

  case when ri.revtype = 'firecode' then ri.amount - ri.discount + ri.interest else 0 end  as firecode,

  0.0 as levynet 
from vw_landtax_eor_remittance rem 
  inner join vw_landtax_eor eor on rem.objid = eor.remittanceid
  inner join rptpayment rp on eor.objid = rp.receiptid 
  inner join rptpayment_item ri on rp.objid = ri.parentid
  left join rptledger rl ON rp.refid = rl.objid  
	left join barangay b on rl.barangayid = b.objid
	left join sys_org o on rl.lguid = o.objid   
  left join propertyclassification pc ON rl.classification_objid = pc.objid 
;


drop view if exists vw_landtax_collection_disposition_detail_eor
;

create view vw_landtax_collection_disposition_detail_eor
as 
select   
	rem.objid as liquidationid,
	rem.controldate as liquidationdate,
	rem.objid as remittanceid,
	rem.controldate as remittancedate,
	eor.receiptdate,
	ri.revperiod,
    case when ri.revtype in ('basic', 'basicint', 'basicidle', 'basicidleint') and ri.sharetype in ('province', 'city') then ri.amount else 0.0 end as provcitybasicshare,
    case when ri.revtype in ('basic', 'basicint', 'basicidle', 'basicidleint') and ri.sharetype in ('municipality') then ri.amount else 0.0 end as munibasicshare,
    case when ri.revtype in ('basic', 'basicint') and ri.sharetype in ('barangay') then ri.amount else 0.0 end as brgybasicshare,
    case when ri.revtype in ('sef', 'sefint') and ri.sharetype in ('province', 'city') then ri.amount else 0.0 end as provcitysefshare,
    case when ri.revtype in ('sef', 'sefint') and ri.sharetype in ('municipality') then ri.amount else 0.0 end as munisefshare,
    0.0 as brgysefshare 
  from vw_landtax_eor_remittance rem 
    inner join vw_landtax_eor eor on rem.objid = eor.remittanceid
		inner join rptpayment rp on eor.objid = rp.receiptid 
    inner join rptpayment_share ri on rp.objid = ri.parentid
  
;


create view vw_newly_assessed_property as 
select
	f.objid,
	f.owner_name,
	f.tdno,
	b.name as barangay,
	case 
		when f.rputype = 'land' then 'LAND' 
		when f.rputype = 'bldg' then 'BUILDING' 
		when f.rputype = 'mach' then 'MACHINERY' 
		when f.rputype = 'planttree' then 'PLANT/TREE' 
		else 'MISCELLANEOUS'
	end as rputype,
	f.totalav,
	f.effectivityyear
from faas_list f 
	inner join barangay b on f.barangayid = b.objid 
where f.state in ('CURRENT', 'CANCELLED') 
and f.txntype_objid = 'ND'
;

create view vw_real_property_payment as 
select 
	cv.controldate as cv_controldate,
	rem.controldate as rem_controldate,
	rl.owner_name,
	rl.tdno,
	pc.name as classification, 
	case 
		when rl.rputype = 'land' then 'LAND' 
		when rl.rputype = 'bldg' then 'BUILDING' 
		when rl.rputype = 'mach' then 'MACHINERY' 
		when rl.rputype = 'planttree' then 'PLANT/TREE' 
		else 'MISCELLANEOUS'
	end as rputype,
	b.name as barangay,
	rpi.year, 
	rpi.qtr,
	rpi.amount + rpi.interest - rpi.discount as amount,
	case when v.objid is null then 0 else 1 end as voided
from collectionvoucher cv 
	inner join remittance rem on cv.objid = rem.collectionvoucherid
	inner join cashreceipt cr on rem.objid = cr.remittanceid
	inner join rptpayment rp on cr.objid = rp.receiptid 
	inner join rptpayment_item rpi on rp.objid = rpi.parentid 
	inner join rptledger rl on rp.refid = rl.objid 
	inner join barangay b on rl.barangayid = b.objid 
	inner join propertyclassification pc on rl.classification_objid = pc.objid 
	left join cashreceipt_void v on cr.objid = v.receiptid
;

drop view if exists vw_rptledger_cancelled_faas 
;

create view vw_rptledger_cancelled_faas 
as 
select 
	rl.objid,
	rl.state,
	rl.faasid,
	rl.lastyearpaid,
	rl.lastqtrpaid,
	rl.barangayid,
	rl.taxpayer_objid,
	rl.fullpin,
	rl.tdno,
	rl.cadastrallotno,
	rl.rputype,
	rl.txntype_objid,
	rl.classification_objid,
	rl.classcode,
	rl.totalav,
	rl.totalmv,
	rl.totalareaha,
	rl.taxable,
	rl.owner_name,
	rl.prevtdno,
	rl.titleno,
	rl.administrator_name,
	rl.blockno,
	rl.lguid,
	rl.beneficiary_objid,
	pc.name as classification,
	b.name as barangay,
	o.name as lgu
from rptledger rl 
	inner join faas f on rl.faasid = f.objid 
	left join barangay b on rl.barangayid = b.objid 
	left join sys_org o on rl.lguid = o.objid 
	left join propertyclassification pc on rl.classification_objid = pc.objid 
	inner join entity e on rl.taxpayer_objid = e.objid 
where rl.state = 'APPROVED' 
and f.state = 'CANCELLED' 
;


drop view if exists vw_certification_landdetail 
;

create view vw_certification_landdetail 
as 
select 
	f.objid as faasid,
	ld.areaha,
	ld.areasqm,
	ld.assessedvalue,
	ld.marketvalue,
	ld.basemarketvalue,
	ld.unitvalue,
	lspc.name as specificclass_name
from faas f 
	inner join landdetail ld on f.rpuid = ld.landrpuid
	inner join landspecificclass lspc on ld.landspecificclass_objid = lspc.objid 
;


drop view if exists vw_certification_land_improvement
;

create view vw_certification_land_improvement
as 
select 
	f.objid as faasid,
	pt.name as improvement,
	ptd.areacovered,
	ptd.productive,
	ptd.nonproductive,
	ptd.basemarketvalue,
	ptd.marketvalue,
	ptd.unitvalue,
	ptd.assessedvalue
from faas f 
	inner join planttreedetail ptd on f.rpuid = ptd.landrpuid
	inner join planttree pt on ptd.planttree_objid = pt.objid
;



drop view if exists vw_landtax_collection_share_detail
;

create view vw_landtax_collection_share_detail
as 
select 
  cv.objid as liquidationid,
  cv.controlno as liquidationno,
    cv.controldate as liquidationdate,
    rem.objid as remittanceid,
    rem.controlno as remittanceno,
    rem.controldate as remittancedate,
    cr.objid as receiptid,
    cr.receiptno,
    cr.receiptdate,
    cr.txndate,
    o.name as lgu,
    b.objid as barangayid,
    b.name as barangay, 
    cra.revtype,
    cra.revperiod,
    cra.sharetype,
    (case when cra.revperiod = 'current' and cra.revtype = 'basic' then cra.amount else 0 end) as brgycurr,
    (case when cra.revperiod in ('previous', 'prior') and cra.revtype = 'basic' then cra.amount else 0 end) as brgyprev,
    (case when cra.revtype = 'basicint' then cra.amount else 0 end) as brgypenalty,
    
    (case when cra.revperiod = 'current' and cra.revtype = 'basic' and cra.sharetype = 'barangay' then cra.amount else 0 end) as brgycurrshare,
    (case when cra.revperiod in ('previous', 'prior') and cra.revtype = 'basic' and cra.sharetype = 'barangay' then cra.amount else 0 end) as brgyprevshare,
    (case when cra.revtype = 'basicint' and cra.sharetype = 'barangay' then cra.amount else 0 end) as brgypenaltyshare,

    (case when cra.revperiod = 'current' and cra.revtype = 'basic' and cra.sharetype in ('city') then cra.amount else 0 end) as citycurrshare,
    (case when cra.revperiod in ('previous', 'prior') and cra.revtype = 'basic' and cra.sharetype in ('city') then cra.amount else 0 end) as cityprevshare,
    (case when cra.revtype = 'basicint' and cra.sharetype in ('city') then cra.amount else 0 end) as citypenaltyshare,

    (case when cra.revperiod = 'current' and cra.revtype = 'basic' and cra.sharetype in ('province', 'municipality') then cra.amount else 0 end) as provmunicurrshare,
    (case when cra.revperiod in ('previous', 'prior') and cra.revtype = 'basic' and cra.sharetype in ('province', 'municipality') then cra.amount else 0 end) as provmuniprevshare,
    (case when cra.revtype = 'basicint' and cra.sharetype in ('province', 'municipality') then cra.amount else 0 end) as provmunipenaltyshare,
    cra.amount,
    cra.discount
from remittance rem 
    inner join collectionvoucher cv on cv.objid = rem.collectionvoucherid 
    inner join cashreceipt cr on cr.remittanceid = rem.objid 
    inner join rptpayment rp on cr.objid = rp.receiptid 
    inner join rptpayment_share cra on rp.objid = cra.parentid
    left join rptledger rl on rp.refid = rl.objid
    left join sys_org o on rl.lguid = o.objid 
    left join barangay b on rl.barangayid = b.objid 
    left join cashreceipt_void crv on cr.objid = crv.receiptid 
;



drop view if exists vw_landtax_collection_share_detail_eor
;

create view vw_landtax_collection_share_detail_eor
as 
select 
rem.objid as liquidationid,
  rem.controlno as liquidationno,
    rem.controldate as liquidationdate,
    rem.objid as remittanceid,
    rem.controlno as remittanceno,
    rem.controldate as remittancedate,
    eor.objid as receiptid,
    eor.receiptno,
    eor.receiptdate,
    eor.txndate,
    o.name as lgu,
    b.objid as barangayid,
    b.name as barangay, 
    cra.revtype,
    cra.revperiod,
    cra.sharetype,
    (case when cra.revperiod = 'current' and cra.revtype = 'basic' then cra.amount else 0 end) as brgycurr,
    (case when cra.revperiod in ('previous', 'prior') and cra.revtype = 'basic' then cra.amount else 0 end) as brgyprev,
    (case when cra.revtype = 'basicint' then cra.amount else 0 end) as brgypenalty,
    
    (case when cra.revperiod = 'current' and cra.revtype = 'basic' and cra.sharetype = 'barangay' then cra.amount else 0 end) as brgycurrshare,
    (case when cra.revperiod in ('previous', 'prior') and cra.revtype = 'basic' and cra.sharetype = 'barangay' then cra.amount else 0 end) as brgyprevshare,
    (case when cra.revtype = 'basicint' and cra.sharetype = 'barangay' then cra.amount else 0 end) as brgypenaltyshare,

    (case when cra.revperiod = 'current' and cra.revtype = 'basic' and cra.sharetype in ('city') then cra.amount else 0 end) as citycurrshare,
    (case when cra.revperiod in ('previous', 'prior') and cra.revtype = 'basic' and cra.sharetype in ('city') then cra.amount else 0 end) as cityprevshare,
    (case when cra.revtype = 'basicint' and cra.sharetype in ('city') then cra.amount else 0 end) as citypenaltyshare,

    (case when cra.revperiod = 'current' and cra.revtype = 'basic' and cra.sharetype in ('province', 'municipality') then cra.amount else 0 end) as provmunicurrshare,
    (case when cra.revperiod in ('previous', 'prior') and cra.revtype = 'basic' and cra.sharetype in ('province', 'municipality') then cra.amount else 0 end) as provmuniprevshare,
    (case when cra.revtype = 'basicint' and cra.sharetype in ('province', 'municipality') then cra.amount else 0 end) as provmunipenaltyshare,
    cra.amount,
    cra.discount
from  vw_landtax_eor_remittance rem 
  inner join vw_landtax_eor eor on rem.objid = eor.remittanceid 
  inner join rptpayment rp on eor.objid = rp.receiptid 
  inner join rptpayment_share cra on rp.objid = cra.parentid
  left join rptledger rl on rp.refid = rl.objid
  left join sys_org o on rl.lguid = o.objid 
  left join barangay b on rl.barangayid = b.objid 
  left join cashreceipt_void crv on eor.objid = crv.receiptid 
;

INSERT IGNORE INTO `sys_usergroup` (`objid`, `title`, `domain`, `userclass`, `orgclass`, `role`) VALUES ('RPT.CERTIFICATION_APPROVER', 'CERTIFICATION_APPROVER', 'RPT', NULL, NULL, 'CERTIFICATION_APPROVER')
;
INSERT IGNORE INTO `sys_usergroup` (`objid`, `title`, `domain`, `userclass`, `orgclass`, `role`) VALUES ('RPT.CERTIFICATION_ISSUER', 'CERTIFICATION_ISSUER', 'RPT', 'usergroup', NULL, 'CERTIFICATION_ISSUER')
;
INSERT IGNORE INTO `sys_usergroup` (`objid`, `title`, `domain`, `userclass`, `orgclass`, `role`) VALUES ('RPT.CERTIFICATION_VERIFIER', 'RPT CERTIFICATION_VERIFIER', 'RPT', NULL, NULL, 'CERTIFICATION_VERIFIER')
;
INSERT IGNORE INTO `sys_usergroup` (`objid`, `title`, `domain`, `userclass`, `orgclass`, `role`) VALUES ('RPT.CERTIFICATION_RELEASER', 'RPT CERTIFICATION_RELEASER', 'RPT', NULL, NULL, 'CERTIFICATION_RELEASER')
;


delete from sys_wf_transition where processname ='rptcertification'
;
delete from sys_wf_node where processname ='rptcertification'
;

INSERT INTO `sys_wf_node` (`name`, `processname`, `title`, `nodetype`, `idx`, `salience`, `domain`, `role`, `properties`, `ui`, `tracktime`) VALUES ('start', 'rptcertification', 'Start', 'start', '1', NULL, NULL, NULL, '[:]', '[fillColor:\"#00ff00\",size:[32,32],pos:[102,127],type:\"start\"]', NULL)
;
INSERT INTO `sys_wf_node` (`name`, `processname`, `title`, `nodetype`, `idx`, `salience`, `domain`, `role`, `properties`, `ui`, `tracktime`) VALUES ('receiver', 'rptcertification', 'Received', 'state', '2', NULL, 'RPT', 'CERTIFICATION_ISSUER', '[:]', '[fillColor:\"#c0c0c0\",size:[114,40],pos:[206,127],type:\"state\"]', '1')
;
INSERT INTO `sys_wf_node` (`name`, `processname`, `title`, `nodetype`, `idx`, `salience`, `domain`, `role`, `properties`, `ui`, `tracktime`) VALUES ('verifier', 'rptcertification', 'For Verification', 'state', '3', NULL, 'RPT', 'CERTIFICATION_VERIFIER', '[:]', '[fillColor:\"#c0c0c0\",size:[129,44],pos:[412,127],type:\"state\"]', '1')
;
INSERT INTO `sys_wf_node` (`name`, `processname`, `title`, `nodetype`, `idx`, `salience`, `domain`, `role`, `properties`, `ui`, `tracktime`) VALUES ('approver', 'rptcertification', 'For Approval', 'state', '4', NULL, 'RPT', 'CERTIFICATION_APPROVER', '[:]', '[fillColor:\"#c0c0c0\",size:[118,42],pos:[604,141],type:\"state\"]', '1')
;
INSERT INTO `sys_wf_node` (`name`, `processname`, `title`, `nodetype`, `idx`, `salience`, `domain`, `role`, `properties`, `ui`, `tracktime`) VALUES ('assign-releaser', 'rptcertification', 'Releasing', 'state', '6', NULL, 'RPT', 'CERTIFICATION_RELEASER', '[:]', '[fillColor:\"#c0c0c0\",size:[118,42],pos:[604,141],type:\"state\"]', '1')
;
INSERT INTO `sys_wf_node` (`name`, `processname`, `title`, `nodetype`, `idx`, `salience`, `domain`, `role`, `properties`, `ui`, `tracktime`) VALUES ('releaser', 'rptcertification', 'For Release', 'state', '7', NULL, 'RPT', 'CERTIFICATION_RELEASER', '[:]', '[fillColor:\"#c0c0c0\",size:[118,42],pos:[604,141],type:\"state\"]', '1')
;
INSERT INTO `sys_wf_node` (`name`, `processname`, `title`, `nodetype`, `idx`, `salience`, `domain`, `role`, `properties`, `ui`, `tracktime`) VALUES ('released', 'rptcertification', 'Released', 'end', '8', NULL, 'RPT', 'CERTIFICATION_RELEASER', '[:]', '[fillColor:\"#ff0000\",size:[32,32],pos:[797,148],type:\"end\"]', '1')
;


INSERT INTO `sys_wf_transition` (`parentid`, `processname`, `action`, `to`, `idx`, `eval`, `properties`, `permission`, `caption`, `ui`) VALUES ('start', 'rptcertification', 'assign', 'receiver', '1', NULL, '[:]', NULL, 'Assign', '[size:[72,0],pos:[134,142],type:\"arrow\",points:[134,142,206,142]]')
;
INSERT INTO `sys_wf_transition` (`parentid`, `processname`, `action`, `to`, `idx`, `eval`, `properties`, `permission`, `caption`, `ui`) VALUES ('receiver', 'rptcertification', 'cancelissuance', 'end', '5', NULL, '[caption:\'Cancel Issuance\', confirm:\'Cancel issuance?\',closeonend:true]', NULL, 'Cancel Issuance', '[size:[559,116],pos:[258,32],type:\"arrow\",points:[262,127,258,32,817,40,813,148]]')
;
INSERT INTO `sys_wf_transition` (`parentid`, `processname`, `action`, `to`, `idx`, `eval`, `properties`, `permission`, `caption`, `ui`) VALUES ('receiver', 'rptcertification', 'submit', 'verifier', '6', NULL, '[caption:\'Submit to Verifier\', confirm:\'Submit to verifier?\', messagehandler:\'rptmessage:info\',targetrole:\'RPT.CERTIFICATION_VERIFIER\']', NULL, 'Submit to Verifier', '[size:[92,0],pos:[320,146],type:\"arrow\",points:[320,146,412,146]]')
;
INSERT INTO `sys_wf_transition` (`parentid`, `processname`, `action`, `to`, `idx`, `eval`, `properties`, `permission`, `caption`, `ui`) VALUES ('verifier', 'rptcertification', 'return_receiver', 'receiver', '10', NULL, '[caption:\'Return to Issuer\', confirm:\'Return to issuer?\', messagehandler:\'default\']', NULL, 'Return to Receiver', '[size:[160,63],pos:[292,64],type:\"arrow\",points:[452,127,385,64,292,127]]')
;
INSERT INTO `sys_wf_transition` (`parentid`, `processname`, `action`, `to`, `idx`, `eval`, `properties`, `permission`, `caption`, `ui`) VALUES ('verifier', 'rptcertification', 'submit', 'approver', '11', NULL, '[caption:\'Submit for Approval\', confirm:\'Submit for approval?\', messagehandler:\'rptmessage:sign\',targetrole:\'RPT.CERTIFICATION_APPROVER\']', NULL, 'Submit to Approver', '[size:[63,4],pos:[541,152],type:\"arrow\",points:[541,152,604,156]]')
;
INSERT INTO `sys_wf_transition` (`parentid`, `processname`, `action`, `to`, `idx`, `eval`, `properties`, `permission`, `caption`, `ui`) VALUES ('approver', 'rptcertification', 'return_receiver', 'receiver', '15', NULL, '[caption:\'Return to Issuer\', confirm:\'Return to issuer?\', messagehandler:\'default\']', NULL, 'Return to Receiver', '[size:[333,113],pos:[285,167],type:\"arrow\",points:[618,183,414,280,285,167]]')
;
INSERT INTO `sys_wf_transition` (`parentid`, `processname`, `action`, `to`, `idx`, `eval`, `properties`, `permission`, `caption`, `ui`) VALUES ('approver', 'rptcertification', 'submit', 'assign-releaser', '16', NULL, '[caption:\'Approve\', confirm:\'Approve?\', messagehandler:\'rptmessage:sign\']', NULL, 'Approve', '[size:[75,0],pos:[722,162],type:\"arrow\",points:[722,162,797,162]]')
;
INSERT INTO `sys_wf_transition` (`parentid`, `processname`, `action`, `to`, `idx`, `eval`, `properties`, `permission`, `caption`, `ui`) VALUES ('assign-releaser', 'rptcertification', 'assign', 'releaser', '20', NULL, '[caption:\'Assign to Me\', confirm:\'Assign task to you?\']', NULL, 'Assign To Me', '[size:[63,4],pos:[541,152],type:\"arrow\",points:[541,152,604,156]]')
;
INSERT INTO `sys_wf_transition` (`parentid`, `processname`, `action`, `to`, `idx`, `eval`, `properties`, `permission`, `caption`, `ui`) VALUES ('releaser', 'rptcertification', 'submit', 'released', '100', '', '[caption:\'Release Certification\', confirm:\'Release certifications?\', closeonend:false, messagehandler:\'rptmessage:info\']', '', 'Release Certification', '[:]')
;



drop view if exists vw_building
; 

create view vw_building as 
select 
	f.objid,
	f.state,
	f.rpuid,
	f.realpropertyid,
	f.tdno, 
	f.fullpin, 
	f.taxpayer_objid, 
	f.owner_name, 
	f.owner_address,
	f.administrator_name,
	f.administrator_address,
	f.lguid as lgu_objid,
	o.name as lgu_name,
	b.objid as barangay_objid,
	b.name as barangay_name,
	r.classification_objid,
	pc.name as classification_name,
	rp.pin,
	rp.section,
	rp.ry, 
	rp.cadastrallotno, 
	rp.blockno, 
	rp.surveyno,
	bt.objid as bldgtype_objid,
	bt.name as bldgtype_name,
	bk.objid as bldgkind_objid,
	bk.name as bldgkind_name,
	bu.basemarketvalue,
	bu.adjustment,
	bu.depreciationvalue,
	bu.marketvalue,
	bu.assessedvalue,
	al.objid as actualuse_objid,
	al.name as actualuse_name,
	r.totalareaha,
	r.totalareasqm,
	r.totalmv, 
	r.totalav
from faas f
	inner join rpu r on f.rpuid = r.objid 
	inner join propertyclassification pc on r.classification_objid = pc.objid
	inner join realproperty rp on f.realpropertyid = rp.objid 
	inner join barangay b on rp.barangayid = b.objid 
	inner join sys_org o on f.lguid = o.objid 
	inner join bldgrpu_structuraltype bst on r.objid = bst.bldgrpuid 
	inner join bldgtype bt on bst.bldgtype_objid = bt.objid 
	inner join bldgkindbucc bucc on bst.bldgkindbucc_objid = bucc.objid 
	inner join bldgkind bk on bucc.bldgkind_objid = bk.objid 
	inner join bldguse bu on bst.objid = bu.structuraltype_objid
	inner join bldgassesslevel al on bu.actualuse_objid = al.objid 
;


drop view if exists vw_machinery
; 

create view vw_machinery as 
select 
	f.objid,
	f.state,
	f.rpuid,
	f.realpropertyid,
	f.tdno, 
	f.fullpin, 
	f.taxpayer_objid, 
	f.owner_name, 
	f.owner_address,
	f.administrator_name,
	f.administrator_address,
	f.lguid as lgu_objid,
	o.name as lgu_name,
	b.objid as barangay_objid,
	b.name as barangay_name,
	r.classification_objid,
	pc.name as classification_name,
	rp.pin,
	rp.section,
	rp.ry, 
	rp.cadastrallotno, 
	rp.blockno, 
	rp.surveyno,
	m.objid as machine_objid,
	m.name as machine_name,
	mu.basemarketvalue,
	mu.marketvalue,
	mu.assessedvalue,
	al.objid as actualuse_objid,
	al.name as actualuse_name,
	r.totalareaha,
	r.totalareasqm,
	r.totalmv, 
	r.totalav
from faas f
	inner join rpu r on f.rpuid = r.objid 
	inner join propertyclassification pc on r.classification_objid = pc.objid
	inner join realproperty rp on f.realpropertyid = rp.objid 
	inner join barangay b on rp.barangayid = b.objid 
	inner join sys_org o on f.lguid = o.objid 
	inner join machuse mu on r.objid = mu.machrpuid
	inner join machdetail md on mu.objid = md.machuseid
	inner join machine m on md.machine_objid = m.objid 
	inner join machassesslevel al on mu.actualuse_objid = al.objid 
;


alter table rptcertification add taskid varchar(50)
;



CREATE TABLE `rptcertification_task` (
  `objid` varchar(50) NOT NULL DEFAULT '',
  `refid` varchar(50) DEFAULT NULL,
  `parentprocessid` varchar(50) DEFAULT NULL,
  `state` varchar(50) DEFAULT NULL,
  `startdate` datetime DEFAULT NULL,
  `enddate` datetime DEFAULT NULL,
  `assignee_objid` varchar(50) DEFAULT NULL,
  `assignee_name` varchar(100) DEFAULT NULL,
  `assignee_title` varchar(80) DEFAULT NULL,
  `actor_objid` varchar(50) DEFAULT NULL,
  `actor_name` varchar(100) DEFAULT NULL,
  `actor_title` varchar(80) DEFAULT NULL,
  `message` varchar(255) DEFAULT NULL,
  `signature` text,
  `returnedby` varchar(100) DEFAULT NULL,
  PRIMARY KEY (`objid`),
  KEY `ix_refid` (`refid`) USING BTREE,
  KEY `ix_assignee_objid` (`assignee_objid`) USING BTREE,
  CONSTRAINT `rptcertification_task_ibfk_1` FOREIGN KEY (`refid`) REFERENCES `rptcertification` (`objid`)
) ENGINE=InnoDB DEFAULT CHARSET=utf8
;


DROP VIEW IF EXISTS `vw_online_rptcertification`
;
CREATE VIEW `vw_online_rptcertification` AS select `c`.`objid` AS `objid`,`c`.`txnno` AS `txnno`,`c`.`txndate` AS `txndate`,`c`.`opener` AS `opener`,`c`.`taxpayer_objid` AS `taxpayer_objid`,`c`.`taxpayer_name` AS `taxpayer_name`,`c`.`taxpayer_address` AS `taxpayer_address`,`c`.`requestedby` AS `requestedby`,`c`.`requestedbyaddress` AS `requestedbyaddress`,`c`.`certifiedby` AS `certifiedby`,`c`.`certifiedbytitle` AS `certifiedbytitle`,`c`.`official` AS `official`,`c`.`purpose` AS `purpose`,`c`.`orno` AS `orno`,`c`.`ordate` AS `ordate`,`c`.`oramount` AS `oramount`,`c`.`taskid` AS `taskid`,`t`.`state` AS `task_state`,`t`.`startdate` AS `task_startdate`,`t`.`enddate` AS `task_enddate`,`t`.`assignee_objid` AS `task_assignee_objid`,`t`.`assignee_name` AS `task_assignee_name`,`t`.`actor_objid` AS `task_actor_objid`,`t`.`actor_name` AS `task_actor_name` from (`rptcertification` `c` join `rptcertification_task` `t` on((`c`.`taskid` = `t`.`objid`)))
;


update sys_sequence set objid = CONCAT('TDNO-', objid ) where objid REGEXP('^[0-9][0-9]') = 1
;

CREATE TABLE `faas_requested_series` (
  `objid` varchar(50) NOT NULL,
  `parentid` varchar(50) NOT NULL,
  `series` varchar(255) NOT NULL,
  `requestedby_name` varchar(255) NOT NULL,
  `requestedby_date` date NOT NULL,
  `createdby_name` varchar(255) NOT NULL,
  `createdby_date` datetime NOT NULL,
  PRIMARY KEY (`objid`),
  KEY `fk_faas_requested_series_sys_sequence` (`parentid`),
  CONSTRAINT `fk_faas_requested_series_sys_sequence` FOREIGN KEY (`parentid`) REFERENCES `sys_sequence` (`objid`)
) ENGINE=InnoDB DEFAULT CHARSET=utf8
;

drop view if exists vw_report_orc
;


create view vw_report_orc as 
select 
	f.objid,
	f.state,
	e.objid as taxpayerid,
	e.name as taxpayer_name,
	e.address_text as taxpayer_address,
  	o.name as lgu_name,
	o.code as lgu_indexno,
	f.dtapproved,
	r.rputype,
	pc.code as classcode,
	pc.name as classification,
	f.fullpin as pin,
	f.titleno,
	rp.cadastrallotno,
	f.tdno,
	'' as arpno,
	f.prevowner,
	b.name as location,
	r.totalareaha,
	r.totalareasqm,
	r.totalmv, 
	r.totalav,
	case when f.state = 'CURRENT' then '' else 'CANCELLED' end as remarks
from faas f
inner join rpu r on f.rpuid = r.objid 
inner join realproperty rp on f.realpropertyid = rp.objid 
inner join propertyclassification pc on r.classification_objid = pc.objid 
inner join entity e on f.taxpayer_objid = e.objid 
inner join sys_org o on rp.lguid = o.objid 
inner join barangay b on rp.barangayid = b.objid 
where f.state in ('CURRENT', 'CANCELLED')
;



create index ix_year on rptpayment_item (year)
;
create index ix_revperiod on rptpayment_item (revperiod)
;
create index ix_revtype on rptpayment_item (revtype)
;


create index ix_year on rptpayment_share (year)
;
create index ix_revperiod on rptpayment_share (revperiod)
;
create index ix_revtype on rptpayment_share (revtype)
;




drop table if exists rpt_syncdata_item_completed;
drop table if exists rpt_syncdata_completed;
drop table if exists rpt_syncdata_forsync;
drop table if exists rpt_syncdata_fordownload;
drop table if exists rpt_syncdata_error;
drop table if exists rpt_syncdata_item;
drop table if exists rpt_syncdata;

CREATE TABLE `rpt_syncdata` (
  `objid` varchar(50) NOT NULL,
  `state` varchar(25) NOT NULL,
  `refid` varchar(50) NOT NULL,
  `reftype` varchar(50) NOT NULL,
  `refno` varchar(50) NOT NULL,
  `action` varchar(50) NOT NULL,
  `dtfiled` datetime NOT NULL,
  `orgid` varchar(50) NOT NULL,
  `remote_orgid` varchar(50) DEFAULT NULL,
  `remote_orgcode` varchar(5) DEFAULT NULL,
  `remote_orgclass` varchar(25) DEFAULT NULL,
  `sender_objid` varchar(50) DEFAULT NULL,
  `sender_name` varchar(255) DEFAULT NULL,
  `sender_title` varchar(80) DEFAULT NULL,
  `info` text,
  PRIMARY KEY (`objid`),
  KEY `ix_state` (`state`) USING BTREE,
  KEY `ix_refid` (`refid`) USING BTREE,
  KEY `ix_refno` (`refno`) USING BTREE,
  KEY `ix_orgid` (`orgid`) USING BTREE
) ENGINE=InnoDB DEFAULT CHARSET=utf8
;

CREATE TABLE `rpt_syncdata_item` (
  `objid` varchar(50) NOT NULL,
  `parentid` varchar(50) NOT NULL,
  `state` varchar(25) NOT NULL,
  `refid` varchar(50) NOT NULL,
  `reftype` varchar(50) NOT NULL,
  `refno` varchar(50) NOT NULL,
  `action` varchar(50) NOT NULL,
  `idx` int(11) NOT NULL,
  `info` text,
  `error` text,
  `filekey` varchar(1200) DEFAULT NULL,
  `etag` varchar(255) DEFAULT NULL,
  PRIMARY KEY (`objid`),
  KEY `ix_parentid` (`parentid`) USING BTREE,
  KEY `ix_state` (`state`) USING BTREE,
  KEY `ix_refid` (`refid`) USING BTREE,
  KEY `ix_refno` (`refno`) USING BTREE,
  CONSTRAINT `rpt_syncdata_item_ibfk_1` FOREIGN KEY (`parentid`) REFERENCES `rpt_syncdata` (`objid`)
) ENGINE=InnoDB DEFAULT CHARSET=utf8
;

CREATE TABLE `rpt_syncdata_forsync` (
  `objid` varchar(50) NOT NULL,
  `reftype` varchar(50) NOT NULL,
  `refno` varchar(50) NOT NULL,
  `action` varchar(50) NOT NULL,
  `orgid` varchar(50) NOT NULL,
  `dtfiled` datetime NOT NULL,
  `createdby_objid` varchar(50) DEFAULT NULL,
  `createdby_name` varchar(255) DEFAULT NULL,
  `createdby_title` varchar(50) DEFAULT NULL,
  `remote_orgid` varchar(15) DEFAULT NULL,
  `state` varchar(25) DEFAULT NULL,
  `info` text,
  PRIMARY KEY (`objid`),
  KEY `ix_refno` (`refno`) USING BTREE,
  KEY `ix_orgid` (`orgid`) USING BTREE,
  KEY `ix_state` (`state`) USING BTREE
) ENGINE=InnoDB DEFAULT CHARSET=utf8
;

CREATE TABLE `rpt_syncdata_fordownload` (
  `objid` varchar(255) NOT NULL,
  `etag` varchar(64) NOT NULL,
  `error` int(255) NOT NULL,
  PRIMARY KEY (`objid`),
  KEY `ix_error` (`error`)
) ENGINE=InnoDB DEFAULT CHARSET=utf8
;

CREATE TABLE `rpt_syncdata_error` (
  `objid` varchar(50) NOT NULL,
  `filekey` varchar(1000) NOT NULL,
  `error` text,
  `refid` varchar(50) NOT NULL,
  `reftype` varchar(50) NOT NULL,
  `refno` varchar(50) NOT NULL,
  `action` varchar(50) NOT NULL,
  `idx` int(11) NOT NULL,
  `info` text,
  `parent` text,
  `remote_orgid` varchar(50) DEFAULT NULL,
  `remote_orgcode` varchar(5) DEFAULT NULL,
  `remote_orgclass` varchar(50) DEFAULT NULL,
  `state` varchar(50) DEFAULT NULL,
  PRIMARY KEY (`objid`),
  KEY `ix_refid` (`refid`) USING BTREE,
  KEY `ix_refno` (`refno`) USING BTREE,
  KEY `ix_filekey` (`filekey`(255)) USING BTREE,
  KEY `ix_remote_orgid` (`remote_orgid`) USING BTREE,
  KEY `ix_remote_orgcode` (`remote_orgcode`) USING BTREE,
  KEY `ix_state` (`state`) USING BTREE
) ENGINE=InnoDB DEFAULT CHARSET=utf8
;

CREATE TABLE `rpt_syncdata_completed` (
  `objid` varchar(50) NOT NULL,
  `state` varchar(25) NOT NULL,
  `refid` varchar(50) NOT NULL,
  `reftype` varchar(50) NOT NULL,
  `refno` varchar(50) NOT NULL,
  `action` varchar(50) NOT NULL,
  `dtfiled` datetime NOT NULL,
  `orgid` varchar(50) NOT NULL,
  `remote_orgid` varchar(50) DEFAULT NULL,
  `remote_orgcode` varchar(5) DEFAULT NULL,
  `remote_orgclass` varchar(25) DEFAULT NULL,
  `sender_objid` varchar(50) DEFAULT NULL,
  `sender_name` varchar(255) DEFAULT NULL,
  `sender_title` varchar(80) DEFAULT NULL,
  `info` text,
  PRIMARY KEY (`objid`),
  KEY `ix_state` (`state`) USING BTREE,
  KEY `ix_refid` (`refid`) USING BTREE,
  KEY `ix_refno` (`refno`) USING BTREE,
  KEY `ix_orgid` (`orgid`) USING BTREE
) ENGINE=InnoDB DEFAULT CHARSET=utf8
;

CREATE TABLE `rpt_syncdata_item_completed` (
  `objid` varchar(255) NOT NULL,
  `parentid` varchar(50) NOT NULL,
  `state` varchar(50) DEFAULT NULL,
  `refid` varchar(50) DEFAULT NULL,
  `reftype` varchar(50) DEFAULT NULL,
  `refno` varchar(50) DEFAULT NULL,
  `action` varchar(100) DEFAULT NULL,
  `idx` int(255) DEFAULT NULL,
  `info` text,
  `error` text,
  PRIMARY KEY (`objid`),
  KEY `ix_refno` (`refno`) USING BTREE,
  KEY `ix_refid` (`refid`) USING BTREE,
  KEY `ix_remote_orgid` (`parentid`) USING BTREE
) ENGINE=InnoDB DEFAULT CHARSET=utf8
;

drop TABLE if exists `cashreceipt_rpt_share_forposting_repost`
;

CREATE TABLE `cashreceipt_rpt_share_forposting_repost` (
  `objid` varchar(100) NOT NULL,
  `rptpaymentid` varchar(50) NOT NULL,
  `receiptid` varchar(50) NOT NULL,
  `receiptdate` date NOT NULL,
  `rptledgerid` varchar(50) NOT NULL,
  `error` int(11) DEFAULT NULL,
  `msg` text,
  PRIMARY KEY (`objid`),
  UNIQUE KEY `ux_receiptid_rptledgerid` (`receiptid`,`rptledgerid`) USING BTREE,
  KEY `fk_rptshare_repost_rptledgerid` (`rptledgerid`) USING BTREE,
  KEY `fk_rptshare_repost_cashreceiptid` (`receiptid`) USING BTREE,
  CONSTRAINT `cashreceipt_rpt_share_forposting_repost_ibfk_1` FOREIGN KEY (`receiptid`) REFERENCES `cashreceipt` (`objid`),
  CONSTRAINT `cashreceipt_rpt_share_forposting_repost_ibfk_2` FOREIGN KEY (`rptledgerid`) REFERENCES `rptledger` (`objid`)
) ENGINE=InnoDB DEFAULT CHARSET=utf8
;

drop TABLE if exists `rpt_syncdata_completed` 
;

CREATE TABLE `rpt_syncdata_completed` (
  `objid` varchar(50) NOT NULL,
  `idx` int,
  `action` varchar(50) ,
  `refid` varchar(50) ,
  `reftype` varchar(50) ,
  `refno` varchar(50) ,
  `parent_orgid` varchar(50) ,
  `sender_name` varchar(255) DEFAULT NULL,
  `sender_title` varchar(80) DEFAULT NULL,
  `dtcreated` datetime,
  `info` text,
  PRIMARY KEY (`objid`),
  KEY `ix_refid` (`refid`) USING BTREE,
  KEY `ix_refno` (`refno`) USING BTREE,
  KEY `ix_parent_orgid` (`parent_orgid`) USING BTREE
) ENGINE=InnoDB DEFAULT CHARSET=utf8
;


alter table cashreceipt_rpt_share_forposting_repost add receipttype varchar(10)
;

alter table cashreceipt_rpt_share_forposting_repost drop foreign key cashreceipt_rpt_share_forposting_repost_ibfk_1
;

/* MACHUSE: TAXABLE SUPPORT  */

alter table machuse add taxable int
;
update machuse set taxable = 1 where taxable is null
;
create unique index ux_actualuseid_taxable on machuse(machrpuid, actualuse_objid, taxable)
;


/* SYNCDATA: pre-download file */

drop table if exists rpt_syncdata_item_completed;
drop table if exists rpt_syncdata_completed;
drop table if exists rpt_syncdata_item;
drop table if exists rpt_syncdata;
drop table if exists rpt_syncdata_forsync;
drop table if exists rpt_syncdata_fordownload;

CREATE TABLE `rpt_syncdata_forsync` (
  `objid` varchar(50) NOT NULL,
  `reftype` varchar(50) NOT NULL,
  `refno` varchar(50) NOT NULL,
  `action` varchar(50) NOT NULL,
  `orgid` varchar(50) NOT NULL,
  `dtfiled` datetime NOT NULL,
  `createdby_objid` varchar(50) DEFAULT NULL,
  `createdby_name` varchar(255) DEFAULT NULL,
  `createdby_title` varchar(50) DEFAULT NULL,
  `remote_orgid` varchar(15) DEFAULT NULL,
  `state` varchar(25) DEFAULT NULL,
  `info` text,
  PRIMARY KEY (`objid`),
  KEY `ix_refno` (`refno`) USING BTREE,
  KEY `ix_orgid` (`orgid`) USING BTREE,
  KEY `ix_state` (`state`) USING BTREE
) ENGINE=InnoDB DEFAULT CHARSET=utf8
;

CREATE TABLE `rpt_syncdata_fordownload` (
  `objid` varchar(255) NOT NULL,
  `etag` varchar(64) NOT NULL,
  `error` int(255) NOT NULL,
  `state` varchar(50) DEFAULT NULL,
  PRIMARY KEY (`objid`),
  KEY `ix_error` (`error`) USING BTREE,
  KEY `ix_state` (`state`)
) ENGINE=InnoDB DEFAULT CHARSET=utf8
;

CREATE TABLE `rpt_syncdata` (
  `objid` varchar(50) NOT NULL,
  `state` varchar(25) NOT NULL,
  `refid` varchar(50) NOT NULL,
  `reftype` varchar(50) NOT NULL,
  `refno` varchar(50) NOT NULL,
  `action` varchar(50) NOT NULL,
  `dtfiled` datetime NOT NULL,
  `orgid` varchar(50) NOT NULL,
  `remote_orgid` varchar(50) DEFAULT NULL,
  `remote_orgcode` varchar(5) DEFAULT NULL,
  `remote_orgclass` varchar(25) DEFAULT NULL,
  `sender_objid` varchar(50) DEFAULT NULL,
  `sender_name` varchar(255) DEFAULT NULL,
  `sender_title` varchar(80) DEFAULT NULL,
  `info` text,
  PRIMARY KEY (`objid`),
  KEY `ix_state` (`state`) USING BTREE,
  KEY `ix_refid` (`refid`) USING BTREE,
  KEY `ix_refno` (`refno`) USING BTREE,
  KEY `ix_orgid` (`orgid`) USING BTREE
) ENGINE=InnoDB DEFAULT CHARSET=utf8
;

CREATE TABLE `rpt_syncdata_item` (
  `objid` varchar(50) NOT NULL,
  `parentid` varchar(50) NOT NULL,
  `state` varchar(25) NOT NULL,
  `refid` varchar(50) NOT NULL,
  `reftype` varchar(50) NOT NULL,
  `refno` varchar(50) NOT NULL,
  `action` varchar(50) NOT NULL,
  `idx` int(11) NOT NULL,
  `info` text,
  `error` text,
  `filekey` varchar(1200) DEFAULT NULL,
  `etag` varchar(255) DEFAULT NULL,
  PRIMARY KEY (`objid`),
  KEY `ix_parentid` (`parentid`) USING BTREE,
  KEY `ix_state` (`state`) USING BTREE,
  KEY `ix_refid` (`refid`) USING BTREE,
  KEY `ix_refno` (`refno`) USING BTREE,
  CONSTRAINT `rpt_syncdata_item_ibfk_1` FOREIGN KEY (`parentid`) REFERENCES `rpt_syncdata` (`objid`)
) ENGINE=InnoDB DEFAULT CHARSET=utf8
;

CREATE TABLE `rpt_syncdata_completed` (
  `objid` varchar(50) NOT NULL,
  `action` varchar(50) NOT NULL,
  `refid` varchar(50) NOT NULL,
  `reftype` varchar(50) NOT NULL,
  `refno` varchar(50) NOT NULL,
  `sender_name` varchar(255) DEFAULT NULL,
  `sender_title` varchar(80) DEFAULT NULL,
  `dtcreated` datetime DEFAULT NULL,
  `info` text,
  `dtfiled` datetime DEFAULT NULL,
  `orgid` varchar(50) DEFAULT NULL,
  `sender_objid` varchar(50) DEFAULT NULL,
  `remote_orgid` varchar(50) DEFAULT NULL,
  `remote_orgcode` varchar(25) DEFAULT NULL,
  `remote_orgclass` varchar(25) DEFAULT NULL,
  PRIMARY KEY (`objid`),
  KEY `ix_refid` (`refid`) USING BTREE,
  KEY `ix_refno` (`refno`) USING BTREE
) ENGINE=InnoDB DEFAULT CHARSET=utf8
;

CREATE TABLE `rpt_syncdata_item_completed` (
  `objid` varchar(255) NOT NULL,
  `parentid` varchar(50) NOT NULL,
  `refid` varchar(50) DEFAULT NULL,
  `reftype` varchar(50) DEFAULT NULL,
  `refno` varchar(50) DEFAULT NULL,
  `action` varchar(100) DEFAULT NULL,
  `idx` int(255) DEFAULT NULL,
  `info` text,
  PRIMARY KEY (`objid`),
  KEY `ix_refno` (`refno`) USING BTREE,
  KEY `ix_refid` (`refid`) USING BTREE,
  KEY `ix_remote_orgid` (`parentid`) USING BTREE
) ENGINE=InnoDB DEFAULT CHARSET=utf8
;




/* RPT CERTIFICATION WORKFLOW */
delete from sys_wf_transition where processname = 'rptcertification';
delete from sys_wf_node where processname = 'rptcertification';

INSERT INTO `sys_wf_node` (`name`, `processname`, `title`, `nodetype`, `idx`, `salience`, `domain`, `role`, `properties`, `ui`, `tracktime`) VALUES ('start', 'rptcertification', 'Start', 'start', '1', NULL, NULL, NULL, '[:]', '[fillColor:\"#00ff00\",size:[32,32],pos:[102,127],type:\"start\"]', NULL);
INSERT INTO `sys_wf_node` (`name`, `processname`, `title`, `nodetype`, `idx`, `salience`, `domain`, `role`, `properties`, `ui`, `tracktime`) VALUES ('receiver', 'rptcertification', 'Received', 'state', '2', NULL, 'RPT', 'CERTIFICATION_ISSUER', '[:]', '[fillColor:\"#c0c0c0\",size:[114,40],pos:[206,127],type:\"state\"]', '1');
INSERT INTO `sys_wf_node` (`name`, `processname`, `title`, `nodetype`, `idx`, `salience`, `domain`, `role`, `properties`, `ui`, `tracktime`) VALUES ('verifier', 'rptcertification', 'For Verification', 'state', '3', NULL, 'RPT', 'CERTIFICATION_VERIFIER', '[:]', '[fillColor:\"#c0c0c0\",size:[129,44],pos:[412,127],type:\"state\"]', '1');
INSERT INTO `sys_wf_node` (`name`, `processname`, `title`, `nodetype`, `idx`, `salience`, `domain`, `role`, `properties`, `ui`, `tracktime`) VALUES ('approver', 'rptcertification', 'For Approval', 'state', '4', NULL, 'RPT', 'CERTIFICATION_APPROVER', '[:]', '[fillColor:\"#c0c0c0\",size:[118,42],pos:[604,141],type:\"state\"]', '1');
INSERT INTO `sys_wf_node` (`name`, `processname`, `title`, `nodetype`, `idx`, `salience`, `domain`, `role`, `properties`, `ui`, `tracktime`) VALUES ('assign-releaser', 'rptcertification', 'Releasing', 'state', '6', NULL, 'RPT', 'CERTIFICATION_RELEASER', '[:]', '[fillColor:\"#c0c0c0\",size:[118,42],pos:[604,141],type:\"state\"]', '1');
INSERT INTO `sys_wf_node` (`name`, `processname`, `title`, `nodetype`, `idx`, `salience`, `domain`, `role`, `properties`, `ui`, `tracktime`) VALUES ('releaser', 'rptcertification', 'For Release', 'state', '7', NULL, 'RPT', 'CERTIFICATION_RELEASER', '[:]', '[fillColor:\"#c0c0c0\",size:[118,42],pos:[604,141],type:\"state\"]', '1');
INSERT INTO `sys_wf_node` (`name`, `processname`, `title`, `nodetype`, `idx`, `salience`, `domain`, `role`, `properties`, `ui`, `tracktime`) VALUES ('released', 'rptcertification', 'Released', 'end', '8', NULL, 'RPT', 'CERTIFICATION_RELEASER', '[:]', '[fillColor:\"#ff0000\",size:[32,32],pos:[797,148],type:\"end\"]', '1');

INSERT INTO `sys_wf_transition` (`parentid`, `processname`, `action`, `to`, `idx`, `eval`, `properties`, `permission`, `caption`, `ui`) VALUES ('start', 'rptcertification', 'assign', 'receiver', '1', NULL, '[:]', NULL, 'Assign', '[size:[72,0],pos:[134,142],type:\"arrow\",points:[134,142,206,142]]');
INSERT INTO `sys_wf_transition` (`parentid`, `processname`, `action`, `to`, `idx`, `eval`, `properties`, `permission`, `caption`, `ui`) VALUES ('receiver', 'rptcertification', 'cancelissuance', 'end', '5', NULL, '[caption:\'Cancel Issuance\', confirm:\'Cancel issuance?\',closeonend:true]', NULL, 'Cancel Issuance', '[size:[559,116],pos:[258,32],type:\"arrow\",points:[262,127,258,32,817,40,813,148]]');
INSERT INTO `sys_wf_transition` (`parentid`, `processname`, `action`, `to`, `idx`, `eval`, `properties`, `permission`, `caption`, `ui`) VALUES ('receiver', 'rptcertification', 'submit', 'verifier', '6', NULL, '[caption:\'Submit to Verifier\', confirm:\'Submit to verifier?\', messagehandler:\'rptmessage:info\',targetrole:\'RPT.CERTIFICATION_VERIFIER\']', NULL, 'Submit to Verifier', '[size:[92,0],pos:[320,146],type:\"arrow\",points:[320,146,412,146]]');
INSERT INTO `sys_wf_transition` (`parentid`, `processname`, `action`, `to`, `idx`, `eval`, `properties`, `permission`, `caption`, `ui`) VALUES ('verifier', 'rptcertification', 'return_receiver', 'receiver', '10', NULL, '[caption:\'Return to Issuer\', confirm:\'Return to issuer?\', messagehandler:\'default\']', NULL, 'Return to Receiver', '[size:[160,63],pos:[292,64],type:\"arrow\",points:[452,127,385,64,292,127]]');
INSERT INTO `sys_wf_transition` (`parentid`, `processname`, `action`, `to`, `idx`, `eval`, `properties`, `permission`, `caption`, `ui`) VALUES ('verifier', 'rptcertification', 'submit', 'approver', '11', NULL, '[caption:\'Submit for Approval\', confirm:\'Submit for approval?\', messagehandler:\'rptmessage:sign\',targetrole:\'RPT.CERTIFICATION_APPROVER\']', NULL, 'Submit to Approver', '[size:[63,4],pos:[541,152],type:\"arrow\",points:[541,152,604,156]]');
INSERT INTO `sys_wf_transition` (`parentid`, `processname`, `action`, `to`, `idx`, `eval`, `properties`, `permission`, `caption`, `ui`) VALUES ('approver', 'rptcertification', 'return_receiver', 'receiver', '15', NULL, '[caption:\'Return to Issuer\', confirm:\'Return to issuer?\', messagehandler:\'default\']', NULL, 'Return to Receiver', '[size:[333,113],pos:[285,167],type:\"arrow\",points:[618,183,414,280,285,167]]');
INSERT INTO `sys_wf_transition` (`parentid`, `processname`, `action`, `to`, `idx`, `eval`, `properties`, `permission`, `caption`, `ui`) VALUES ('approver', 'rptcertification', 'submit', 'assign-releaser', '16', NULL, '[caption:\'Approve\', confirm:\'Approve?\', messagehandler:\'rptmessage:sign\']', NULL, 'Approve', '[size:[75,0],pos:[722,162],type:\"arrow\",points:[722,162,797,162]]');
INSERT INTO `sys_wf_transition` (`parentid`, `processname`, `action`, `to`, `idx`, `eval`, `properties`, `permission`, `caption`, `ui`) VALUES ('assign-releaser', 'rptcertification', 'assign', 'releaser', '20', NULL, '[caption:\'Assign to Me\', confirm:\'Assign task to you?\']', NULL, 'Assign To Me', '[size:[63,4],pos:[541,152],type:\"arrow\",points:[541,152,604,156]]');
INSERT INTO `sys_wf_transition` (`parentid`, `processname`, `action`, `to`, `idx`, `eval`, `properties`, `permission`, `caption`, `ui`) VALUES ('releaser', 'rptcertification', 'submit', 'released', '100', '', '[caption:\'Release Certification\', confirm:\'Release certifications?\', closeonend:false, messagehandler:\'rptmessage:info\']', '', 'Release Certification', '[:]');

INSERT IGNORE INTO  `sys_usergroup` (`objid`, `title`, `domain`, `userclass`, `orgclass`, `role`) VALUES ('RPT.CERTIFICATION_APPROVER', 'CERTIFICATION_APPROVER', 'RPT', NULL, NULL, 'CERTIFICATION_APPROVER');
INSERT IGNORE INTO  `sys_usergroup` (`objid`, `title`, `domain`, `userclass`, `orgclass`, `role`) VALUES ('RPT.CERTIFICATION_ISSUER', 'CERTIFICATION_ISSUER', 'RPT', 'usergroup', NULL, 'CERTIFICATION_ISSUER');
INSERT IGNORE INTO  `sys_usergroup` (`objid`, `title`, `domain`, `userclass`, `orgclass`, `role`) VALUES ('RPT.CERTIFICATION_RELEASER', 'RPT CERTIFICATION_RELEASER', 'RPT', NULL, NULL, 'CERTIFICATION_RELEASER');
INSERT IGNORE INTO  `sys_usergroup` (`objid`, `title`, `domain`, `userclass`, `orgclass`, `role`) VALUES ('RPT.CERTIFICATION_VERIFIER', 'RPT CERTIFICATION_VERIFIER', 'RPT', NULL, NULL, 'CERTIFICATION_VERIFIER');



/* STOREY ADJUSTMENT SUPPORT */
alter table bldgtype add storeyadjtype varchar(10)
;
update bldgtype set storeyadjtype = 'bytype' where storeyadjtype is null
;


alter table bldgflooradditional add issystem int
;
update bldgflooradditional set issystem = 0 where issystem is null 
;

INSERT INTO `rptparameter` (`objid`, `state`, `name`, `caption`, `description`, `paramtype`, `minvalue`, `maxvalue`) 
VALUES ('MULTI_STOREY_RATE', 'APPROVED', 'MULTI_STOREY_RATE', 'MULTI-STOREY RATE', NULL, 'decimal', '0.00', '0.00')
;


INSERT INTO `bldgadditionalitem` (`objid`, `bldgrysettingid`, `code`, `name`, `unit`, `expr`, `previd`, `type`, `addareatobldgtotalarea`, `idx`) 
select
  concat('BMSA-', r.objid) as objid, 
  r.objid as bldgrysettingid, 
  'BMSA' as code, 
  'MULTI-STOREY ADJUSTMENT' as name, 
  'RATE' as unit, 
  'SYS_AREA * SYS_BASE_VALUE * MULTI_STOREY_RATE  / 100.0' as expr, 
  NULL as previd, 
  'adjustment' as type, 
  '0' as addareatobldgtotalarea, 
  '100' as idx
from bldgrysetting r
;


DROP TABLE IF EXISTS `bldgtype_storeyadjustment_bldgkind`
;
DROP TABLE IF EXISTS `bldgtype_storeyadjustment`
;


CREATE TABLE `bldgtype_storeyadjustment` (
  `objid` varchar(50) NOT NULL,
  `bldgrysettingid` varchar(50) NOT NULL,
  `bldgtypeid` varchar(50) NOT NULL,
  `floorno` int(10) NOT NULL,
  `rate` decimal(16,2) NOT NULL,
  `previd` varchar(50) DEFAULT NULL,
  PRIMARY KEY (`objid`),
  UNIQUE KEY `ux_bldgtype_storeyadjustment` (`bldgtypeid`,`floorno`,`rate`) USING BTREE,
  KEY `bldgtypeid` (`bldgtypeid`) USING BTREE,
  KEY `FK_bldgtype_storeyadjustment` (`previd`) USING BTREE,
  KEY `FK_bldgtype_storeyadjustment_bldgrysetting` (`bldgrysettingid`) USING BTREE,
  CONSTRAINT `bldgtype_storeyadjustment_ibfk_1` FOREIGN KEY (`previd`) REFERENCES `bldgtype_storeyadjustment` (`objid`),
  CONSTRAINT `bldgtype_storeyadjustment_ibfk_2` FOREIGN KEY (`bldgrysettingid`) REFERENCES `bldgrysetting` (`objid`),
  CONSTRAINT `bldgtype_storeyadjustment_ibfk_3` FOREIGN KEY (`bldgtypeid`) REFERENCES `bldgtype` (`objid`)
) ENGINE=InnoDB DEFAULT CHARSET=utf8
;

CREATE TABLE `bldgtype_storeyadjustment_bldgkind` (
  `objid` varchar(50) NOT NULL,
  `bldgrysettingid` varchar(50) NOT NULL,
  `parentid` varchar(50) NOT NULL,
  `bldgtypeid` varchar(50) NOT NULL,
  `floorno` int(11) NOT NULL,
  `bldgkindid` varchar(50) NOT NULL,
  PRIMARY KEY (`objid`),
  UNIQUE KEY `ux_bldgtype_kind_floorno` (`bldgtypeid`,`bldgkindid`,`floorno`),
  KEY `fk_storeyadjustment_bldgkind_bldgrysetting` (`bldgrysettingid`),
  KEY `fk_storeyadjustment_bldgkind_parent` (`parentid`),
  CONSTRAINT `fk_storeyadjustment_bldgkind_bldgrysetting` FOREIGN KEY (`bldgrysettingid`) REFERENCES `bldgrysetting` (`objid`),
  CONSTRAINT `fk_storeyadjustment_bldgkind_bldgtype` FOREIGN KEY (`bldgtypeid`) REFERENCES `bldgtype` (`objid`),
  CONSTRAINT `fk_storeyadjustment_bldgkind_parent` FOREIGN KEY (`parentid`) REFERENCES `bldgtype_storeyadjustment` (`objid`)
) ENGINE=InnoDB DEFAULT CHARSET=utf8
;


drop view if exists vw_assessment_notice_item;
drop view if exists vw_assessment_notice;
drop view if exists vw_batch_rpttaxcredit_error;
drop view if exists vw_batchgr;
drop view if exists vw_building;
drop view if exists vw_certification_land_improvement;
drop view if exists vw_certification_landdetail;
drop view if exists vw_faas_lookup;
drop view if exists vw_landtax_abstract_of_collection_detail;
drop view if exists vw_landtax_abstract_of_collection_detail_eor;
drop view if exists vw_landtax_collection_detail;
drop view if exists vw_landtax_collection_detail_eor;
drop view if exists vw_landtax_collection_disposition_detail;
drop view if exists vw_landtax_collection_disposition_detail_eor;
drop view if exists vw_landtax_collection_share_detail;
drop view if exists vw_landtax_collection_share_detail_eor;
drop view if exists vw_landtax_eor;
drop view if exists vw_landtax_eor_remittance;
drop view if exists vw_landtax_lgu_account_mapping;
drop view if exists vw_landtax_report_rptdelinquency_detail;
drop view if exists vw_landtax_report_rptdelinquency;
drop view if exists vw_machine_smv;
drop view if exists vw_machinery;
drop view if exists vw_newly_assessed_property;
drop view if exists vw_online_rptcertification;
drop view if exists vw_real_property_payment;
drop view if exists vw_report_orc;
drop view if exists vw_rptcertification_item;
drop view if exists vw_rptledger_avdifference;
drop view if exists vw_rptledger_cancelled_faas;
drop view if exists vw_rptpayment_item_detail;
drop view if exists vw_rpu_assessment;

drop table if exists vw_assessment_notice_item;
drop table if exists vw_assessment_notice;
drop table if exists vw_batch_rpttaxcredit_error;
drop table if exists vw_batchgr;
drop table if exists vw_building;
drop table if exists vw_certification_land_improvement;
drop table if exists vw_certification_landdetail;
drop table if exists vw_faas_lookup;
drop table if exists vw_landtax_abstract_of_collection_detail;
drop table if exists vw_landtax_abstract_of_collection_detail_eor;
drop table if exists vw_landtax_collection_detail;
drop table if exists vw_landtax_collection_detail_eor;
drop table if exists vw_landtax_collection_disposition_detail;
drop table if exists vw_landtax_collection_disposition_detail_eor;
drop table if exists vw_landtax_collection_share_detail;
drop table if exists vw_landtax_collection_share_detail_eor;
drop table if exists vw_landtax_eor;
drop table if exists vw_landtax_eor_remittance;
drop table if exists vw_landtax_lgu_account_mapping;
drop table if exists vw_landtax_report_rptdelinquency_detail;
drop table if exists vw_landtax_report_rptdelinquency;
drop table if exists vw_machine_smv;
drop table if exists vw_machinery;
drop table if exists vw_newly_assessed_property;
drop table if exists vw_online_rptcertification;
drop table if exists vw_real_property_payment;
drop table if exists vw_report_orc;
drop table if exists vw_rptcertification_item;
drop table if exists vw_rptledger_avdifference;
drop table if exists vw_rptledger_cancelled_faas;
drop table if exists vw_rptpayment_item_detail;
drop table if exists vw_rpu_assessment;


CREATE VIEW `vw_landtax_eor` AS select `eor`.`eor`.`objid` AS `objid`,`eor`.`eor`.`receiptno` AS `receiptno`,`eor`.`eor`.`receiptdate` AS `receiptdate`,`eor`.`eor`.`txndate` AS `txndate`,`eor`.`eor`.`state` AS `state`,`eor`.`eor`.`partnerid` AS `partnerid`,`eor`.`eor`.`txntype` AS `txntype`,`eor`.`eor`.`traceid` AS `traceid`,`eor`.`eor`.`tracedate` AS `tracedate`,`eor`.`eor`.`refid` AS `refid`,`eor`.`eor`.`paidby` AS `paidby`,`eor`.`eor`.`paidbyaddress` AS `paidbyaddress`,`eor`.`eor`.`payer_objid` AS `payer_objid`,`eor`.`eor`.`paymethod` AS `paymethod`,`eor`.`eor`.`paymentrefid` AS `paymentrefid`,`eor`.`eor`.`remittanceid` AS `remittanceid`,`eor`.`eor`.`remarks` AS `remarks`,`eor`.`eor`.`amount` AS `amount`,`eor`.`eor`.`lockid` AS `lockid` from `eor`.`eor`
;
CREATE VIEW `vw_landtax_eor_remittance` AS select `eor`.`eor_remittance`.`objid` AS `objid`,`eor`.`eor_remittance`.`state` AS `state`,`eor`.`eor_remittance`.`controlno` AS `controlno`,`eor`.`eor_remittance`.`partnerid` AS `partnerid`,`eor`.`eor_remittance`.`controldate` AS `controldate`,`eor`.`eor_remittance`.`dtcreated` AS `dtcreated`,`eor`.`eor_remittance`.`createdby_objid` AS `createdby_objid`,`eor`.`eor_remittance`.`createdby_name` AS `createdby_name`,`eor`.`eor_remittance`.`amount` AS `amount`,`eor`.`eor_remittance`.`dtposted` AS `dtposted`,`eor`.`eor_remittance`.`postedby_objid` AS `postedby_objid`,`eor`.`eor_remittance`.`postedby_name` AS `postedby_name`,`eor`.`eor_remittance`.`lockid` AS `lockid` from `eor`.`eor_remittance`
;

CREATE VIEW `vw_assessment_notice` AS select `a`.`objid` AS `objid`,`a`.`state` AS `state`,`a`.`txnno` AS `txnno`,`a`.`txndate` AS `txndate`,`a`.`taxpayerid` AS `taxpayerid`,`a`.`taxpayername` AS `taxpayername`,`a`.`taxpayeraddress` AS `taxpayeraddress`,`a`.`dtdelivered` AS `dtdelivered`,`a`.`receivedby` AS `receivedby`,`a`.`remarks` AS `remarks`,`a`.`assessmentyear` AS `assessmentyear`,`a`.`administrator_name` AS `administrator_name`,`a`.`administrator_address` AS `administrator_address`,`fl`.`tdno` AS `tdno`,`fl`.`displaypin` AS `fullpin`,`fl`.`cadastrallotno` AS `cadastrallotno`,`fl`.`titleno` AS `titleno` from ((`assessmentnotice` `a` join `assessmentnoticeitem` `i` on((`a`.`objid` = `i`.`assessmentnoticeid`))) join `faas_list` `fl` on((`i`.`faasid` = `fl`.`objid`)))
;
CREATE VIEW `vw_assessment_notice_item` AS select `ni`.`objid` AS `objid`,`ni`.`assessmentnoticeid` AS `assessmentnoticeid`,`f`.`objid` AS `faasid`,`f`.`effectivityyear` AS `effectivityyear`,`f`.`effectivityqtr` AS `effectivityqtr`,`f`.`tdno` AS `tdno`,`f`.`taxpayer_objid` AS `taxpayer_objid`,`e`.`name` AS `taxpayer_name`,`e`.`address_text` AS `taxpayer_address`,`f`.`owner_name` AS `owner_name`,`f`.`owner_address` AS `owner_address`,`f`.`administrator_name` AS `administrator_name`,`f`.`administrator_address` AS `administrator_address`,`f`.`rpuid` AS `rpuid`,`f`.`lguid` AS `lguid`,`f`.`txntype_objid` AS `txntype_objid`,`ft`.`displaycode` AS `txntype_code`,`rpu`.`rputype` AS `rputype`,`rpu`.`ry` AS `ry`,`rpu`.`fullpin` AS `fullpin`,`rpu`.`taxable` AS `taxable`,`rpu`.`totalareaha` AS `totalareaha`,`rpu`.`totalareasqm` AS `totalareasqm`,`rpu`.`totalbmv` AS `totalbmv`,`rpu`.`totalmv` AS `totalmv`,`rpu`.`totalav` AS `totalav`,`rp`.`section` AS `section`,`rp`.`parcel` AS `parcel`,`rp`.`surveyno` AS `surveyno`,`rp`.`cadastrallotno` AS `cadastrallotno`,`rp`.`blockno` AS `blockno`,`rp`.`claimno` AS `claimno`,`rp`.`street` AS `street`,`o`.`name` AS `lguname`,`b`.`name` AS `barangay`,`pc`.`code` AS `classcode`,`pc`.`name` AS `classification` from (((((((((`assessmentnoticeitem` `ni` join `faas` `f` on((`ni`.`faasid` = `f`.`objid`))) left join `txnsignatory` `ts` on(((`ts`.`refid` = `f`.`objid`) and (`ts`.`type` = 'APPROVER')))) join `rpu` on((`f`.`rpuid` = `rpu`.`objid`))) join `propertyclassification` `pc` on((`rpu`.`classification_objid` = `pc`.`objid`))) join `realproperty` `rp` on((`f`.`realpropertyid` = `rp`.`objid`))) join `barangay` `b` on((`rp`.`barangayid` = `b`.`objid`))) join `sys_org` `o` on((`f`.`lguid` = `o`.`objid`))) join `entity` `e` on((`f`.`taxpayer_objid` = `e`.`objid`))) join `faas_txntype` `ft` on((`f`.`txntype_objid` = `ft`.`objid`)))
;
CREATE VIEW `vw_batch_rpttaxcredit_error` AS select `br`.`objid` AS `objid`,`br`.`parentid` AS `parentid`,`br`.`state` AS `state`,`br`.`error` AS `error`,`br`.`barangayid` AS `barangayid`,`rl`.`tdno` AS `tdno` from (`batch_rpttaxcredit_ledger` `br` join `rptledger` `rl` on((`br`.`objid` = `rl`.`objid`))) where (`br`.`state` = 'ERROR')
;
CREATE VIEW `vw_batchgr` AS select `bg`.`objid` AS `objid`,`bg`.`state` AS `state`,`bg`.`ry` AS `ry`,`bg`.`lgu_objid` AS `lgu_objid`,`bg`.`barangay_objid` AS `barangay_objid`,`bg`.`rputype` AS `rputype`,`bg`.`classification_objid` AS `classification_objid`,`bg`.`section` AS `section`,`bg`.`memoranda` AS `memoranda`,`bg`.`txntype_objid` AS `txntype_objid`,`bg`.`txnno` AS `txnno`,`bg`.`txndate` AS `txndate`,`bg`.`effectivityyear` AS `effectivityyear`,`bg`.`effectivityqtr` AS `effectivityqtr`,`bg`.`originlgu_objid` AS `originlgu_objid`,`l`.`name` AS `lgu_name`,`b`.`name` AS `barangay_name`,`b`.`pin` AS `barangay_pin`,`pc`.`name` AS `classification_name`,`t`.`objid` AS `taskid`,`t`.`state` AS `taskstate`,`t`.`assignee_objid` AS `assignee_objid` from ((((`batchgr` `bg` join `sys_org` `l` on((`bg`.`lgu_objid` = `l`.`objid`))) left join `barangay` `b` on((`bg`.`barangay_objid` = `b`.`objid`))) left join `propertyclassification` `pc` on((`bg`.`classification_objid` = `pc`.`objid`))) left join `batchgr_task` `t` on(((`bg`.`objid` = `t`.`refid`) and isnull(`t`.`enddate`))))
;
CREATE VIEW `vw_building` AS select `f`.`objid` AS `objid`,`f`.`state` AS `state`,`f`.`rpuid` AS `rpuid`,`f`.`realpropertyid` AS `realpropertyid`,`f`.`tdno` AS `tdno`,`f`.`fullpin` AS `fullpin`,`f`.`taxpayer_objid` AS `taxpayer_objid`,`f`.`owner_name` AS `owner_name`,`f`.`owner_address` AS `owner_address`,`f`.`administrator_name` AS `administrator_name`,`f`.`administrator_address` AS `administrator_address`,`f`.`lguid` AS `lgu_objid`,`o`.`name` AS `lgu_name`,`b`.`objid` AS `barangay_objid`,`b`.`name` AS `barangay_name`,`r`.`classification_objid` AS `classification_objid`,`pc`.`name` AS `classification_name`,`rp`.`pin` AS `pin`,`rp`.`section` AS `section`,`rp`.`ry` AS `ry`,`rp`.`cadastrallotno` AS `cadastrallotno`,`rp`.`blockno` AS `blockno`,`rp`.`surveyno` AS `surveyno`,`bt`.`objid` AS `bldgtype_objid`,`bt`.`name` AS `bldgtype_name`,`bk`.`objid` AS `bldgkind_objid`,`bk`.`name` AS `bldgkind_name`,`bu`.`basemarketvalue` AS `basemarketvalue`,`bu`.`adjustment` AS `adjustment`,`bu`.`depreciationvalue` AS `depreciationvalue`,`bu`.`marketvalue` AS `marketvalue`,`bu`.`assessedvalue` AS `assessedvalue`,`al`.`objid` AS `actualuse_objid`,`al`.`name` AS `actualuse_name`,`r`.`totalareaha` AS `totalareaha`,`r`.`totalareasqm` AS `totalareasqm`,`r`.`totalmv` AS `totalmv`,`r`.`totalav` AS `totalav` from (((((((((((`faas` `f` join `rpu` `r` on((`f`.`rpuid` = `r`.`objid`))) join `propertyclassification` `pc` on((`r`.`classification_objid` = `pc`.`objid`))) join `realproperty` `rp` on((`f`.`realpropertyid` = `rp`.`objid`))) join `barangay` `b` on((`rp`.`barangayid` = `b`.`objid`))) join `sys_org` `o` on((`f`.`lguid` = `o`.`objid`))) join `bldgrpu_structuraltype` `bst` on((`r`.`objid` = `bst`.`bldgrpuid`))) join `bldgtype` `bt` on((`bst`.`bldgtype_objid` = `bt`.`objid`))) join `bldgkindbucc` `bucc` on((`bst`.`bldgkindbucc_objid` = `bucc`.`objid`))) join `bldgkind` `bk` on((`bucc`.`bldgkind_objid` = `bk`.`objid`))) join `bldguse` `bu` on((`bst`.`objid` = `bu`.`structuraltype_objid`))) join `bldgassesslevel` `al` on((`bu`.`actualuse_objid` = `al`.`objid`)))
;
CREATE VIEW `vw_certification_land_improvement` AS select `f`.`objid` AS `faasid`,`pt`.`name` AS `improvement`,`ptd`.`areacovered` AS `areacovered`,`ptd`.`productive` AS `productive`,`ptd`.`nonproductive` AS `nonproductive`,`ptd`.`basemarketvalue` AS `basemarketvalue`,`ptd`.`marketvalue` AS `marketvalue`,`ptd`.`unitvalue` AS `unitvalue`,`ptd`.`assessedvalue` AS `assessedvalue` from ((`faas` `f` join `planttreedetail` `ptd` on((`f`.`rpuid` = `ptd`.`landrpuid`))) join `planttree` `pt` on((`ptd`.`planttree_objid` = `pt`.`objid`)))
;
CREATE VIEW `vw_certification_landdetail` AS select `f`.`objid` AS `faasid`,`ld`.`areaha` AS `areaha`,`ld`.`areasqm` AS `areasqm`,`ld`.`assessedvalue` AS `assessedvalue`,`ld`.`marketvalue` AS `marketvalue`,`ld`.`basemarketvalue` AS `basemarketvalue`,`ld`.`unitvalue` AS `unitvalue`,`lspc`.`name` AS `specificclass_name` from ((`faas` `f` join `landdetail` `ld` on((`f`.`rpuid` = `ld`.`landrpuid`))) join `landspecificclass` `lspc` on((`ld`.`landspecificclass_objid` = `lspc`.`objid`)))
;
CREATE VIEW `vw_faas_lookup` AS select `fl`.`objid` AS `objid`,`fl`.`state` AS `state`,`fl`.`rpuid` AS `rpuid`,`fl`.`utdno` AS `utdno`,`fl`.`tdno` AS `tdno`,`fl`.`txntype_objid` AS `txntype_objid`,`fl`.`effectivityyear` AS `effectivityyear`,`fl`.`effectivityqtr` AS `effectivityqtr`,`fl`.`taxpayer_objid` AS `taxpayer_objid`,`fl`.`owner_name` AS `owner_name`,`fl`.`owner_address` AS `owner_address`,`fl`.`prevtdno` AS `prevtdno`,`fl`.`cancelreason` AS `cancelreason`,`fl`.`cancelledbytdnos` AS `cancelledbytdnos`,`fl`.`lguid` AS `lguid`,`fl`.`realpropertyid` AS `realpropertyid`,`fl`.`displaypin` AS `fullpin`,`fl`.`originlguid` AS `originlguid`,`e`.`name` AS `taxpayer_name`,`e`.`address_text` AS `taxpayer_address`,`pc`.`code` AS `classification_code`,`pc`.`code` AS `classcode`,`pc`.`name` AS `classification_name`,`pc`.`name` AS `classname`,`fl`.`ry` AS `ry`,`fl`.`rputype` AS `rputype`,`fl`.`totalmv` AS `totalmv`,`fl`.`totalav` AS `totalav`,`fl`.`totalareasqm` AS `totalareasqm`,`fl`.`totalareaha` AS `totalareaha`,`fl`.`barangayid` AS `barangayid`,`fl`.`cadastrallotno` AS `cadastrallotno`,`fl`.`blockno` AS `blockno`,`fl`.`surveyno` AS `surveyno`,`fl`.`pin` AS `pin`,`fl`.`barangay` AS `barangay_name`,`fl`.`trackingno` AS `trackingno` from ((`faas_list` `fl` left join `propertyclassification` `pc` on((`fl`.`classification_objid` = `pc`.`objid`))) left join `entity` `e` on((`fl`.`taxpayer_objid` = `e`.`objid`)))
;
CREATE VIEW `vw_landtax_abstract_of_collection_detail` AS select `liq`.`objid` AS `liquidationid`,`liq`.`controldate` AS `liquidationdate`,`rem`.`objid` AS `remittanceid`,`rem`.`dtposted` AS `remittancedate`,`cr`.`objid` AS `receiptid`,`cr`.`receiptdate` AS `ordate`,`cr`.`receiptno` AS `orno`,`cr`.`collector_objid` AS `collectorid`,`rl`.`objid` AS `rptledgerid`,`rl`.`fullpin` AS `fullpin`,`rl`.`titleno` AS `titleno`,`rl`.`cadastrallotno` AS `cadastrallotno`,`rl`.`rputype` AS `rputype`,`rl`.`totalmv` AS `totalmv`,`b`.`name` AS `barangay`,`rp`.`fromqtr` AS `fromqtr`,`rp`.`toqtr` AS `toqtr`,`rpi`.`year` AS `year`,`rpi`.`qtr` AS `qtr`,`rpi`.`revtype` AS `revtype`,(case when isnull(`cv`.`objid`) then `rl`.`owner_name` else '*** voided ***' end) AS `taxpayername`,(case when isnull(`cv`.`objid`) then `rl`.`tdno` else '' end) AS `tdno`,(case when isnull(`m`.`name`) then `c`.`name` else `m`.`name` end) AS `municityname`,(case when isnull(`cv`.`objid`) then `rl`.`classcode` else '' end) AS `classification`,(case when isnull(`cv`.`objid`) then `rl`.`totalav` else 0.0 end) AS `assessvalue`,(case when isnull(`cv`.`objid`) then `rl`.`totalav` else 0.0 end) AS `assessedvalue`,(case when (isnull(`cv`.`objid`) and (`rpi`.`revtype` = 'basic') and (`rpi`.`revperiod` in ('current','advance'))) then `rpi`.`amount` else 0.0 end) AS `basiccurrentyear`,(case when (isnull(`cv`.`objid`) and (`rpi`.`revtype` = 'basic') and (`rpi`.`revperiod` in ('previous','prior'))) then `rpi`.`amount` else 0.0 end) AS `basicpreviousyear`,(case when (isnull(`cv`.`objid`) and (`rpi`.`revtype` = 'basic')) then `rpi`.`discount` else 0.0 end) AS `basicdiscount`,(case when (isnull(`cv`.`objid`) and (`rpi`.`revtype` = 'basic') and (`rpi`.`revperiod` in ('current','advance'))) then `rpi`.`interest` else 0.0 end) AS `basicpenaltycurrent`,(case when (isnull(`cv`.`objid`) and (`rpi`.`revtype` = 'basic') and (`rpi`.`revperiod` in ('previous','prior'))) then `rpi`.`interest` else 0.0 end) AS `basicpenaltyprevious`,(case when (isnull(`cv`.`objid`) and (`rpi`.`revtype` = 'sef') and (`rpi`.`revperiod` in ('current','advance'))) then `rpi`.`amount` else 0.0 end) AS `sefcurrentyear`,(case when (isnull(`cv`.`objid`) and (`rpi`.`revtype` = 'sef') and (`rpi`.`revperiod` in ('previous','prior'))) then `rpi`.`amount` else 0.0 end) AS `sefpreviousyear`,(case when (isnull(`cv`.`objid`) and (`rpi`.`revtype` = 'sef')) then `rpi`.`discount` else 0.0 end) AS `sefdiscount`,(case when (isnull(`cv`.`objid`) and (`rpi`.`revtype` = 'sef') and (`rpi`.`revperiod` in ('current','advance'))) then `rpi`.`interest` else 0.0 end) AS `sefpenaltycurrent`,(case when (isnull(`cv`.`objid`) and (`rpi`.`revtype` = 'sef') and (`rpi`.`revperiod` in ('previous','prior'))) then `rpi`.`interest` else 0.0 end) AS `sefpenaltyprevious`,(case when (isnull(`cv`.`objid`) and (`rpi`.`revtype` = 'basicidle') and (`rpi`.`revperiod` in ('current','advance'))) then `rpi`.`amount` else 0.0 end) AS `basicidlecurrent`,(case when (isnull(`cv`.`objid`) and (`rpi`.`revtype` = 'basicidle') and (`rpi`.`revperiod` in ('previous','prior'))) then `rpi`.`amount` else 0.0 end) AS `basicidleprevious`,(case when (isnull(`cv`.`objid`) and (`rpi`.`revtype` = 'basicidle')) then `rpi`.`amount` else 0.0 end) AS `basicidlediscount`,(case when (isnull(`cv`.`objid`) and (`rpi`.`revtype` = 'basicidle') and (`rpi`.`revperiod` in ('current','advance'))) then `rpi`.`interest` else 0.0 end) AS `basicidlecurrentpenalty`,(case when (isnull(`cv`.`objid`) and (`rpi`.`revtype` = 'basicidle') and (`rpi`.`revperiod` in ('previous','prior'))) then `rpi`.`interest` else 0.0 end) AS `basicidlepreviouspenalty`,(case when (isnull(`cv`.`objid`) and (`rpi`.`revtype` = 'sh') and (`rpi`.`revperiod` in ('current','advance'))) then `rpi`.`amount` else 0.0 end) AS `shcurrent`,(case when (isnull(`cv`.`objid`) and (`rpi`.`revtype` = 'sh') and (`rpi`.`revperiod` in ('previous','prior'))) then `rpi`.`amount` else 0.0 end) AS `shprevious`,(case when (isnull(`cv`.`objid`) and (`rpi`.`revtype` = 'sh')) then `rpi`.`discount` else 0.0 end) AS `shdiscount`,(case when (isnull(`cv`.`objid`) and (`rpi`.`revtype` = 'sh') and (`rpi`.`revperiod` in ('current','advance'))) then `rpi`.`interest` else 0.0 end) AS `shcurrentpenalty`,(case when (isnull(`cv`.`objid`) and (`rpi`.`revtype` = 'sh') and (`rpi`.`revperiod` in ('previous','prior'))) then `rpi`.`interest` else 0.0 end) AS `shpreviouspenalty`,(case when (isnull(`cv`.`objid`) and (`rpi`.`revtype` = 'firecode')) then `rpi`.`amount` else 0.0 end) AS `firecode`,(case when isnull(`cv`.`objid`) then ((`rpi`.`amount` - `rpi`.`discount`) + `rpi`.`interest`) else 0.0 end) AS `total`,(case when isnull(`cv`.`objid`) then `rpi`.`partialled` else 0 end) AS `partialled` from ((((((((((`collectionvoucher` `liq` join `remittance` `rem` on((`rem`.`collectionvoucherid` = `liq`.`objid`))) join `cashreceipt` `cr` on((`rem`.`objid` = `cr`.`remittanceid`))) left join `cashreceipt_void` `cv` on((`cr`.`objid` = `cv`.`receiptid`))) join `rptpayment` `rp` on((`rp`.`receiptid` = `cr`.`objid`))) join `rptpayment_item` `rpi` on((`rpi`.`parentid` = `rp`.`objid`))) join `rptledger` `rl` on((`rl`.`objid` = `rp`.`refid`))) join `barangay` `b` on((`b`.`objid` = `rl`.`barangayid`))) left join `district` `d` on((`b`.`parentid` = `d`.`objid`))) left join `city` `c` on((`d`.`parentid` = `c`.`objid`))) left join `municipality` `m` on((`b`.`parentid` = `m`.`objid`)))
;
CREATE VIEW `vw_landtax_abstract_of_collection_detail_eor` AS select `rem`.`objid` AS `liquidationid`,`rem`.`controldate` AS `liquidationdate`,`rem`.`objid` AS `remittanceid`,`rem`.`controldate` AS `remittancedate`,`eor`.`objid` AS `receiptid`,`eor`.`receiptdate` AS `ordate`,`eor`.`receiptno` AS `orno`,`rem`.`createdby_objid` AS `collectorid`,`rl`.`objid` AS `rptledgerid`,`rl`.`fullpin` AS `fullpin`,`rl`.`titleno` AS `titleno`,`rl`.`cadastrallotno` AS `cadastrallotno`,`rl`.`rputype` AS `rputype`,`rl`.`totalmv` AS `totalmv`,`b`.`name` AS `barangay`,`rp`.`fromqtr` AS `fromqtr`,`rp`.`toqtr` AS `toqtr`,`rpi`.`year` AS `year`,`rpi`.`qtr` AS `qtr`,`rpi`.`revtype` AS `revtype`,(case when isnull(`cv`.`objid`) then `rl`.`owner_name` else '*** voided ***' end) AS `taxpayername`,(case when isnull(`cv`.`objid`) then `rl`.`tdno` else '' end) AS `tdno`,(case when isnull(`m`.`name`) then `c`.`name` else `m`.`name` end) AS `municityname`,(case when isnull(`cv`.`objid`) then `rl`.`classcode` else '' end) AS `classification`,(case when isnull(`cv`.`objid`) then `rl`.`totalav` else 0.0 end) AS `assessvalue`,(case when isnull(`cv`.`objid`) then `rl`.`totalav` else 0.0 end) AS `assessedvalue`,(case when (isnull(`cv`.`objid`) and (`rpi`.`revtype` = 'basic') and (`rpi`.`revperiod` in ('current','advance'))) then `rpi`.`amount` else 0.0 end) AS `basiccurrentyear`,(case when (isnull(`cv`.`objid`) and (`rpi`.`revtype` = 'basic') and (`rpi`.`revperiod` in ('previous','prior'))) then `rpi`.`amount` else 0.0 end) AS `basicpreviousyear`,(case when (isnull(`cv`.`objid`) and (`rpi`.`revtype` = 'basic')) then `rpi`.`discount` else 0.0 end) AS `basicdiscount`,(case when (isnull(`cv`.`objid`) and (`rpi`.`revtype` = 'basic') and (`rpi`.`revperiod` in ('current','advance'))) then `rpi`.`interest` else 0.0 end) AS `basicpenaltycurrent`,(case when (isnull(`cv`.`objid`) and (`rpi`.`revtype` = 'basic') and (`rpi`.`revperiod` in ('previous','prior'))) then `rpi`.`interest` else 0.0 end) AS `basicpenaltyprevious`,(case when (isnull(`cv`.`objid`) and (`rpi`.`revtype` = 'sef') and (`rpi`.`revperiod` in ('current','advance'))) then `rpi`.`amount` else 0.0 end) AS `sefcurrentyear`,(case when (isnull(`cv`.`objid`) and (`rpi`.`revtype` = 'sef') and (`rpi`.`revperiod` in ('previous','prior'))) then `rpi`.`amount` else 0.0 end) AS `sefpreviousyear`,(case when (isnull(`cv`.`objid`) and (`rpi`.`revtype` = 'sef')) then `rpi`.`discount` else 0.0 end) AS `sefdiscount`,(case when (isnull(`cv`.`objid`) and (`rpi`.`revtype` = 'sef') and (`rpi`.`revperiod` in ('current','advance'))) then `rpi`.`interest` else 0.0 end) AS `sefpenaltycurrent`,(case when (isnull(`cv`.`objid`) and (`rpi`.`revtype` = 'sef') and (`rpi`.`revperiod` in ('previous','prior'))) then `rpi`.`interest` else 0.0 end) AS `sefpenaltyprevious`,(case when (isnull(`cv`.`objid`) and (`rpi`.`revtype` = 'basicidle') and (`rpi`.`revperiod` in ('current','advance'))) then `rpi`.`amount` else 0.0 end) AS `basicidlecurrent`,(case when (isnull(`cv`.`objid`) and (`rpi`.`revtype` = 'basicidle') and (`rpi`.`revperiod` in ('previous','prior'))) then `rpi`.`amount` else 0.0 end) AS `basicidleprevious`,(case when (isnull(`cv`.`objid`) and (`rpi`.`revtype` = 'basicidle')) then `rpi`.`amount` else 0.0 end) AS `basicidlediscount`,(case when (isnull(`cv`.`objid`) and (`rpi`.`revtype` = 'basicidle') and (`rpi`.`revperiod` in ('current','advance'))) then `rpi`.`interest` else 0.0 end) AS `basicidlecurrentpenalty`,(case when (isnull(`cv`.`objid`) and (`rpi`.`revtype` = 'basicidle') and (`rpi`.`revperiod` in ('previous','prior'))) then `rpi`.`interest` else 0.0 end) AS `basicidlepreviouspenalty`,(case when (isnull(`cv`.`objid`) and (`rpi`.`revtype` = 'sh') and (`rpi`.`revperiod` in ('current','advance'))) then `rpi`.`amount` else 0.0 end) AS `shcurrent`,(case when (isnull(`cv`.`objid`) and (`rpi`.`revtype` = 'sh') and (`rpi`.`revperiod` in ('previous','prior'))) then `rpi`.`amount` else 0.0 end) AS `shprevious`,(case when (isnull(`cv`.`objid`) and (`rpi`.`revtype` = 'sh')) then `rpi`.`discount` else 0.0 end) AS `shdiscount`,(case when (isnull(`cv`.`objid`) and (`rpi`.`revtype` = 'sh') and (`rpi`.`revperiod` in ('current','advance'))) then `rpi`.`interest` else 0.0 end) AS `shcurrentpenalty`,(case when (isnull(`cv`.`objid`) and (`rpi`.`revtype` = 'sh') and (`rpi`.`revperiod` in ('previous','prior'))) then `rpi`.`interest` else 0.0 end) AS `shpreviouspenalty`,(case when (isnull(`cv`.`objid`) and (`rpi`.`revtype` = 'firecode')) then `rpi`.`amount` else 0.0 end) AS `firecode`,(case when isnull(`cv`.`objid`) then ((`rpi`.`amount` - `rpi`.`discount`) + `rpi`.`interest`) else 0.0 end) AS `total`,(case when isnull(`cv`.`objid`) then `rpi`.`partialled` else 0 end) AS `partialled` from (((((((((`vw_landtax_eor_remittance` `rem` join `vw_landtax_eor` `eor` on((`rem`.`objid` = `eor`.`remittanceid`))) left join `cashreceipt_void` `cv` on((`eor`.`objid` = `cv`.`receiptid`))) join `rptpayment` `rp` on((`eor`.`objid` = `rp`.`receiptid`))) join `rptpayment_item` `rpi` on((`rpi`.`parentid` = `rp`.`objid`))) join `rptledger` `rl` on((`rl`.`objid` = `rp`.`refid`))) join `barangay` `b` on((`b`.`objid` = `rl`.`barangayid`))) left join `district` `d` on((`b`.`parentid` = `d`.`objid`))) left join `city` `c` on((`d`.`parentid` = `c`.`objid`))) left join `municipality` `m` on((`b`.`parentid` = `m`.`objid`)))
;
CREATE VIEW `vw_landtax_collection_detail` AS 
select 
  `cv`.`objid` AS `liquidationid`,
  `cv`.`controldate` AS `liquidationdate`,
  `rem`.`objid` AS `remittanceid`,
  `rem`.`controldate` AS `remittancedate`,
  `cr`.`receiptdate` AS `receiptdate`,
  `o`.`objid` AS `lguid`,
  `o`.`name` AS `lgu`,
  `b`.`objid` AS `barangayid`,
  `b`.`indexno` AS `brgyindex`,
  `b`.`name` AS `barangay`,
  `ri`.`revperiod` AS `revperiod`,
  `ri`.`revtype` AS `revtype`,
  `ri`.`year` AS `year`,
  `ri`.`qtr` AS `qtr`,
  `ri`.`amount` AS `amount`,
  `ri`.`interest` AS `interest`,
  `ri`.`discount` AS `discount`,
  `pc`.`name` AS `classname`,
  `pc`.`orderno` AS `orderno`,
  `pc`.`special` AS `special`,
  (case when ((`ri`.`revperiod` = 'current') and (`ri`.`revtype` = 'basic')) then `ri`.`amount` else 0.0 end) AS `basiccurrent`,
  (case when (`ri`.`revtype` = 'basic') then `ri`.`discount` else 0.0 end) AS `basicdisc`,
  (case when ((`ri`.`revperiod` in ('previous','prior')) and (`ri`.`revtype` = 'basic')) then `ri`.`amount` else 0.0 end) AS `basicprev`,
  (case when ((`ri`.`revperiod` = 'current') and (`ri`.`revtype` = 'basic')) then `ri`.`interest` else 0.0 end) AS `basiccurrentint`,
  (case when ((`ri`.`revperiod` in ('previous','prior')) and (`ri`.`revtype` = 'basic')) then `ri`.`interest` else 0.0 end) AS `basicprevint`,
  (case when (`ri`.`revtype` = 'basic') then ((`ri`.`amount` - `ri`.`discount`) + `ri`.`interest`) else 0 end) AS `basicnet`,
  (case when ((`ri`.`revperiod` = 'current') and (`ri`.`revtype` = 'sef')) then `ri`.`amount` else 0.0 end) AS `sefcurrent`,
  (case when (`ri`.`revtype` = 'sef') then `ri`.`discount` else 0.0 end) AS `sefdisc`,
  (case when ((`ri`.`revperiod` in ('previous','prior')) and (`ri`.`revtype` = 'sef')) then `ri`.`amount` else 0.0 end) AS `sefprev`,
  (case when ((`ri`.`revperiod` = 'current') and (`ri`.`revtype` = 'sef')) then `ri`.`interest` else 0.0 end) AS `sefcurrentint`,
  (case when ((`ri`.`revperiod` in ('previous','prior')) and (`ri`.`revtype` = 'sef')) then `ri`.`interest` else 0.0 end) AS `sefprevint`,
  (case when (`ri`.`revtype` = 'sef') then ((`ri`.`amount` - `ri`.`discount`) + `ri`.`interest`) else 0 end) AS `sefnet`,
  (case when ((`ri`.`revperiod` = 'current') and (`ri`.`revtype` = 'basicidle')) then `ri`.`amount` else 0.0 end) AS `idlecurrent`,
  (case when ((`ri`.`revperiod` in ('previous','prior')) and (`ri`.`revtype` = 'basicidle')) then `ri`.`amount` else 0.0 end) AS `idleprev`,
  (case when (`ri`.`revtype` = 'basicidle') then `ri`.`discount` else 0.0 end) AS `idledisc`,
  (case when (`ri`.`revtype` = 'basicidle') then `ri`.`interest` else 0 end) AS `idleint`,
  (case when (`ri`.`revtype` = 'basicidle') then ((`ri`.`amount` - `ri`.`discount`) + `ri`.`interest`) else 0 end) AS `idlenet`,
  (case when ((`ri`.`revperiod` = 'current') and (`ri`.`revtype` = 'sh')) then `ri`.`amount` else 0.0 end) AS `shcurrent`,
  (case when ((`ri`.`revperiod` in ('previous','prior')) and (`ri`.`revtype` = 'sh')) then `ri`.`amount` else 0.0 end) AS `shprev`,
  (case when (`ri`.`revtype` = 'sh') then `ri`.`discount` else 0.0 end) AS `shdisc`,
  (case when (`ri`.`revtype` = 'sh') then `ri`.`interest` else 0 end) AS `shint`,
  (case when (`ri`.`revtype` = 'sh') then ((`ri`.`amount` - `ri`.`discount`) + `ri`.`interest`) else 0 end) AS `shnet`,
  (case when (`ri`.`revtype` = 'firecode') then ((`ri`.`amount` - `ri`.`discount`) + `ri`.`interest`) else 0 end) AS `firecode`,
  0.0 AS `levynet`,
  case when crv.objid is null then 0 else 1 end as voided
from (((((((((`remittance` `rem` 
join `collectionvoucher` `cv` on((`cv`.`objid` = `rem`.`collectionvoucherid`))) 
join `cashreceipt` `cr` on((`cr`.`remittanceid` = `rem`.`objid`))) left 
join `cashreceipt_void` `crv` on((`cr`.`objid` = `crv`.`receiptid`))) 
join `rptpayment` `rp` on((`cr`.`objid` = `rp`.`receiptid`))) 
join `rptpayment_item` `ri` on((`rp`.`objid` = `ri`.`parentid`))) left 
join `rptledger` `rl` on((`rp`.`refid` = `rl`.`objid`))) left 
join `barangay` `b` on((`rl`.`barangayid` = `b`.`objid`))) left 
join `sys_org` `o` on((`rl`.`lguid` = `o`.`objid`))) left 
join `propertyclassification` `pc` on((`rl`.`classification_objid` = `pc`.`objid`))) 
;
CREATE VIEW `vw_landtax_collection_detail_eor` AS select `rem`.`objid` AS `liquidationid`,`rem`.`controldate` AS `liquidationdate`,`rem`.`objid` AS `remittanceid`,`rem`.`controldate` AS `remittancedate`,`eor`.`receiptdate` AS `receiptdate`,`o`.`objid` AS `lguid`,`o`.`name` AS `lgu`,`b`.`objid` AS `barangayid`,`b`.`indexno` AS `brgyindex`,`b`.`name` AS `barangay`,`ri`.`revperiod` AS `revperiod`,`ri`.`revtype` AS `revtype`,`ri`.`year` AS `year`,`ri`.`qtr` AS `qtr`,`ri`.`amount` AS `amount`,`ri`.`interest` AS `interest`,`ri`.`discount` AS `discount`,`pc`.`name` AS `classname`,`pc`.`orderno` AS `orderno`,`pc`.`special` AS `special`,(case when ((`ri`.`revperiod` = 'current') and (`ri`.`revtype` = 'basic')) then `ri`.`amount` else 0.0 end) AS `basiccurrent`,(case when (`ri`.`revtype` = 'basic') then `ri`.`discount` else 0.0 end) AS `basicdisc`,(case when ((`ri`.`revperiod` in ('previous','prior')) and (`ri`.`revtype` = 'basic')) then `ri`.`amount` else 0.0 end) AS `basicprev`,(case when ((`ri`.`revperiod` = 'current') and (`ri`.`revtype` = 'basic')) then `ri`.`interest` else 0.0 end) AS `basiccurrentint`,(case when ((`ri`.`revperiod` in ('previous','prior')) and (`ri`.`revtype` = 'basic')) then `ri`.`interest` else 0.0 end) AS `basicprevint`,(case when (`ri`.`revtype` = 'basic') then ((`ri`.`amount` - `ri`.`discount`) + `ri`.`interest`) else 0 end) AS `basicnet`,(case when ((`ri`.`revperiod` = 'current') and (`ri`.`revtype` = 'sef')) then `ri`.`amount` else 0.0 end) AS `sefcurrent`,(case when (`ri`.`revtype` = 'sef') then `ri`.`discount` else 0.0 end) AS `sefdisc`,(case when ((`ri`.`revperiod` in ('previous','prior')) and (`ri`.`revtype` = 'sef')) then `ri`.`amount` else 0.0 end) AS `sefprev`,(case when ((`ri`.`revperiod` = 'current') and (`ri`.`revtype` = 'sef')) then `ri`.`interest` else 0.0 end) AS `sefcurrentint`,(case when ((`ri`.`revperiod` in ('previous','prior')) and (`ri`.`revtype` = 'sef')) then `ri`.`interest` else 0.0 end) AS `sefprevint`,(case when (`ri`.`revtype` = 'sef') then ((`ri`.`amount` - `ri`.`discount`) + `ri`.`interest`) else 0 end) AS `sefnet`,(case when ((`ri`.`revperiod` = 'current') and (`ri`.`revtype` = 'basicidle')) then `ri`.`amount` else 0.0 end) AS `idlecurrent`,(case when ((`ri`.`revperiod` in ('previous','prior')) and (`ri`.`revtype` = 'basicidle')) then `ri`.`amount` else 0.0 end) AS `idleprev`,(case when (`ri`.`revtype` = 'basicidle') then `ri`.`discount` else 0.0 end) AS `idledisc`,(case when (`ri`.`revtype` = 'basicidle') then `ri`.`interest` else 0 end) AS `idleint`,(case when (`ri`.`revtype` = 'basicidle') then ((`ri`.`amount` - `ri`.`discount`) + `ri`.`interest`) else 0 end) AS `idlenet`,(case when ((`ri`.`revperiod` = 'current') and (`ri`.`revtype` = 'sh')) then `ri`.`amount` else 0.0 end) AS `shcurrent`,(case when ((`ri`.`revperiod` in ('previous','prior')) and (`ri`.`revtype` = 'sh')) then `ri`.`amount` else 0.0 end) AS `shprev`,(case when (`ri`.`revtype` = 'sh') then `ri`.`discount` else 0.0 end) AS `shdisc`,(case when (`ri`.`revtype` = 'sh') then `ri`.`interest` else 0 end) AS `shint`,(case when (`ri`.`revtype` = 'sh') then ((`ri`.`amount` - `ri`.`discount`) + `ri`.`interest`) else 0 end) AS `shnet`,(case when (`ri`.`revtype` = 'firecode') then ((`ri`.`amount` - `ri`.`discount`) + `ri`.`interest`) else 0 end) AS `firecode`,0.0 AS `levynet` from (((((((`vw_landtax_eor_remittance` `rem` join `vw_landtax_eor` `eor` on((`rem`.`objid` = `eor`.`remittanceid`))) join `rptpayment` `rp` on((`eor`.`objid` = `rp`.`receiptid`))) join `rptpayment_item` `ri` on((`rp`.`objid` = `ri`.`parentid`))) left join `rptledger` `rl` on((`rp`.`refid` = `rl`.`objid`))) left join `barangay` `b` on((`rl`.`barangayid` = `b`.`objid`))) left join `sys_org` `o` on((`rl`.`lguid` = `o`.`objid`))) left join `propertyclassification` `pc` on((`rl`.`classification_objid` = `pc`.`objid`)))
;
CREATE VIEW `vw_landtax_collection_disposition_detail` 
AS 
select 
  `cv`.`objid` AS `liquidationid`,
  `cv`.`controldate` AS `liquidationdate`,
  `rem`.`objid` AS `remittanceid`,
  `rem`.`controldate` AS `remittancedate`,
  `cr`.`receiptdate` AS `receiptdate`,
  `ri`.`revperiod` AS `revperiod`,
  (case when ((`ri`.`revtype` in ('basic','basicint','basicidle','basicidleint')) and (`ri`.`sharetype` in ('province','city'))) then `ri`.`amount` else 0.0 end) AS `provcitybasicshare`,
  (case when ((`ri`.`revtype` in ('basic','basicint','basicidle','basicidleint')) and (`ri`.`sharetype` = 'municipality')) then `ri`.`amount` else 0.0 end) AS `munibasicshare`,
  (case when ((`ri`.`revtype` in ('basic','basicint')) and (`ri`.`sharetype` = 'barangay')) then `ri`.`amount` else 0.0 end) AS `brgybasicshare`,
  (case when ((`ri`.`revtype` in ('sef','sefint')) and (`ri`.`sharetype` in ('province','city'))) then `ri`.`amount` else 0.0 end) AS `provcitysefshare`,
  (case when ((`ri`.`revtype` in ('sef','sefint')) and (`ri`.`sharetype` = 'municipality')) then `ri`.`amount` else 0.0 end) AS `munisefshare`,
  0.0 AS `brgysefshare`,
  case when crv.objid is null then 0 else 1 end as voided
from (((((`remittance` `rem` 
join `collectionvoucher` `cv` on((`cv`.`objid` = `rem`.`collectionvoucherid`))) 
join `cashreceipt` `cr` on((`cr`.`remittanceid` = `rem`.`objid`))) left 
join `cashreceipt_void` `crv` on((`cr`.`objid` = `crv`.`receiptid`))) 
join `rptpayment` `rp` on((`cr`.`objid` = `rp`.`receiptid`))) 
join `rptpayment_share` `ri` on((`rp`.`objid` = `ri`.`parentid`))) 
;
CREATE VIEW `vw_landtax_collection_disposition_detail_eor` AS select `rem`.`objid` AS `liquidationid`,`rem`.`controldate` AS `liquidationdate`,`rem`.`objid` AS `remittanceid`,`rem`.`controldate` AS `remittancedate`,`eor`.`receiptdate` AS `receiptdate`,`ri`.`revperiod` AS `revperiod`,(case when ((`ri`.`revtype` in ('basic','basicint','basicidle','basicidleint')) and (`ri`.`sharetype` in ('province','city'))) then `ri`.`amount` else 0.0 end) AS `provcitybasicshare`,(case when ((`ri`.`revtype` in ('basic','basicint','basicidle','basicidleint')) and (`ri`.`sharetype` = 'municipality')) then `ri`.`amount` else 0.0 end) AS `munibasicshare`,(case when ((`ri`.`revtype` in ('basic','basicint')) and (`ri`.`sharetype` = 'barangay')) then `ri`.`amount` else 0.0 end) AS `brgybasicshare`,(case when ((`ri`.`revtype` in ('sef','sefint')) and (`ri`.`sharetype` in ('province','city'))) then `ri`.`amount` else 0.0 end) AS `provcitysefshare`,(case when ((`ri`.`revtype` in ('sef','sefint')) and (`ri`.`sharetype` = 'municipality')) then `ri`.`amount` else 0.0 end) AS `munisefshare`,0.0 AS `brgysefshare` from (((`vw_landtax_eor_remittance` `rem` join `vw_landtax_eor` `eor` on((`rem`.`objid` = `eor`.`remittanceid`))) join `rptpayment` `rp` on((`eor`.`objid` = `rp`.`receiptid`))) join `rptpayment_share` `ri` on((`rp`.`objid` = `ri`.`parentid`)))
;
CREATE VIEW `vw_landtax_collection_share_detail` AS select `cv`.`objid` AS `liquidationid`,`cv`.`controlno` AS `liquidationno`,`cv`.`controldate` AS `liquidationdate`,`rem`.`objid` AS `remittanceid`,`rem`.`controlno` AS `remittanceno`,`rem`.`controldate` AS `remittancedate`,`cr`.`objid` AS `receiptid`,`cr`.`receiptno` AS `receiptno`,`cr`.`receiptdate` AS `receiptdate`,`cr`.`txndate` AS `txndate`,`o`.`name` AS `lgu`,`b`.`objid` AS `barangayid`,`b`.`name` AS `barangay`,`cra`.`revtype` AS `revtype`,`cra`.`revperiod` AS `revperiod`,`cra`.`sharetype` AS `sharetype`,(case when ((`cra`.`revperiod` = 'current') and (`cra`.`revtype` = 'basic')) then `cra`.`amount` else 0 end) AS `brgycurr`,(case when ((`cra`.`revperiod` in ('previous','prior')) and (`cra`.`revtype` = 'basic')) then `cra`.`amount` else 0 end) AS `brgyprev`,(case when (`cra`.`revtype` = 'basicint') then `cra`.`amount` else 0 end) AS `brgypenalty`,(case when ((`cra`.`revperiod` = 'current') and (`cra`.`revtype` = 'basic') and (`cra`.`sharetype` = 'barangay')) then `cra`.`amount` else 0 end) AS `brgycurrshare`,(case when ((`cra`.`revperiod` in ('previous','prior')) and (`cra`.`revtype` = 'basic') and (`cra`.`sharetype` = 'barangay')) then `cra`.`amount` else 0 end) AS `brgyprevshare`,(case when ((`cra`.`revtype` = 'basicint') and (`cra`.`sharetype` = 'barangay')) then `cra`.`amount` else 0 end) AS `brgypenaltyshare`,(case when ((`cra`.`revperiod` = 'current') and (`cra`.`revtype` = 'basic') and (`cra`.`sharetype` = 'city')) then `cra`.`amount` else 0 end) AS `citycurrshare`,(case when ((`cra`.`revperiod` in ('previous','prior')) and (`cra`.`revtype` = 'basic') and (`cra`.`sharetype` = 'city')) then `cra`.`amount` else 0 end) AS `cityprevshare`,(case when ((`cra`.`revtype` = 'basicint') and (`cra`.`sharetype` = 'city')) then `cra`.`amount` else 0 end) AS `citypenaltyshare`,(case when ((`cra`.`revperiod` = 'current') and (`cra`.`revtype` = 'basic') and (`cra`.`sharetype` in ('province','municipality'))) then `cra`.`amount` else 0 end) AS `provmunicurrshare`,(case when ((`cra`.`revperiod` in ('previous','prior')) and (`cra`.`revtype` = 'basic') and (`cra`.`sharetype` in ('province','municipality'))) then `cra`.`amount` else 0 end) AS `provmuniprevshare`,(case when ((`cra`.`revtype` = 'basicint') and (`cra`.`sharetype` in ('province','municipality'))) then `cra`.`amount` else 0 end) AS `provmunipenaltyshare`,`cra`.`amount` AS `amount`,`cra`.`discount` AS `discount`,(case when isnull(`crv`.`objid`) then 0 else 1 end) AS `voided` from ((((((((`remittance` `rem` join `collectionvoucher` `cv` on((`cv`.`objid` = `rem`.`collectionvoucherid`))) join `cashreceipt` `cr` on((`cr`.`remittanceid` = `rem`.`objid`))) join `rptpayment` `rp` on((`cr`.`objid` = `rp`.`receiptid`))) join `rptpayment_share` `cra` on((`rp`.`objid` = `cra`.`parentid`))) left join `rptledger` `rl` on((`rp`.`refid` = `rl`.`objid`))) left join `sys_org` `o` on((`rl`.`lguid` = `o`.`objid`))) left join `barangay` `b` on((`rl`.`barangayid` = `b`.`objid`))) left join `cashreceipt_void` `crv` on((`cr`.`objid` = `crv`.`receiptid`)))
;
CREATE VIEW `vw_landtax_collection_share_detail_eor` AS select `rem`.`objid` AS `liquidationid`,`rem`.`controlno` AS `liquidationno`,`rem`.`controldate` AS `liquidationdate`,`rem`.`objid` AS `remittanceid`,`rem`.`controlno` AS `remittanceno`,`rem`.`controldate` AS `remittancedate`,`eor`.`objid` AS `receiptid`,`eor`.`receiptno` AS `receiptno`,`eor`.`receiptdate` AS `receiptdate`,`eor`.`txndate` AS `txndate`,`o`.`name` AS `lgu`,`b`.`objid` AS `barangayid`,`b`.`name` AS `barangay`,`cra`.`revtype` AS `revtype`,`cra`.`revperiod` AS `revperiod`,`cra`.`sharetype` AS `sharetype`,(case when ((`cra`.`revperiod` = 'current') and (`cra`.`revtype` = 'basic')) then `cra`.`amount` else 0 end) AS `brgycurr`,(case when ((`cra`.`revperiod` in ('previous','prior')) and (`cra`.`revtype` = 'basic')) then `cra`.`amount` else 0 end) AS `brgyprev`,(case when (`cra`.`revtype` = 'basicint') then `cra`.`amount` else 0 end) AS `brgypenalty`,(case when ((`cra`.`revperiod` = 'current') and (`cra`.`revtype` = 'basic') and (`cra`.`sharetype` = 'barangay')) then `cra`.`amount` else 0 end) AS `brgycurrshare`,(case when ((`cra`.`revperiod` in ('previous','prior')) and (`cra`.`revtype` = 'basic') and (`cra`.`sharetype` = 'barangay')) then `cra`.`amount` else 0 end) AS `brgyprevshare`,(case when ((`cra`.`revtype` = 'basicint') and (`cra`.`sharetype` = 'barangay')) then `cra`.`amount` else 0 end) AS `brgypenaltyshare`,(case when ((`cra`.`revperiod` = 'current') and (`cra`.`revtype` = 'basic') and (`cra`.`sharetype` = 'city')) then `cra`.`amount` else 0 end) AS `citycurrshare`,(case when ((`cra`.`revperiod` in ('previous','prior')) and (`cra`.`revtype` = 'basic') and (`cra`.`sharetype` = 'city')) then `cra`.`amount` else 0 end) AS `cityprevshare`,(case when ((`cra`.`revtype` = 'basicint') and (`cra`.`sharetype` = 'city')) then `cra`.`amount` else 0 end) AS `citypenaltyshare`,(case when ((`cra`.`revperiod` = 'current') and (`cra`.`revtype` = 'basic') and (`cra`.`sharetype` in ('province','municipality'))) then `cra`.`amount` else 0 end) AS `provmunicurrshare`,(case when ((`cra`.`revperiod` in ('previous','prior')) and (`cra`.`revtype` = 'basic') and (`cra`.`sharetype` in ('province','municipality'))) then `cra`.`amount` else 0 end) AS `provmuniprevshare`,(case when ((`cra`.`revtype` = 'basicint') and (`cra`.`sharetype` in ('province','municipality'))) then `cra`.`amount` else 0 end) AS `provmunipenaltyshare`,`cra`.`amount` AS `amount`,`cra`.`discount` AS `discount` from (((((((`vw_landtax_eor_remittance` `rem` join `vw_landtax_eor` `eor` on((`rem`.`objid` = `eor`.`remittanceid`))) join `rptpayment` `rp` on((`eor`.`objid` = `rp`.`receiptid`))) join `rptpayment_share` `cra` on((`rp`.`objid` = `cra`.`parentid`))) left join `rptledger` `rl` on((`rp`.`refid` = `rl`.`objid`))) left join `sys_org` `o` on((`rl`.`lguid` = `o`.`objid`))) left join `barangay` `b` on((`rl`.`barangayid` = `b`.`objid`))) left join `cashreceipt_void` `crv` on((`eor`.`objid` = `crv`.`receiptid`)))
;
CREATE VIEW `vw_landtax_lgu_account_mapping` AS select `ia`.`org_objid` AS `org_objid`,`ia`.`org_name` AS `org_name`,`o`.`orgclass` AS `org_class`,`p`.`objid` AS `parent_objid`,`p`.`code` AS `parent_code`,`p`.`title` AS `parent_title`,`ia`.`objid` AS `item_objid`,`ia`.`code` AS `item_code`,`ia`.`title` AS `item_title`,`ia`.`fund_objid` AS `item_fund_objid`,`ia`.`fund_code` AS `item_fund_code`,`ia`.`fund_title` AS `item_fund_title`,`ia`.`type` AS `item_type`,`pt`.`tag` AS `item_tag` from (((`itemaccount` `ia` join `itemaccount` `p` on((`ia`.`parentid` = `p`.`objid`))) join `itemaccount_tag` `pt` on((`p`.`objid` = `pt`.`acctid`))) join `sys_org` `o` on((`ia`.`org_objid` = `o`.`objid`))) where (`p`.`state` = 'ACTIVE')
;
CREATE VIEW `vw_landtax_report_rptdelinquency` AS select `ri`.`objid` AS `objid`,`ri`.`rptledgerid` AS `rptledgerid`,`ri`.`barangayid` AS `barangayid`,`ri`.`year` AS `year`,`ri`.`qtr` AS `qtr`,`r`.`dtgenerated` AS `dtgenerated`,`r`.`dtcomputed` AS `dtcomputed`,`r`.`generatedby_name` AS `generatedby_name`,`r`.`generatedby_title` AS `generatedby_title`,(case when (`ri`.`revtype` = 'basic') then `ri`.`amount` else 0 end) AS `basic`,(case when (`ri`.`revtype` = 'basic') then `ri`.`interest` else 0 end) AS `basicint`,(case when (`ri`.`revtype` = 'basic') then `ri`.`discount` else 0 end) AS `basicdisc`,(case when (`ri`.`revtype` = 'basic') then (`ri`.`interest` - `ri`.`discount`) else 0 end) AS `basicdp`,(case when (`ri`.`revtype` = 'basic') then ((`ri`.`amount` + `ri`.`interest`) - `ri`.`discount`) else 0 end) AS `basicnet`,(case when (`ri`.`revtype` = 'basicidle') then `ri`.`amount` else 0 end) AS `basicidle`,(case when (`ri`.`revtype` = 'basicidle') then `ri`.`interest` else 0 end) AS `basicidleint`,(case when (`ri`.`revtype` = 'basicidle') then `ri`.`discount` else 0 end) AS `basicidledisc`,(case when (`ri`.`revtype` = 'basicidle') then (`ri`.`interest` - `ri`.`discount`) else 0 end) AS `basicidledp`,(case when (`ri`.`revtype` = 'basicidle') then ((`ri`.`amount` + `ri`.`interest`) - `ri`.`discount`) else 0 end) AS `basicidlenet`,(case when (`ri`.`revtype` = 'sef') then `ri`.`amount` else 0 end) AS `sef`,(case when (`ri`.`revtype` = 'sef') then `ri`.`interest` else 0 end) AS `sefint`,(case when (`ri`.`revtype` = 'sef') then `ri`.`discount` else 0 end) AS `sefdisc`,(case when (`ri`.`revtype` = 'sef') then (`ri`.`interest` - `ri`.`discount`) else 0 end) AS `sefdp`,(case when (`ri`.`revtype` = 'sef') then ((`ri`.`amount` + `ri`.`interest`) - `ri`.`discount`) else 0 end) AS `sefnet`,(case when (`ri`.`revtype` = 'firecode') then `ri`.`amount` else 0 end) AS `firecode`,(case when (`ri`.`revtype` = 'firecode') then `ri`.`interest` else 0 end) AS `firecodeint`,(case when (`ri`.`revtype` = 'firecode') then `ri`.`discount` else 0 end) AS `firecodedisc`,(case when (`ri`.`revtype` = 'firecode') then (`ri`.`interest` - `ri`.`discount`) else 0 end) AS `firecodedp`,(case when (`ri`.`revtype` = 'firecode') then ((`ri`.`amount` + `ri`.`interest`) - `ri`.`discount`) else 0 end) AS `firecodenet`,(case when (`ri`.`revtype` = 'sh') then `ri`.`amount` else 0 end) AS `sh`,(case when (`ri`.`revtype` = 'sh') then `ri`.`interest` else 0 end) AS `shint`,(case when (`ri`.`revtype` = 'sh') then `ri`.`discount` else 0 end) AS `shdisc`,(case when (`ri`.`revtype` = 'sh') then (`ri`.`interest` - `ri`.`discount`) else 0 end) AS `shdp`,(case when (`ri`.`revtype` = 'sh') then ((`ri`.`amount` + `ri`.`interest`) - `ri`.`discount`) else 0 end) AS `shnet`,((`ri`.`amount` + `ri`.`interest`) - `ri`.`discount`) AS `total` from (`report_rptdelinquency_item` `ri` join `report_rptdelinquency` `r` on((`ri`.`parentid` = `r`.`objid`)))
;
CREATE VIEW `vw_landtax_report_rptdelinquency_detail` AS select `ri`.`objid` AS `objid`,`ri`.`rptledgerid` AS `rptledgerid`,`ri`.`barangayid` AS `barangayid`,`ri`.`year` AS `year`,`ri`.`qtr` AS `qtr`,`r`.`dtgenerated` AS `dtgenerated`,`r`.`dtcomputed` AS `dtcomputed`,`r`.`generatedby_name` AS `generatedby_name`,`r`.`generatedby_title` AS `generatedby_title`,(case when (`ri`.`revtype` = 'basic') then `ri`.`amount` else 0 end) AS `basic`,(case when (`ri`.`revtype` = 'basic') then `ri`.`interest` else 0 end) AS `basicint`,(case when (`ri`.`revtype` = 'basic') then `ri`.`discount` else 0 end) AS `basicdisc`,(case when (`ri`.`revtype` = 'basic') then (`ri`.`interest` - `ri`.`discount`) else 0 end) AS `basicdp`,(case when (`ri`.`revtype` = 'basic') then ((`ri`.`amount` + `ri`.`interest`) - `ri`.`discount`) else 0 end) AS `basicnet`,(case when (`ri`.`revtype` = 'basicidle') then `ri`.`amount` else 0 end) AS `basicidle`,(case when (`ri`.`revtype` = 'basicidle') then `ri`.`interest` else 0 end) AS `basicidleint`,(case when (`ri`.`revtype` = 'basicidle') then `ri`.`discount` else 0 end) AS `basicidledisc`,(case when (`ri`.`revtype` = 'basicidle') then (`ri`.`interest` - `ri`.`discount`) else 0 end) AS `basicidledp`,(case when (`ri`.`revtype` = 'basicidle') then ((`ri`.`amount` + `ri`.`interest`) - `ri`.`discount`) else 0 end) AS `basicidlenet`,(case when (`ri`.`revtype` = 'sef') then `ri`.`amount` else 0 end) AS `sef`,(case when (`ri`.`revtype` = 'sef') then `ri`.`interest` else 0 end) AS `sefint`,(case when (`ri`.`revtype` = 'sef') then `ri`.`discount` else 0 end) AS `sefdisc`,(case when (`ri`.`revtype` = 'sef') then (`ri`.`interest` - `ri`.`discount`) else 0 end) AS `sefdp`,(case when (`ri`.`revtype` = 'sef') then ((`ri`.`amount` + `ri`.`interest`) - `ri`.`discount`) else 0 end) AS `sefnet`,(case when (`ri`.`revtype` = 'firecode') then `ri`.`amount` else 0 end) AS `firecode`,(case when (`ri`.`revtype` = 'firecode') then `ri`.`interest` else 0 end) AS `firecodeint`,(case when (`ri`.`revtype` = 'firecode') then `ri`.`discount` else 0 end) AS `firecodedisc`,(case when (`ri`.`revtype` = 'firecode') then (`ri`.`interest` - `ri`.`discount`) else 0 end) AS `firecodedp`,(case when (`ri`.`revtype` = 'firecode') then ((`ri`.`amount` + `ri`.`interest`) - `ri`.`discount`) else 0 end) AS `firecodenet`,(case when (`ri`.`revtype` = 'sh') then `ri`.`amount` else 0 end) AS `sh`,(case when (`ri`.`revtype` = 'sh') then `ri`.`interest` else 0 end) AS `shint`,(case when (`ri`.`revtype` = 'sh') then `ri`.`discount` else 0 end) AS `shdisc`,(case when (`ri`.`revtype` = 'sh') then (`ri`.`interest` - `ri`.`discount`) else 0 end) AS `shdp`,(case when (`ri`.`revtype` = 'sh') then ((`ri`.`amount` + `ri`.`interest`) - `ri`.`discount`) else 0 end) AS `shnet`,((`ri`.`amount` + `ri`.`interest`) - `ri`.`discount`) AS `total` from (`report_rptdelinquency_item` `ri` join `report_rptdelinquency` `r` on((`ri`.`parentid` = `r`.`objid`)))
;
CREATE VIEW `vw_machine_smv` AS select `ms`.`objid` AS `objid`,`ms`.`parent_objid` AS `parent_objid`,`ms`.`machine_objid` AS `machine_objid`,`ms`.`expr` AS `expr`,`ms`.`previd` AS `previd`,`m`.`code` AS `code`,`m`.`name` AS `name` from (`machine_smv` `ms` join `machine` `m` on((`ms`.`machine_objid` = `m`.`objid`)))
;
CREATE VIEW `vw_machinery` AS select `f`.`objid` AS `objid`,`f`.`state` AS `state`,`f`.`rpuid` AS `rpuid`,`f`.`realpropertyid` AS `realpropertyid`,`f`.`tdno` AS `tdno`,`f`.`fullpin` AS `fullpin`,`f`.`taxpayer_objid` AS `taxpayer_objid`,`f`.`owner_name` AS `owner_name`,`f`.`owner_address` AS `owner_address`,`f`.`administrator_name` AS `administrator_name`,`f`.`administrator_address` AS `administrator_address`,`f`.`lguid` AS `lgu_objid`,`o`.`name` AS `lgu_name`,`b`.`objid` AS `barangay_objid`,`b`.`name` AS `barangay_name`,`r`.`classification_objid` AS `classification_objid`,`pc`.`name` AS `classification_name`,`rp`.`pin` AS `pin`,`rp`.`section` AS `section`,`rp`.`ry` AS `ry`,`rp`.`cadastrallotno` AS `cadastrallotno`,`rp`.`blockno` AS `blockno`,`rp`.`surveyno` AS `surveyno`,`m`.`objid` AS `machine_objid`,`m`.`name` AS `machine_name`,`mu`.`basemarketvalue` AS `basemarketvalue`,`mu`.`marketvalue` AS `marketvalue`,`mu`.`assessedvalue` AS `assessedvalue`,`al`.`objid` AS `actualuse_objid`,`al`.`name` AS `actualuse_name`,`r`.`totalareaha` AS `totalareaha`,`r`.`totalareasqm` AS `totalareasqm`,`r`.`totalmv` AS `totalmv`,`r`.`totalav` AS `totalav` from (((((((((`faas` `f` join `rpu` `r` on((`f`.`rpuid` = `r`.`objid`))) join `propertyclassification` `pc` on((`r`.`classification_objid` = `pc`.`objid`))) join `realproperty` `rp` on((`f`.`realpropertyid` = `rp`.`objid`))) join `barangay` `b` on((`rp`.`barangayid` = `b`.`objid`))) join `sys_org` `o` on((`f`.`lguid` = `o`.`objid`))) join `machuse` `mu` on((`r`.`objid` = `mu`.`machrpuid`))) join `machdetail` `md` on((`mu`.`objid` = `md`.`machuseid`))) join `machine` `m` on((`md`.`machine_objid` = `m`.`objid`))) join `machassesslevel` `al` on((`mu`.`actualuse_objid` = `al`.`objid`)))
;
CREATE VIEW `vw_newly_assessed_property` AS select `f`.`objid` AS `objid`,`f`.`owner_name` AS `owner_name`,`f`.`tdno` AS `tdno`,`b`.`name` AS `barangay`,(case when (`f`.`rputype` = 'land') then 'LAND' when (`f`.`rputype` = 'bldg') then 'BUILDING' when (`f`.`rputype` = 'mach') then 'MACHINERY' when (`f`.`rputype` = 'planttree') then 'PLANT/TREE' else 'MISCELLANEOUS' end) AS `rputype`,`f`.`totalav` AS `totalav`,`f`.`effectivityyear` AS `effectivityyear` from (`faas_list` `f` join `barangay` `b` on((`f`.`barangayid` = `b`.`objid`))) where ((`f`.`state` in ('CURRENT','CANCELLED')) and (`f`.`txntype_objid` = 'ND'))
;
CREATE VIEW `vw_online_rptcertification` AS select `c`.`objid` AS `objid`,`c`.`txnno` AS `txnno`,`c`.`txndate` AS `txndate`,`c`.`opener` AS `opener`,`c`.`taxpayer_objid` AS `taxpayer_objid`,`c`.`taxpayer_name` AS `taxpayer_name`,`c`.`taxpayer_address` AS `taxpayer_address`,`c`.`requestedby` AS `requestedby`,`c`.`requestedbyaddress` AS `requestedbyaddress`,`c`.`certifiedby` AS `certifiedby`,`c`.`certifiedbytitle` AS `certifiedbytitle`,`c`.`official` AS `official`,`c`.`purpose` AS `purpose`,`c`.`orno` AS `orno`,`c`.`ordate` AS `ordate`,`c`.`oramount` AS `oramount`,`c`.`taskid` AS `taskid`,`t`.`state` AS `task_state`,`t`.`startdate` AS `task_startdate`,`t`.`enddate` AS `task_enddate`,`t`.`assignee_objid` AS `task_assignee_objid`,`t`.`assignee_name` AS `task_assignee_name`,`t`.`actor_objid` AS `task_actor_objid`,`t`.`actor_name` AS `task_actor_name` from (`rptcertification` `c` join `rptcertification_task` `t` on((`c`.`taskid` = `t`.`objid`)))
;
CREATE VIEW `vw_real_property_payment` AS select `cv`.`controldate` AS `cv_controldate`,`rem`.`controldate` AS `rem_controldate`,`rl`.`owner_name` AS `owner_name`,`rl`.`tdno` AS `tdno`,`pc`.`name` AS `classification`,(case when (`rl`.`rputype` = 'land') then 'LAND' when (`rl`.`rputype` = 'bldg') then 'BUILDING' when (`rl`.`rputype` = 'mach') then 'MACHINERY' when (`rl`.`rputype` = 'planttree') then 'PLANT/TREE' else 'MISCELLANEOUS' end) AS `rputype`,`b`.`name` AS `barangay`,`rpi`.`year` AS `year`,`rpi`.`qtr` AS `qtr`,((`rpi`.`amount` + `rpi`.`interest`) - `rpi`.`discount`) AS `amount`,(case when isnull(`v`.`objid`) then 0 else 1 end) AS `voided` from ((((((((`collectionvoucher` `cv` join `remittance` `rem` on((`cv`.`objid` = `rem`.`collectionvoucherid`))) join `cashreceipt` `cr` on((`rem`.`objid` = `cr`.`remittanceid`))) join `rptpayment` `rp` on((`cr`.`objid` = `rp`.`receiptid`))) join `rptpayment_item` `rpi` on((`rp`.`objid` = `rpi`.`parentid`))) join `rptledger` `rl` on((`rp`.`refid` = `rl`.`objid`))) join `barangay` `b` on((`rl`.`barangayid` = `b`.`objid`))) join `propertyclassification` `pc` on((`rl`.`classification_objid` = `pc`.`objid`))) left join `cashreceipt_void` `v` on((`cr`.`objid` = `v`.`receiptid`)))
;
CREATE VIEW `vw_report_orc` AS select `f`.`objid` AS `objid`,`f`.`state` AS `state`,`e`.`objid` AS `taxpayerid`,`e`.`name` AS `taxpayer_name`,`e`.`address_text` AS `taxpayer_address`,`o`.`name` AS `lgu_name`,`o`.`code` AS `lgu_indexno`,`f`.`dtapproved` AS `dtapproved`,`r`.`rputype` AS `rputype`,`pc`.`code` AS `classcode`,`pc`.`name` AS `classification`,`f`.`fullpin` AS `pin`,`f`.`titleno` AS `titleno`,`rp`.`cadastrallotno` AS `cadastrallotno`,`f`.`tdno` AS `tdno`,'' AS `arpno`,`f`.`prevowner` AS `prevowner`,`b`.`name` AS `location`,`r`.`totalareaha` AS `totalareaha`,`r`.`totalareasqm` AS `totalareasqm`,`r`.`totalmv` AS `totalmv`,`r`.`totalav` AS `totalav`,(case when (`f`.`state` = 'CURRENT') then '' else 'CANCELLED' end) AS `remarks` from ((((((`faas` `f` join `rpu` `r` on((`f`.`rpuid` = `r`.`objid`))) join `realproperty` `rp` on((`f`.`realpropertyid` = `rp`.`objid`))) join `propertyclassification` `pc` on((`r`.`classification_objid` = `pc`.`objid`))) join `entity` `e` on((`f`.`taxpayer_objid` = `e`.`objid`))) join `sys_org` `o` on((`rp`.`lguid` = `o`.`objid`))) join `barangay` `b` on((`rp`.`barangayid` = `b`.`objid`))) where (`f`.`state` in ('CURRENT','CANCELLED'))
;
CREATE VIEW `vw_rptcertification_item` AS select `rci`.`rptcertificationid` AS `rptcertificationid`,`f`.`objid` AS `faasid`,`f`.`fullpin` AS `fullpin`,`f`.`tdno` AS `tdno`,`e`.`objid` AS `taxpayerid`,`e`.`name` AS `taxpayer_name`,`f`.`owner_name` AS `owner_name`,`f`.`administrator_name` AS `administrator_name`,`f`.`titleno` AS `titleno`,`f`.`rpuid` AS `rpuid`,`pc`.`code` AS `classcode`,`pc`.`name` AS `classname`,`so`.`name` AS `lguname`,`b`.`name` AS `barangay`,`r`.`rputype` AS `rputype`,`r`.`suffix` AS `suffix`,`r`.`totalareaha` AS `totalareaha`,`r`.`totalareasqm` AS `totalareasqm`,`r`.`totalav` AS `totalav`,`r`.`totalmv` AS `totalmv`,`rp`.`street` AS `street`,`rp`.`blockno` AS `blockno`,`rp`.`cadastrallotno` AS `cadastrallotno`,`rp`.`surveyno` AS `surveyno`,`r`.`taxable` AS `taxable`,`f`.`effectivityyear` AS `effectivityyear`,`f`.`effectivityqtr` AS `effectivityqtr` from (((((((`rptcertificationitem` `rci` join `faas` `f` on((`rci`.`refid` = `f`.`objid`))) join `rpu` `r` on((`f`.`rpuid` = `r`.`objid`))) join `propertyclassification` `pc` on((`r`.`classification_objid` = `pc`.`objid`))) join `realproperty` `rp` on((`f`.`realpropertyid` = `rp`.`objid`))) join `barangay` `b` on((`rp`.`barangayid` = `b`.`objid`))) join `sys_org` `so` on((`f`.`lguid` = `so`.`objid`))) join `entity` `e` on((`f`.`taxpayer_objid` = `e`.`objid`)))
;
CREATE VIEW `vw_rptledger_avdifference` AS select `rlf`.`objid` AS `objid`,'APPROVED' AS `state`,`d`.`parent_objid` AS `rptledgerid`,`rl`.`faasid` AS `faasid`,`rl`.`tdno` AS `tdno`,`rlf`.`txntype_objid` AS `txntype_objid`,`rlf`.`classification_objid` AS `classification_objid`,`rlf`.`actualuse_objid` AS `actualuse_objid`,`rlf`.`taxable` AS `taxable`,`rlf`.`backtax` AS `backtax`,`d`.`year` AS `fromyear`,1 AS `fromqtr`,`d`.`year` AS `toyear`,4 AS `toqtr`,`d`.`av` AS `assessedvalue`,1 AS `systemcreated`,`rlf`.`reclassed` AS `reclassed`,`rlf`.`idleland` AS `idleland`,1 AS `taxdifference` from ((`rptledger_avdifference` `d` join `rptledgerfaas` `rlf` on((`d`.`rptledgerfaas_objid` = `rlf`.`objid`))) join `rptledger` `rl` on((`d`.`parent_objid` = `rl`.`objid`)))
;
CREATE VIEW `vw_rptledger_cancelled_faas` AS select `rl`.`objid` AS `objid`,`rl`.`state` AS `state`,`rl`.`faasid` AS `faasid`,`rl`.`lastyearpaid` AS `lastyearpaid`,`rl`.`lastqtrpaid` AS `lastqtrpaid`,`rl`.`barangayid` AS `barangayid`,`rl`.`taxpayer_objid` AS `taxpayer_objid`,`rl`.`fullpin` AS `fullpin`,`rl`.`tdno` AS `tdno`,`rl`.`cadastrallotno` AS `cadastrallotno`,`rl`.`rputype` AS `rputype`,`rl`.`txntype_objid` AS `txntype_objid`,`rl`.`classification_objid` AS `classification_objid`,`rl`.`classcode` AS `classcode`,`rl`.`totalav` AS `totalav`,`rl`.`totalmv` AS `totalmv`,`rl`.`totalareaha` AS `totalareaha`,`rl`.`taxable` AS `taxable`,`rl`.`owner_name` AS `owner_name`,`rl`.`prevtdno` AS `prevtdno`,`rl`.`titleno` AS `titleno`,`rl`.`administrator_name` AS `administrator_name`,`rl`.`blockno` AS `blockno`,`rl`.`lguid` AS `lguid`,`rl`.`beneficiary_objid` AS `beneficiary_objid`,`pc`.`name` AS `classification`,`b`.`name` AS `barangay`,`o`.`name` AS `lgu` from (((((`rptledger` `rl` join `faas` `f` on((`rl`.`faasid` = `f`.`objid`))) left join `barangay` `b` on((`rl`.`barangayid` = `b`.`objid`))) left join `sys_org` `o` on((`rl`.`lguid` = `o`.`objid`))) left join `propertyclassification` `pc` on((`rl`.`classification_objid` = `pc`.`objid`))) join `entity` `e` on((`rl`.`taxpayer_objid` = `e`.`objid`))) where ((`rl`.`state` = 'APPROVED') and (`f`.`state` = 'CANCELLED'))
;
CREATE VIEW `vw_rptpayment_item_detail` AS select `rpi`.`objid` AS `objid`,`rpi`.`parentid` AS `parentid`,`rpi`.`rptledgerfaasid` AS `rptledgerfaasid`,`rpi`.`year` AS `year`,`rpi`.`qtr` AS `qtr`,`rpi`.`revperiod` AS `revperiod`,(case when (`rpi`.`revtype` = 'basic') then `rpi`.`amount` else 0 end) AS `basic`,(case when (`rpi`.`revtype` = 'basic') then `rpi`.`interest` else 0 end) AS `basicint`,(case when (`rpi`.`revtype` = 'basic') then `rpi`.`discount` else 0 end) AS `basicdisc`,(case when (`rpi`.`revtype` = 'basic') then (`rpi`.`interest` - `rpi`.`discount`) else 0 end) AS `basicdp`,(case when (`rpi`.`revtype` = 'basic') then ((`rpi`.`amount` + `rpi`.`interest`) - `rpi`.`discount`) else 0 end) AS `basicnet`,(case when (`rpi`.`revtype` = 'basicidle') then ((`rpi`.`amount` + `rpi`.`interest`) - `rpi`.`discount`) else 0 end) AS `basicidle`,(case when (`rpi`.`revtype` = 'basicidle') then `rpi`.`interest` else 0 end) AS `basicidleint`,(case when (`rpi`.`revtype` = 'basicidle') then `rpi`.`discount` else 0 end) AS `basicidledisc`,(case when (`rpi`.`revtype` = 'basicidle') then (`rpi`.`interest` - `rpi`.`discount`) else 0 end) AS `basicidledp`,(case when (`rpi`.`revtype` = 'sef') then `rpi`.`amount` else 0 end) AS `sef`,(case when (`rpi`.`revtype` = 'sef') then `rpi`.`interest` else 0 end) AS `sefint`,(case when (`rpi`.`revtype` = 'sef') then `rpi`.`discount` else 0 end) AS `sefdisc`,(case when (`rpi`.`revtype` = 'sef') then (`rpi`.`interest` - `rpi`.`discount`) else 0 end) AS `sefdp`,(case when (`rpi`.`revtype` = 'sef') then ((`rpi`.`amount` + `rpi`.`interest`) - `rpi`.`discount`) else 0 end) AS `sefnet`,(case when (`rpi`.`revtype` = 'firecode') then ((`rpi`.`amount` + `rpi`.`interest`) - `rpi`.`discount`) else 0 end) AS `firecode`,(case when (`rpi`.`revtype` = 'sh') then ((`rpi`.`amount` + `rpi`.`interest`) - `rpi`.`discount`) else 0 end) AS `sh`,(case when (`rpi`.`revtype` = 'sh') then `rpi`.`interest` else 0 end) AS `shint`,(case when (`rpi`.`revtype` = 'sh') then `rpi`.`discount` else 0 end) AS `shdisc`,(case when (`rpi`.`revtype` = 'sh') then (`rpi`.`interest` - `rpi`.`discount`) else 0 end) AS `shdp`,(case when (`rpi`.`revtype` = 'sh') then ((`rpi`.`amount` + `rpi`.`interest`) - `rpi`.`discount`) else 0 end) AS `shnet`,((`rpi`.`amount` + `rpi`.`interest`) - `rpi`.`discount`) AS `amount`,`rpi`.`partialled` AS `partialled` from `rptpayment_item` `rpi`
;
CREATE VIEW `vw_rpu_assessment` AS select `r`.`objid` AS `objid`,`r`.`rputype` AS `rputype`,`dpc`.`objid` AS `dominantclass_objid`,`dpc`.`code` AS `dominantclass_code`,`dpc`.`name` AS `dominantclass_name`,`dpc`.`orderno` AS `dominantclass_orderno`,`ra`.`areasqm` AS `areasqm`,`ra`.`areaha` AS `areaha`,`ra`.`marketvalue` AS `marketvalue`,`ra`.`assesslevel` AS `assesslevel`,`ra`.`assessedvalue` AS `assessedvalue`,`ra`.`taxable` AS `taxable`,`au`.`code` AS `actualuse_code`,`au`.`name` AS `actualuse_name`,`auc`.`objid` AS `actualuse_objid`,`auc`.`code` AS `actualuse_classcode`,`auc`.`name` AS `actualuse_classname`,`auc`.`orderno` AS `actualuse_orderno` from ((((`rpu` `r` join `propertyclassification` `dpc` on((`r`.`classification_objid` = `dpc`.`objid`))) join `rpu_assessment` `ra` on((`r`.`objid` = `ra`.`rpuid`))) join `landassesslevel` `au` on((`ra`.`actualuse_objid` = `au`.`objid`))) left join `propertyclassification` `auc` on((`au`.`classification_objid` = `auc`.`objid`))) union select `r`.`objid` AS `objid`,`r`.`rputype` AS `rputype`,`dpc`.`objid` AS `dominantclass_objid`,`dpc`.`code` AS `dominantclass_code`,`dpc`.`name` AS `dominantclass_name`,`dpc`.`orderno` AS `dominantclass_orderno`,`ra`.`areasqm` AS `areasqm`,`ra`.`areaha` AS `areaha`,`ra`.`marketvalue` AS `marketvalue`,`ra`.`assesslevel` AS `assesslevel`,`ra`.`assessedvalue` AS `assessedvalue`,`ra`.`taxable` AS `taxable`,`au`.`code` AS `actualuse_code`,`au`.`name` AS `actualuse_name`,`auc`.`objid` AS `actualuse_objid`,`auc`.`code` AS `actualuse_classcode`,`auc`.`name` AS `actualuse_classname`,`auc`.`orderno` AS `actualuse_orderno` from ((((`rpu` `r` join `propertyclassification` `dpc` on((`r`.`classification_objid` = `dpc`.`objid`))) join `rpu_assessment` `ra` on((`r`.`objid` = `ra`.`rpuid`))) join `bldgassesslevel` `au` on((`ra`.`actualuse_objid` = `au`.`objid`))) left join `propertyclassification` `auc` on((`au`.`classification_objid` = `auc`.`objid`))) union select `r`.`objid` AS `objid`,`r`.`rputype` AS `rputype`,`dpc`.`objid` AS `dominantclass_objid`,`dpc`.`code` AS `dominantclass_code`,`dpc`.`name` AS `dominantclass_name`,`dpc`.`orderno` AS `dominantclass_orderno`,`ra`.`areasqm` AS `areasqm`,`ra`.`areaha` AS `areaha`,`ra`.`marketvalue` AS `marketvalue`,`ra`.`assesslevel` AS `assesslevel`,`ra`.`assessedvalue` AS `assessedvalue`,`ra`.`taxable` AS `taxable`,`au`.`code` AS `actualuse_code`,`au`.`name` AS `actualuse_name`,`auc`.`objid` AS `actualuse_objid`,`auc`.`code` AS `actualuse_classcode`,`auc`.`name` AS `actualuse_classname`,`auc`.`orderno` AS `actualuse_orderno` from ((((`rpu` `r` join `propertyclassification` `dpc` on((`r`.`classification_objid` = `dpc`.`objid`))) join `rpu_assessment` `ra` on((`r`.`objid` = `ra`.`rpuid`))) join `machassesslevel` `au` on((`ra`.`actualuse_objid` = `au`.`objid`))) left join `propertyclassification` `auc` on((`au`.`classification_objid` = `auc`.`objid`))) union select `r`.`objid` AS `objid`,`r`.`rputype` AS `rputype`,`dpc`.`objid` AS `dominantclass_objid`,`dpc`.`code` AS `dominantclass_code`,`dpc`.`name` AS `dominantclass_name`,`dpc`.`orderno` AS `dominantclass_orderno`,`ra`.`areasqm` AS `areasqm`,`ra`.`areaha` AS `areaha`,`ra`.`marketvalue` AS `marketvalue`,`ra`.`assesslevel` AS `assesslevel`,`ra`.`assessedvalue` AS `assessedvalue`,`ra`.`taxable` AS `taxable`,`au`.`code` AS `actualuse_code`,`au`.`name` AS `actualuse_name`,`auc`.`objid` AS `actualuse_objid`,`auc`.`code` AS `actualuse_classcode`,`auc`.`name` AS `actualuse_classname`,`auc`.`orderno` AS `actualuse_orderno` from ((((`rpu` `r` join `propertyclassification` `dpc` on((`r`.`classification_objid` = `dpc`.`objid`))) join `rpu_assessment` `ra` on((`r`.`objid` = `ra`.`rpuid`))) join `planttreeassesslevel` `au` on((`ra`.`actualuse_objid` = `au`.`objid`))) left join `propertyclassification` `auc` on((`au`.`classification_objid` = `auc`.`objid`))) union select `r`.`objid` AS `objid`,`r`.`rputype` AS `rputype`,`dpc`.`objid` AS `dominantclass_objid`,`dpc`.`code` AS `dominantclass_code`,`dpc`.`name` AS `dominantclass_name`,`dpc`.`orderno` AS `dominantclass_orderno`,`ra`.`areasqm` AS `areasqm`,`ra`.`areaha` AS `areaha`,`ra`.`marketvalue` AS `marketvalue`,`ra`.`assesslevel` AS `assesslevel`,`ra`.`assessedvalue` AS `assessedvalue`,`ra`.`taxable` AS `taxable`,`au`.`code` AS `actualuse_code`,`au`.`name` AS `actualuse_name`,`auc`.`objid` AS `actualuse_objid`,`auc`.`code` AS `actualuse_classcode`,`auc`.`name` AS `actualuse_classname`,`auc`.`orderno` AS `actualuse_orderno` from ((((`rpu` `r` join `propertyclassification` `dpc` on((`r`.`classification_objid` = `dpc`.`objid`))) join `rpu_assessment` `ra` on((`r`.`objid` = `ra`.`rpuid`))) join `miscassesslevel` `au` on((`ra`.`actualuse_objid` = `au`.`objid`))) left join `propertyclassification` `auc` on((`au`.`classification_objid` = `auc`.`objid`)))
;
DROP VIEW IF EXISTS `vw_txn_log`
;
CREATE VIEW `vw_txn_log` AS select distinct `u`.`objid` AS `userid`,`u`.`name` AS `username`,`t`.`txndate` AS `txndate`,`t`.`ref` AS `ref`,`t`.`action` AS `action`,1 AS `cnt` from (`txnlog` `t` join `sys_user` `u` on((`t`.`userid` = `u`.`objid`))) union select `u`.`objid` AS `userid`,`u`.`name` AS `username`,`t`.`enddate` AS `txndate`,'faas' AS `ref`,(case when (`t`.`state` like '%receiver%') then 'receive' when (`t`.`state` like '%examiner%') then 'examine' when (`t`.`state` like '%taxmapper_chief%') then 'approve taxmap' when (`t`.`state` like '%taxmapper%') then 'taxmap' when (`t`.`state` like '%appraiser%') then 'appraise' when (`t`.`state` like '%appraiser_chief%') then 'approve appraisal' when (`t`.`state` like '%recommender%') then 'recommend' when (`t`.`state` like '%approver%') then 'approve' else `t`.`state` end) AS `action`,1 AS `cnt` from (`faas_task` `t` join `sys_user` `u` on((`t`.`actor_objid` = `u`.`objid`))) where (not((`t`.`state` like '%assign%'))) union select `u`.`objid` AS `userid`,`u`.`name` AS `username`,`t`.`enddate` AS `txndate`,'subdivision' AS `ref`,(case when (`t`.`state` like '%receiver%') then 'receive' when (`t`.`state` like '%examiner%') then 'examine' when (`t`.`state` like '%taxmapper_chief%') then 'approve taxmap' when (`t`.`state` like '%taxmapper%') then 'taxmap' when (`t`.`state` like '%appraiser%') then 'appraise' when (`t`.`state` like '%appraiser_chief%') then 'approve appraisal' when (`t`.`state` like '%recommender%') then 'recommend' when (`t`.`state` like '%approver%') then 'approve' else `t`.`state` end) AS `action`,1 AS `cnt` from (`subdivision_task` `t` join `sys_user` `u` on((`t`.`actor_objid` = `u`.`objid`))) where (not((`t`.`state` like '%assign%'))) union select `u`.`objid` AS `userid`,`u`.`name` AS `username`,`t`.`enddate` AS `txndate`,'consolidation' AS `ref`,(case when (`t`.`state` like '%receiver%') then 'receive' when (`t`.`state` like '%examiner%') then 'examine' when (`t`.`state` like '%taxmapper_chief%') then 'approve taxmap' when (`t`.`state` like '%taxmapper%') then 'taxmap' when (`t`.`state` like '%appraiser%') then 'appraise' when (`t`.`state` like '%appraiser_chief%') then 'approve appraisal' when (`t`.`state` like '%recommender%') then 'recommend' when (`t`.`state` like '%approver%') then 'approve' else `t`.`state` end) AS `action`,1 AS `cnt` from (`subdivision_task` `t` join `sys_user` `u` on((`t`.`actor_objid` = `u`.`objid`))) where (not((`t`.`state` like '%consolidation%'))) union select `u`.`objid` AS `userid`,`u`.`name` AS `username`,`t`.`enddate` AS `txndate`,'cancelledfaas' AS `ref`,(case when (`t`.`state` like '%receiver%') then 'receive' when (`t`.`state` like '%examiner%') then 'examine' when (`t`.`state` like '%taxmapper_chief%') then 'approve taxmap' when (`t`.`state` like '%taxmapper%') then 'taxmap' when (`t`.`state` like '%appraiser%') then 'appraise' when (`t`.`state` like '%appraiser_chief%') then 'approve appraisal' when (`t`.`state` like '%recommender%') then 'recommend' when (`t`.`state` like '%approver%') then 'approve' else `t`.`state` end) AS `action`,1 AS `cnt` from (`subdivision_task` `t` join `sys_user` `u` on((`t`.`actor_objid` = `u`.`objid`))) where (not((`t`.`state` like '%cancelledfaas%')))
;


drop TABLE if exists `bldgtype_storeyadjustment_bldgkind` 
;

CREATE TABLE `bldgtype_storeyadjustment_bldgkind` (
  `objid` varchar(50) NOT NULL,
  `bldgrysettingid` varchar(50) NOT NULL,
  `parentid` varchar(50) NOT NULL,
  `bldgtypeid` varchar(50) NOT NULL,
  `floorno` int(11) NOT NULL,
  `bldgkindid` varchar(50) NOT NULL,
  PRIMARY KEY (`objid`),
  UNIQUE KEY `ux_bldgtype_kind_floorno` (`bldgtypeid`,`bldgkindid`,`floorno`),
  KEY `fk_storeyadjustment_bldgkind_bldgrysetting` (`bldgrysettingid`),
  KEY `fk_storeyadjustment_bldgkind_parent` (`parentid`),
  CONSTRAINT `fk_storeyadjustment_bldgkind_bldgrysetting` FOREIGN KEY (`bldgrysettingid`) REFERENCES `bldgrysetting` (`objid`),
  CONSTRAINT `fk_storeyadjustment_bldgkind_bldgtype` FOREIGN KEY (`bldgtypeid`) REFERENCES `bldgtype` (`objid`),
  CONSTRAINT `fk_storeyadjustment_bldgkind_parent` FOREIGN KEY (`parentid`) REFERENCES `bldgtype_storeyadjustment` (`objid`)
) ENGINE=InnoDB DEFAULT CHARSET=utf8
;


/* CHANGE RPUT TYPE  */
INSERT INTO `faas_txntype` (`objid`, `name`, `newledger`, `newrpu`, `newrealproperty`, `displaycode`, `allowEditOwner`, `allowEditPin`, `allowEditPinInfo`, `allowEditAppraisal`, `opener`, `checkbalance`, `reconcileledger`, `allowannotated`) VALUES ('CK', 'Change Kind', '0', '1', '1', 'DP', '1', '1', '1', '1', '', '0', '0', '0')
;


/* EXAMINATION FINDING */
alter table examiner_finding add txnno varchar(25)
;

create table zzztmp_examiner_finding 
select * from examiner_finding
;

alter table zzztmp_examiner_finding  add oid int auto_increment primary key
;

create index ix_objid on zzztmp_examiner_finding (objid)
;

update examiner_finding f, zzztmp_examiner_finding z set 
	f.txnno = concat('S', lpad(z.oid, 6, '0'))
where f.objid = z.objid 
;

drop table zzztmp_examiner_finding
;

create unique index ix_txnno on examiner_finding ( txnno) 
;


drop view if exists vw_ocular_inspection 
; 

create view vw_ocular_inspection 
as 
SELECT 
	ef.objid,
  ef.findings,
  ef.parent_objid,
  ef.dtinspected,
  ef.inspectors,
  ef.notedby,
  ef.notedbytitle,
  ef.photos,
  ef.recommendations,
  ef.inspectedby_objid,
  ef.inspectedby_name,
  ef.inspectedby_title,
  ef.doctype,
  ef.txnno,  
	f.owner_name, 
  f.owner_address,
	f.titleno, 
	f.fullpin,
	rp.blockno,
	rp.cadastrallotno, 
	r.totalareaha,
	r.totalareasqm,
	r.totalmv,
	r.totalav,
  f.lguid,
  o.name as lgu_name,
	rp.barangayid, 
	b.name as barangay_name, 
	b.objid as barangay_parentid, 
	rp.purok, 
	rp.street
FROM examiner_finding ef 
	INNER JOIN faas f ON ef.parent_objid = f.objid 
	INNER JOIN rpu r ON f.rpuid = r.objid 
	INNER JOIN realproperty rp ON f.realpropertyid = rp.objid 
	INNER JOIN sys_org b ON rp.barangayid = b.objid 
  INNER JOIN sys_org o on f.lguid = o.objid 

union all 

SELECT 
	ef.objid,
  ef.findings,
  ef.parent_objid,
  ef.dtinspected,
  ef.inspectors,
  ef.notedby,
  ef.notedbytitle,
  ef.photos,
  ef.recommendations,
  ef.inspectedby_objid,
  ef.inspectedby_name,
  ef.inspectedby_title,
  ef.doctype,
  ef.txnno,  
	f.owner_name, 
  f.owner_address,
	f.titleno, 
	f.fullpin,
	rp.blockno,
	rp.cadastrallotno, 
	r.totalareaha,
	r.totalareasqm,
	r.totalmv,
	r.totalav,
  f.lguid,
  o.name as lgu_name,
	rp.barangayid, 
	b.name as barangay_name, 
	b.parent_objid as barangay_parentid, 
	rp.purok, 
	rp.street
FROM examiner_finding ef 
	inner join subdivision_motherland sm on ef.parent_objid = sm.subdivisionid
	INNER JOIN faas f ON sm.landfaasid = f.objid 
	INNER JOIN rpu r ON f.rpuid = r.objid 
	INNER JOIN realproperty rp ON f.realpropertyid = rp.objid 
	INNER JOIN sys_org b ON rp.barangayid = b.objid 
  INNER JOIN sys_org o on f.lguid = o.objid 

UNION ALL 

SELECT 
	ef.objid,
  ef.findings,
  ef.parent_objid,
  ef.dtinspected,
  ef.inspectors,
  ef.notedby,
  ef.notedbytitle,
  ef.photos,
  ef.recommendations,
  ef.inspectedby_objid,
  ef.inspectedby_name,
  ef.inspectedby_title,
  ef.doctype,
  ef.txnno,  
	f.owner_name, 
  f.owner_address,
	f.titleno, 
	f.fullpin,
	rp.blockno,
	rp.cadastrallotno, 
	r.totalareaha,
	r.totalareasqm,
	r.totalmv,
	r.totalav,
  f.lguid,
  o.name as lgu_name,
	rp.barangayid, 
	b.name as barangay_name, 
	b.parent_objid as barangay_parentid, 
	rp.purok, 
	rp.street
FROM examiner_finding ef 
	inner join consolidation c on ef.parent_objid = c.objid 
	INNER JOIN faas f ON c.newfaasid = f.objid 
	INNER JOIN rpu r ON f.rpuid = r.objid 
	INNER JOIN realproperty rp ON f.realpropertyid = rp.objid 
	INNER JOIN sys_org b ON rp.barangayid = b.objid 
  INNER JOIN sys_org o on f.lguid = o.objid 

union all 


SELECT 
	ef.objid,
  ef.findings,
  ef.parent_objid,
  ef.dtinspected,
  ef.inspectors,
  ef.notedby,
  ef.notedbytitle,
  ef.photos,
  ef.recommendations,
  ef.inspectedby_objid,
  ef.inspectedby_name,
  ef.inspectedby_title,
  ef.doctype,
  ef.txnno,  
	'' as owner_name, 
  '' as owner_address,
	'' as titleno, 
	'' as fullpin,
	'' as blockno,
	'' as cadastrallotno, 
	0 as totalareaha,
	0 as totalareasqm,
	0 as totalmv,
	0 as totalav,
  o.objid as lguid,
  o.name as lgu_name,
	b.objid as barangayid, 
	b.name as barangay_name, 
	b.parent_objid as barangay_parentid, 
	'' as purok, 
	'' as street
FROM examiner_finding ef 
	inner join batchgr bgr on ef.parent_objid = bgr.objid 
	INNER JOIN sys_org b ON bgr.barangay_objid = b.objid 
  INNER JOIN sys_org o on bgr.lgu_objid = o.objid 
;



/* REPORT: IDLE LANDS */
drop view if exists vw_idle_land
;

create view vw_idle_land 
as 
select 
  f.objid as objid,
  f.state as state,
  f.rpuid as rpuid,
  f.realpropertyid as realpropertyid,
  f.lguid as lguid,
  f.barangayid as barangayid,
  o.name as lgu,
  f.barangay as barangay,
  f.owner_name as owner_name,
  f.owner_address as owner_address,
  f.administrator_name as administrator_name,
  f.administrator_address as administrator_address,
  f.tdno as tdno,
  f.titleno as titleno,
  f.pin as pin,
  pc.name as classification,
  f.cadastrallotno as cadastrallotno,
  f.blockno as blockno,
  f.ry as ry,
  f.totalareaha as totalareaha,
  f.totalareasqm as totalareasqm,
  f.totalmv as totalmv,
  f.totalav as totalav 
from  faas_list f 
inner join landrpu lr on f.rpuid  
inner join propertyclassification pc on f.classification_objid  
inner join sys_org o on f.lguid  
where f.state in ('CURRENT','CANCELLED')
 and lr.idleland = 1 
;


delete from sys_rule_action_param where parentid in ( 
  select ra.objid 
  from sys_rule r, sys_rule_action ra 
  where r.ruleset in (
        select name  from sys_ruleset where domain in ('rpt', 'landtax')
    ) and ra.parentid=r.objid 
)
;

delete from sys_rule_actiondef_param where parentid in ( 
  select ra.objid from sys_ruleset_actiondef rsa 
    inner join sys_rule_actiondef ra on ra.objid=rsa.actiondef 
  where rsa.ruleset in (
        select name  from sys_ruleset where domain in ('rpt', 'landtax')
    )
);

delete from sys_rule_actiondef where objid in ( 
  select actiondef from sys_ruleset_actiondef where ruleset in (
        select name  from sys_ruleset where domain in ('rpt', 'landtax')
    )
);

delete from sys_rule_action where parentid in ( 
  select objid from sys_rule 
  where ruleset in (
        select name  from sys_ruleset where domain in ('rpt', 'landtax')
    )
)
;

delete from sys_rule_condition_constraint where parentid in ( 
  select rc.objid 
  from sys_rule r, sys_rule_condition rc 
  where r.ruleset in (
        select name  from sys_ruleset where domain in ('rpt', 'landtax')
    ) and rc.parentid=r.objid 
)
;

delete from sys_rule_condition_var where parentid in ( 
  select rc.objid 
  from sys_rule r, sys_rule_condition rc 
  where r.ruleset in (
        select name  from sys_ruleset where domain in ('rpt', 'landtax')
    ) and rc.parentid=r.objid 
)
;

delete from sys_rule_condition where parentid in ( 
  select objid from sys_rule where ruleset in (
        select name  from sys_ruleset where domain in ('rpt', 'landtax')
    )
)
;


delete from sys_rule_fact_field where parentid in (
	select objid from sys_rule_fact where domain in ('rpt', 'landtax')
)
;

delete  from sys_rule_fact where domain in ('rpt', 'landtax')
;

delete from sys_rule_deployed where objid in ( 
  select objid from sys_rule where ruleset in (
        select name  from sys_ruleset where domain in ('rpt', 'landtax')
    )
    
)
;

delete from sys_rule where ruleset in (
    select name  from sys_ruleset where domain in ('rpt', 'landtax')
)
;

delete from sys_ruleset_fact where ruleset in (
    select name  from sys_ruleset where domain in ('rpt', 'landtax')
)
;


delete from sys_ruleset_actiondef where ruleset in (
    select name  from sys_ruleset where domain in ('rpt', 'landtax')
)
;

delete from sys_rulegroup where ruleset in (
    select name  from sys_ruleset where domain in ('rpt', 'landtax')
)
;

delete from sys_ruleset where domain in ('rpt', 'landtax')
;




INSERT IGNORE INTO `rptparameter` (`objid`, `state`, `name`, `caption`, `description`, `paramtype`, `minvalue`, `maxvalue`) VALUES ('AREA_CU_M', 'APPROVED', 'AREA_CU_M', 'AREA IN CU.M.', '', 'decimal', '0.0000', '0.0000');
INSERT IGNORE INTO `rptparameter` (`objid`, `state`, `name`, `caption`, `description`, `paramtype`, `minvalue`, `maxvalue`) VALUES ('AREA_SQM', 'APPROVED', 'AREA_SQM', 'AREA IN SQM', 'AREA IN SQUARE METER', 'decimal', '0.0000', '0.0000');
INSERT IGNORE INTO `rptparameter` (`objid`, `state`, `name`, `caption`, `description`, `paramtype`, `minvalue`, `maxvalue`) VALUES ('CUBIC_METER', 'APPROVED', 'CUBIC_METER', 'Cubic Meter', NULL, 'decimal', '0.0000', '0.0000');
INSERT IGNORE INTO `rptparameter` (`objid`, `state`, `name`, `caption`, `description`, `paramtype`, `minvalue`, `maxvalue`) VALUES ('DISTANCE_KM', 'APPROVED', 'DISTANCE_KM', 'DISTANCE IN KM', '', 'decimal', '0.0000', '0.0000');
INSERT IGNORE INTO `rptparameter` (`objid`, `state`, `name`, `caption`, `description`, `paramtype`, `minvalue`, `maxvalue`) VALUES ('HEIGHT_METER', 'APPROVED', 'HEIGHT_METER', 'HEIGHT IN METER', '', 'decimal', '0.0000', '0.0000');
INSERT IGNORE INTO `rptparameter` (`objid`, `state`, `name`, `caption`, `description`, `paramtype`, `minvalue`, `maxvalue`) VALUES ('LENGTH_METER', 'APPROVED', 'LENGTH_METER', 'LENGTH IN METER', '', 'decimal', '0.0000', '0.0000');
INSERT IGNORE INTO `rptparameter` (`objid`, `state`, `name`, `caption`, `description`, `paramtype`, `minvalue`, `maxvalue`) VALUES ('LINEAR_METER', 'APPROVED', 'LINEAR_METER', 'LINEAR METER', 'LINEAR OF METER', 'decimal', '0.0000', '0.0000');
INSERT IGNORE INTO `rptparameter` (`objid`, `state`, `name`, `caption`, `description`, `paramtype`, `minvalue`, `maxvalue`) VALUES ('MULTI_STOREY_RATE', 'APPROVED', 'MULTI_STOREY_RATE', 'MULTI-STOREY RATE', '', 'decimal', '0.0000', '0.0000');
INSERT IGNORE INTO `rptparameter` (`objid`, `state`, `name`, `caption`, `description`, `paramtype`, `minvalue`, `maxvalue`) VALUES ('NO_OF_PIECES', 'APPROVED', 'NO_OF_PIECES', 'NUMBER OF PIECES', '', 'integer', '0.0000', '0.0000');
INSERT IGNORE INTO `rptparameter` (`objid`, `state`, `name`, `caption`, `description`, `paramtype`, `minvalue`, `maxvalue`) VALUES ('NO_OF_SETS', 'APPROVED', 'NO_OF_SETS', 'NO. OF SETS', '', 'integer', '0.0000', '0.0000');
INSERT IGNORE INTO `rptparameter` (`objid`, `state`, `name`, `caption`, `description`, `paramtype`, `minvalue`, `maxvalue`) VALUES ('NO_OF_UNITS', 'APPROVED', 'NO_OF_UNITS', 'NUMBER OF UNITS', '', 'decimal', '0.0000', '0.0000');
INSERT IGNORE INTO `rptparameter` (`objid`, `state`, `name`, `caption`, `description`, `paramtype`, `minvalue`, `maxvalue`) VALUES ('NO_UNITS', 'APPROVED', 'NO_UNITS', 'NO. OF UNITS', '', 'integer', '0.0000', '0.0000');
INSERT IGNORE INTO `rptparameter` (`objid`, `state`, `name`, `caption`, `description`, `paramtype`, `minvalue`, `maxvalue`) VALUES ('PERCENTAGE_15_20', 'APPROVED', 'PERCENTAGE_15_20', 'PERCENTAGE (15-20)', '', 'range_decimal', '0.1500', '0.2000');
INSERT IGNORE INTO `rptparameter` (`objid`, `state`, `name`, `caption`, `description`, `paramtype`, `minvalue`, `maxvalue`) VALUES ('RATE15_20', 'APPROVED', 'RATE15_20', 'RATE (15-20)', '', 'range_decimal', '0.1500', '0.2000');
INSERT IGNORE INTO `rptparameter` (`objid`, `state`, `name`, `caption`, `description`, `paramtype`, `minvalue`, `maxvalue`) VALUES ('RATE_0_30', 'APPROVED', 'RATE_0_30', 'RATE (0-30)', '', 'range_decimal', '0.0000', '30.0000');
INSERT IGNORE INTO `rptparameter` (`objid`, `state`, `name`, `caption`, `description`, `paramtype`, `minvalue`, `maxvalue`) VALUES ('RATE_15_20', 'APPROVED', 'RATE_15_20', 'RATE (15-20)', '', 'range_integer', '15.0000', '20.0000');
INSERT IGNORE INTO `rptparameter` (`objid`, `state`, `name`, `caption`, `description`, `paramtype`, `minvalue`, `maxvalue`) VALUES ('SWORN_AMOUNT', 'APPROVED', 'SWORN_AMOUNT', 'SWORN AMOUNT', '', 'decimal', '0.0000', '0.0000');
INSERT IGNORE INTO `rptparameter` (`objid`, `state`, `name`, `caption`, `description`, `paramtype`, `minvalue`, `maxvalue`) VALUES ('TOTAL_ADDITIONAL', 'APPROVED', 'TOTAL_ADDITIONAL', 'TOTAL_ADDITIONAL', '', 'decimal', '0.0000', '0.0000');
INSERT IGNORE INTO `rptparameter` (`objid`, `state`, `name`, `caption`, `description`, `paramtype`, `minvalue`, `maxvalue`) VALUES ('TOTAL_ADVANCE', 'APPROVED', 'TOTAL_ADVANCE', 'TOTAL ADVANCE', '', 'decimal', '0.0000', '0.0000');
INSERT IGNORE INTO `rptparameter` (`objid`, `state`, `name`, `caption`, `description`, `paramtype`, `minvalue`, `maxvalue`) VALUES ('TOTAL_AREA', 'APPROVED', 'TOTAL_AREA', 'TOTAL AREA', '', 'decimal', '0.0000', '0.0000');
INSERT IGNORE INTO `rptparameter` (`objid`, `state`, `name`, `caption`, `description`, `paramtype`, `minvalue`, `maxvalue`) VALUES ('TOTAL_AV', 'APPROVED', 'TOTAL_AV', 'TOTAL AV', '', 'decimal', '0.0000', '0.0000');
INSERT IGNORE INTO `rptparameter` (`objid`, `state`, `name`, `caption`, `description`, `paramtype`, `minvalue`, `maxvalue`) VALUES ('TOTAL_BMV', 'APPROVED', 'TOTAL_BMV', 'TOTAL BMV', '', 'decimal', '0.0000', '0.0000');
INSERT IGNORE INTO `rptparameter` (`objid`, `state`, `name`, `caption`, `description`, `paramtype`, `minvalue`, `maxvalue`) VALUES ('TOTAL_CURRENT', 'APPROVED', 'TOTAL_CURRENT', 'TOTAL CURRENT', '', 'decimal', '0.0000', '0.0000');
INSERT IGNORE INTO `rptparameter` (`objid`, `state`, `name`, `caption`, `description`, `paramtype`, `minvalue`, `maxvalue`) VALUES ('TOTAL_MV', 'APPROVED', 'TOTAL_MV', 'TOTAL MV', '', 'decimal', '0.0000', '0.0000');
INSERT IGNORE INTO `rptparameter` (`objid`, `state`, `name`, `caption`, `description`, `paramtype`, `minvalue`, `maxvalue`) VALUES ('TOTAL_PREVIOUS', 'APPROVED', 'TOTAL_PREVIOUS', 'TOTAL PREVIOUS', '', 'decimal', '0.0000', '0.0000');
INSERT IGNORE INTO `rptparameter` (`objid`, `state`, `name`, `caption`, `description`, `paramtype`, `minvalue`, `maxvalue`) VALUES ('TOTAL_VALUE', 'APPROVED', 'TOTAL_VALUE', 'TOTAL VALUE', '', 'decimal', '0.0000', '0.0000');
INSERT IGNORE INTO `rptparameter` (`objid`, `state`, `name`, `caption`, `description`, `paramtype`, `minvalue`, `maxvalue`) VALUES ('UNIT_AMOUNT', 'APPROVED', 'UNIT_AMOUNT', 'UNIT AMOUNT', '', 'decimal', '0.0000', '0.0000');
INSERT IGNORE INTO `rptparameter` (`objid`, `state`, `name`, `caption`, `description`, `paramtype`, `minvalue`, `maxvalue`) VALUES ('UNIT_VALUE', 'APPROVED', 'UNIT_VALUE', 'UNIT VALUE', 'UNIT VALUE', 'integer', '0.0000', '0.0000');
INSERT IGNORE INTO `rptparameter` (`objid`, `state`, `name`, `caption`, `description`, `paramtype`, `minvalue`, `maxvalue`) VALUES ('VOLUME_CU_M', 'APPROVED', 'VOLUME_CU_M', 'VOLUME IN CU.M.', '', 'decimal', '0.0000', '0.0000');




/* LANDTAX ACCOUNT MAPPING */

delete from brgy_taxaccount_mapping
;
delete from province_taxaccount_mapping
;
delete from municipality_taxaccount_mapping
;
delete from itemaccount_tag where tag like 'RPT_%'
;
delete from itemaccount where objid like 'RPT_%'
;
delete from account_item_mapping where itemid like 'RPT%'
;
delete from account_item_mapping where itemid = 'ITEMACCT2941b9a8:14cea479194:-7eab';
delete from account_item_mapping where itemid = 'ITEMACCT2941b9a8:14cea479194:-7efc';
delete from account_item_mapping where itemid = 'ITEMACCT2941b9a8:14cea479194:-7fab';
delete from account_item_mapping where itemid = 'REVITEM-1c2fcd63:140c2c7c557:-7f6c';
delete from account_item_mapping where itemid = 'REVITEM-1c2fcd63:140c2c7c557:-7f70';
delete from account_item_mapping where itemid = 'REVITEM-1c2fcd63:140c2c7c557:-7f74';
delete from account_item_mapping where itemid = 'REVITEM-1c2fcd63:140c2c7c557:-7f79';
delete from account_item_mapping where itemid = 'REVITEM-1c2fcd63:140c2c7c557:-7f7d';
delete from account_item_mapping where itemid = 'REVITEM-1c2fcd63:140c2c7c557:-7f81';
delete from account_item_mapping where itemid = 'REVITEM217a91b:1409e6ae44e:-7f3a';
delete from account_item_mapping where itemid = 'REVITEM217a91b:1409e6ae44e:-7fa6';
delete from account_item_mapping where itemid = 'REVITEM217a91b:1409e6ae44e:-7faa';
delete from account_item_mapping where itemid = 'REVITEM217a91b:1409e6ae44e:-7faf';
delete from account_item_mapping where itemid = 'REVITEM217a91b:1409e6ae44e:-7fb4';
delete from account_item_mapping where itemid = 'REVITEM599d106f:140a39fc366:-7d68';
delete from account_item_mapping where itemid = 'REVITEM693e4b99:1410dc36735:104e';
delete from account_item_mapping where itemid = 'REVITEM693e4b99:1410dc36735:113a';

delete from ngas_revenue_mapping where revenueitemid = 'ITEMACCT2941b9a8:14cea479194:-7eab';
delete from ngas_revenue_mapping where revenueitemid = 'ITEMACCT2941b9a8:14cea479194:-7efc';
delete from ngas_revenue_mapping where revenueitemid = 'ITEMACCT2941b9a8:14cea479194:-7fab';
delete from ngas_revenue_mapping where revenueitemid = 'REVITEM-1c2fcd63:140c2c7c557:-7f6c';
delete from ngas_revenue_mapping where revenueitemid = 'REVITEM-1c2fcd63:140c2c7c557:-7f70';
delete from ngas_revenue_mapping where revenueitemid = 'REVITEM-1c2fcd63:140c2c7c557:-7f74';
delete from ngas_revenue_mapping where revenueitemid = 'REVITEM-1c2fcd63:140c2c7c557:-7f79';
delete from ngas_revenue_mapping where revenueitemid = 'REVITEM-1c2fcd63:140c2c7c557:-7f7d';
delete from ngas_revenue_mapping where revenueitemid = 'REVITEM-1c2fcd63:140c2c7c557:-7f81';
delete from ngas_revenue_mapping where revenueitemid = 'REVITEM217a91b:1409e6ae44e:-7f3a';
delete from ngas_revenue_mapping where revenueitemid = 'REVITEM217a91b:1409e6ae44e:-7fa6';
delete from ngas_revenue_mapping where revenueitemid = 'REVITEM217a91b:1409e6ae44e:-7faa';
delete from ngas_revenue_mapping where revenueitemid = 'REVITEM217a91b:1409e6ae44e:-7faf';
delete from ngas_revenue_mapping where revenueitemid = 'REVITEM217a91b:1409e6ae44e:-7fb4';
delete from ngas_revenue_mapping where revenueitemid = 'REVITEM599d106f:140a39fc366:-7d68';
delete from ngas_revenue_mapping where revenueitemid = 'REVITEM693e4b99:1410dc36735:104e';
delete from ngas_revenue_mapping where revenueitemid = 'REVITEM693e4b99:1410dc36735:113a';

delete from itemaccount where objid = 'ITEMACCT2941b9a8:14cea479194:-7eab';
delete from itemaccount where objid = 'ITEMACCT2941b9a8:14cea479194:-7efc';
delete from itemaccount where objid = 'ITEMACCT2941b9a8:14cea479194:-7fab';
delete from itemaccount where objid = 'REVITEM-1c2fcd63:140c2c7c557:-7f6c';
delete from itemaccount where objid = 'REVITEM-1c2fcd63:140c2c7c557:-7f70';
delete from itemaccount where objid = 'REVITEM-1c2fcd63:140c2c7c557:-7f74';
delete from itemaccount where objid = 'REVITEM-1c2fcd63:140c2c7c557:-7f79';
delete from itemaccount where objid = 'REVITEM-1c2fcd63:140c2c7c557:-7f7d';
delete from itemaccount where objid = 'REVITEM-1c2fcd63:140c2c7c557:-7f81';
delete from itemaccount where objid = 'REVITEM217a91b:1409e6ae44e:-7f3a';
delete from itemaccount where objid = 'REVITEM217a91b:1409e6ae44e:-7fa6';
delete from itemaccount where objid = 'REVITEM217a91b:1409e6ae44e:-7faa';
delete from itemaccount where objid = 'REVITEM217a91b:1409e6ae44e:-7faf';
delete from itemaccount where objid = 'REVITEM217a91b:1409e6ae44e:-7fb4';
delete from itemaccount where objid = 'REVITEM599d106f:140a39fc366:-7d68';
delete from itemaccount where objid = 'REVITEM693e4b99:1410dc36735:104e';
delete from itemaccount where objid = 'REVITEM693e4b99:1410dc36735:113a';
delete from itemaccount where parentid like 'RPT_%';

INSERT INTO `itemaccount` (`objid`, `state`, `code`, `title`, `description`, `type`, `fund_objid`, `fund_code`, `fund_title`, `defaultvalue`, `valuetype`, `org_objid`, `org_name`, `parentid`, `generic`, `sortorder`, `hidefromlookup`) VALUES ('RPT_BASICINT_CURRENT', 'ACTIVE', '588-004', 'RPT BASIC PENALTY CURRENT', 'RPT BASIC PENALTY CURRENT', 'REVENUE', 'GENERAL', '01', 'GENERAL', '0.00', 'ANY', NULL, NULL, NULL, '0', '0', '0');
INSERT INTO `itemaccount` (`objid`, `state`, `code`, `title`, `description`, `type`, `fund_objid`, `fund_code`, `fund_title`, `defaultvalue`, `valuetype`, `org_objid`, `org_name`, `parentid`, `generic`, `sortorder`, `hidefromlookup`) VALUES ('RPT_BASICINT_CURRENT:158', 'ACTIVE', '-', 'DAPITAN CITY RPT BASIC PENALTY CURRENT', 'DAPITAN CITY RPT BASIC PENALTY CURRENT', 'REVENUE', 'GENERAL', '01', 'GENERAL', '0.00', 'ANY', '158', 'DAPITAN CITY', 'RPT_BASICINT_CURRENT', '0', '0', '0');
INSERT INTO `itemaccount` (`objid`, `state`, `code`, `title`, `description`, `type`, `fund_objid`, `fund_code`, `fund_title`, `defaultvalue`, `valuetype`, `org_objid`, `org_name`, `parentid`, `generic`, `sortorder`, `hidefromlookup`) VALUES ('RPT_BASICINT_CURRENT_BRGY_SHARE', 'ACTIVE', '455-049', 'RPT BASIC PENALTY CURRENT BARANGAY SHARE', 'RPT BASIC PENALTY CURRENT BARANGAY SHARE', 'PAYABLE', 'GENERAL', '01', 'GENERAL', '0.00', 'ANY', NULL, NULL, NULL, '0', '0', '0');
INSERT INTO `itemaccount` (`objid`, `state`, `code`, `title`, `description`, `type`, `fund_objid`, `fund_code`, `fund_title`, `defaultvalue`, `valuetype`, `org_objid`, `org_name`, `parentid`, `generic`, `sortorder`, `hidefromlookup`) VALUES ('RPT_BASICINT_CURRENT_BRGY_SHARE:158-01-0001', 'ACTIVE', '-', 'POBLACION RPT BASIC PENALTY CURRENT BARANGAY SHARE', 'POBLACION RPT BASIC PENALTY CURRENT BARANGAY SHARE', 'PAYABLE', 'GENERAL', '01', 'GENERAL', '0.00', 'ANY', '158-01-0001', 'POBLACION', 'RPT_BASICINT_CURRENT_BRGY_SHARE', '0', '0', '0');
INSERT INTO `itemaccount` (`objid`, `state`, `code`, `title`, `description`, `type`, `fund_objid`, `fund_code`, `fund_title`, `defaultvalue`, `valuetype`, `org_objid`, `org_name`, `parentid`, `generic`, `sortorder`, `hidefromlookup`) VALUES ('RPT_BASICINT_CURRENT_BRGY_SHARE:158-01-0009', 'ACTIVE', '-', 'ALIGUAY RPT BASIC PENALTY CURRENT BARANGAY SHARE', 'ALIGUAY RPT BASIC PENALTY CURRENT BARANGAY SHARE', 'PAYABLE', 'GENERAL', '01', 'GENERAL', '0.00', 'ANY', '158-01-0009', 'ALIGUAY', 'RPT_BASICINT_CURRENT_BRGY_SHARE', '0', '0', '0');
INSERT INTO `itemaccount` (`objid`, `state`, `code`, `title`, `description`, `type`, `fund_objid`, `fund_code`, `fund_title`, `defaultvalue`, `valuetype`, `org_objid`, `org_name`, `parentid`, `generic`, `sortorder`, `hidefromlookup`) VALUES ('RPT_BASICINT_CURRENT_BRGY_SHARE:158-01-0013', 'ACTIVE', '-', 'BANBANAN RPT BASIC PENALTY CURRENT BARANGAY SHARE', 'BANBANAN RPT BASIC PENALTY CURRENT BARANGAY SHARE', 'PAYABLE', 'GENERAL', '01', 'GENERAL', '0.00', 'ANY', '158-01-0013', 'BANBANAN', 'RPT_BASICINT_CURRENT_BRGY_SHARE', '0', '0', '0');
INSERT INTO `itemaccount` (`objid`, `state`, `code`, `title`, `description`, `type`, `fund_objid`, `fund_code`, `fund_title`, `defaultvalue`, `valuetype`, `org_objid`, `org_name`, `parentid`, `generic`, `sortorder`, `hidefromlookup`) VALUES ('RPT_BASICINT_CURRENT_BRGY_SHARE:158-01-0017', 'ACTIVE', '-', 'CANLUCANI RPT BASIC PENALTY CURRENT BARANGAY SHARE', 'CANLUCANI RPT BASIC PENALTY CURRENT BARANGAY SHARE', 'PAYABLE', 'GENERAL', '01', 'GENERAL', '0.00', 'ANY', '158-01-0017', 'CANLUCANI', 'RPT_BASICINT_CURRENT_BRGY_SHARE', '0', '0', '0');
INSERT INTO `itemaccount` (`objid`, `state`, `code`, `title`, `description`, `type`, `fund_objid`, `fund_code`, `fund_title`, `defaultvalue`, `valuetype`, `org_objid`, `org_name`, `parentid`, `generic`, `sortorder`, `hidefromlookup`) VALUES ('RPT_BASICINT_CURRENT_BRGY_SHARE:158-01-0018', 'ACTIVE', '-', 'CARANG RPT BASIC PENALTY CURRENT BARANGAY SHARE', 'CARANG RPT BASIC PENALTY CURRENT BARANGAY SHARE', 'PAYABLE', 'GENERAL', '01', 'GENERAL', '0.00', 'ANY', '158-01-0018', 'CARANG', 'RPT_BASICINT_CURRENT_BRGY_SHARE', '0', '0', '0');
INSERT INTO `itemaccount` (`objid`, `state`, `code`, `title`, `description`, `type`, `fund_objid`, `fund_code`, `fund_title`, `defaultvalue`, `valuetype`, `org_objid`, `org_name`, `parentid`, `generic`, `sortorder`, `hidefromlookup`) VALUES ('RPT_BASICINT_CURRENT_BRGY_SHARE:158-01-0022', 'ACTIVE', '-', 'GUIMPUTLAN RPT BASIC PENALTY CURRENT BARANGAY SHARE', 'GUIMPUTLAN RPT BASIC PENALTY CURRENT BARANGAY SHARE', 'PAYABLE', 'GENERAL', '01', 'GENERAL', '0.00', 'ANY', '158-01-0022', 'GUIMPUTLAN', 'RPT_BASICINT_CURRENT_BRGY_SHARE', '0', '0', '0');
INSERT INTO `itemaccount` (`objid`, `state`, `code`, `title`, `description`, `type`, `fund_objid`, `fund_code`, `fund_title`, `defaultvalue`, `valuetype`, `org_objid`, `org_name`, `parentid`, `generic`, `sortorder`, `hidefromlookup`) VALUES ('RPT_BASICINT_CURRENT_BRGY_SHARE:158-01-0042', 'ACTIVE', '-', 'SANTO NINO RPT BASIC PENALTY CURRENT BARANGAY SHARE', 'SANTO NINO RPT BASIC PENALTY CURRENT BARANGAY SHARE', 'PAYABLE', 'GENERAL', '01', 'GENERAL', '0.00', 'ANY', '158-01-0042', 'SANTO NINO', 'RPT_BASICINT_CURRENT_BRGY_SHARE', '0', '0', '0');
INSERT INTO `itemaccount` (`objid`, `state`, `code`, `title`, `description`, `type`, `fund_objid`, `fund_code`, `fund_title`, `defaultvalue`, `valuetype`, `org_objid`, `org_name`, `parentid`, `generic`, `sortorder`, `hidefromlookup`) VALUES ('RPT_BASICINT_CURRENT_BRGY_SHARE:158-01-0045', 'ACTIVE', '-', 'SELINOG RPT BASIC PENALTY CURRENT BARANGAY SHARE', 'SELINOG RPT BASIC PENALTY CURRENT BARANGAY SHARE', 'PAYABLE', 'GENERAL', '01', 'GENERAL', '0.00', 'ANY', '158-01-0045', 'SELINOG', 'RPT_BASICINT_CURRENT_BRGY_SHARE', '0', '0', '0');
INSERT INTO `itemaccount` (`objid`, `state`, `code`, `title`, `description`, `type`, `fund_objid`, `fund_code`, `fund_title`, `defaultvalue`, `valuetype`, `org_objid`, `org_name`, `parentid`, `generic`, `sortorder`, `hidefromlookup`) VALUES ('RPT_BASICINT_CURRENT_BRGY_SHARE:158-01-0048', 'ACTIVE', '-', 'TAG-ULO RPT BASIC PENALTY CURRENT BARANGAY SHARE', 'TAG-ULO RPT BASIC PENALTY CURRENT BARANGAY SHARE', 'PAYABLE', 'GENERAL', '01', 'GENERAL', '0.00', 'ANY', '158-01-0048', 'TAG-ULO', 'RPT_BASICINT_CURRENT_BRGY_SHARE', '0', '0', '0');
INSERT INTO `itemaccount` (`objid`, `state`, `code`, `title`, `description`, `type`, `fund_objid`, `fund_code`, `fund_title`, `defaultvalue`, `valuetype`, `org_objid`, `org_name`, `parentid`, `generic`, `sortorder`, `hidefromlookup`) VALUES ('RPT_BASICINT_CURRENT_BRGY_SHARE:158-01-0049', 'ACTIVE', '-', 'TAGUILON RPT BASIC PENALTY CURRENT BARANGAY SHARE', 'TAGUILON RPT BASIC PENALTY CURRENT BARANGAY SHARE', 'PAYABLE', 'GENERAL', '01', 'GENERAL', '0.00', 'ANY', '158-01-0049', 'TAGUILON', 'RPT_BASICINT_CURRENT_BRGY_SHARE', '0', '0', '0');
INSERT INTO `itemaccount` (`objid`, `state`, `code`, `title`, `description`, `type`, `fund_objid`, `fund_code`, `fund_title`, `defaultvalue`, `valuetype`, `org_objid`, `org_name`, `parentid`, `generic`, `sortorder`, `hidefromlookup`) VALUES ('RPT_BASICINT_CURRENT_BRGY_SHARE:158-02-0015', 'ACTIVE', '-', 'BAYLIMANGO RPT BASIC PENALTY CURRENT BARANGAY SHARE', 'BAYLIMANGO RPT BASIC PENALTY CURRENT BARANGAY SHARE', 'PAYABLE', 'GENERAL', '01', 'GENERAL', '0.00', 'ANY', '158-02-0015', 'BAYLIMANGO', 'RPT_BASICINT_CURRENT_BRGY_SHARE', '0', '0', '0');
INSERT INTO `itemaccount` (`objid`, `state`, `code`, `title`, `description`, `type`, `fund_objid`, `fund_code`, `fund_title`, `defaultvalue`, `valuetype`, `org_objid`, `org_name`, `parentid`, `generic`, `sortorder`, `hidefromlookup`) VALUES ('RPT_BASICINT_CURRENT_BRGY_SHARE:158-02-0020', 'ACTIVE', '-', 'DARO RPT BASIC PENALTY CURRENT BARANGAY SHARE', 'DARO RPT BASIC PENALTY CURRENT BARANGAY SHARE', 'PAYABLE', 'GENERAL', '01', 'GENERAL', '0.00', 'ANY', '158-02-0020', 'DARO', 'RPT_BASICINT_CURRENT_BRGY_SHARE', '0', '0', '0');
INSERT INTO `itemaccount` (`objid`, `state`, `code`, `title`, `description`, `type`, `fund_objid`, `fund_code`, `fund_title`, `defaultvalue`, `valuetype`, `org_objid`, `org_name`, `parentid`, `generic`, `sortorder`, `hidefromlookup`) VALUES ('RPT_BASICINT_CURRENT_BRGY_SHARE:158-02-0025', 'ACTIVE', '-', 'KAUSWAGAN RPT BASIC PENALTY CURRENT BARANGAY SHARE', 'KAUSWAGAN RPT BASIC PENALTY CURRENT BARANGAY SHARE', 'PAYABLE', 'GENERAL', '01', 'GENERAL', '0.00', 'ANY', '158-02-0025', 'KAUSWAGAN', 'RPT_BASICINT_CURRENT_BRGY_SHARE', '0', '0', '0');
INSERT INTO `itemaccount` (`objid`, `state`, `code`, `title`, `description`, `type`, `fund_objid`, `fund_code`, `fund_title`, `defaultvalue`, `valuetype`, `org_objid`, `org_name`, `parentid`, `generic`, `sortorder`, `hidefromlookup`) VALUES ('RPT_BASICINT_CURRENT_BRGY_SHARE:158-02-0028', 'ACTIVE', '-', 'MARIA CRISTINA RPT BASIC PENALTY CURRENT BARANGAY SHARE', 'MARIA CRISTINA RPT BASIC PENALTY CURRENT BARANGAY SHARE', 'PAYABLE', 'GENERAL', '01', 'GENERAL', '0.00', 'ANY', '158-02-0028', 'MARIA CRISTINA', 'RPT_BASICINT_CURRENT_BRGY_SHARE', '0', '0', '0');
INSERT INTO `itemaccount` (`objid`, `state`, `code`, `title`, `description`, `type`, `fund_objid`, `fund_code`, `fund_title`, `defaultvalue`, `valuetype`, `org_objid`, `org_name`, `parentid`, `generic`, `sortorder`, `hidefromlookup`) VALUES ('RPT_BASICINT_CURRENT_BRGY_SHARE:158-02-0029', 'ACTIVE', '-', 'MARIA URAY RPT BASIC PENALTY CURRENT BARANGAY SHARE', 'MARIA URAY RPT BASIC PENALTY CURRENT BARANGAY SHARE', 'PAYABLE', 'GENERAL', '01', 'GENERAL', '0.00', 'ANY', '158-02-0029', 'MARIA URAY', 'RPT_BASICINT_CURRENT_BRGY_SHARE', '0', '0', '0');
INSERT INTO `itemaccount` (`objid`, `state`, `code`, `title`, `description`, `type`, `fund_objid`, `fund_code`, `fund_title`, `defaultvalue`, `valuetype`, `org_objid`, `org_name`, `parentid`, `generic`, `sortorder`, `hidefromlookup`) VALUES ('RPT_BASICINT_CURRENT_BRGY_SHARE:158-02-0031', 'ACTIVE', '-', 'NAPO RPT BASIC PENALTY CURRENT BARANGAY SHARE', 'NAPO RPT BASIC PENALTY CURRENT BARANGAY SHARE', 'PAYABLE', 'GENERAL', '01', 'GENERAL', '0.00', 'ANY', '158-02-0031', 'NAPO', 'RPT_BASICINT_CURRENT_BRGY_SHARE', '0', '0', '0');
INSERT INTO `itemaccount` (`objid`, `state`, `code`, `title`, `description`, `type`, `fund_objid`, `fund_code`, `fund_title`, `defaultvalue`, `valuetype`, `org_objid`, `org_name`, `parentid`, `generic`, `sortorder`, `hidefromlookup`) VALUES ('RPT_BASICINT_CURRENT_BRGY_SHARE:158-02-0033', 'ACTIVE', '-', 'ORO RPT BASIC PENALTY CURRENT BARANGAY SHARE', 'ORO RPT BASIC PENALTY CURRENT BARANGAY SHARE', 'PAYABLE', 'GENERAL', '01', 'GENERAL', '0.00', 'ANY', '158-02-0033', 'ORO', 'RPT_BASICINT_CURRENT_BRGY_SHARE', '0', '0', '0');
INSERT INTO `itemaccount` (`objid`, `state`, `code`, `title`, `description`, `type`, `fund_objid`, `fund_code`, `fund_title`, `defaultvalue`, `valuetype`, `org_objid`, `org_name`, `parentid`, `generic`, `sortorder`, `hidefromlookup`) VALUES ('RPT_BASICINT_CURRENT_BRGY_SHARE:158-02-0046', 'ACTIVE', '-', 'SINONOC RPT BASIC PENALTY CURRENT BARANGAY SHARE', 'SINONOC RPT BASIC PENALTY CURRENT BARANGAY SHARE', 'PAYABLE', 'GENERAL', '01', 'GENERAL', '0.00', 'ANY', '158-02-0046', 'SINONOC', 'RPT_BASICINT_CURRENT_BRGY_SHARE', '0', '0', '0');
INSERT INTO `itemaccount` (`objid`, `state`, `code`, `title`, `description`, `type`, `fund_objid`, `fund_code`, `fund_title`, `defaultvalue`, `valuetype`, `org_objid`, `org_name`, `parentid`, `generic`, `sortorder`, `hidefromlookup`) VALUES ('RPT_BASICINT_CURRENT_BRGY_SHARE:158-03-0001', 'ACTIVE', '-', 'DAWO RPT BASIC PENALTY CURRENT BARANGAY SHARE', 'DAWO RPT BASIC PENALTY CURRENT BARANGAY SHARE', 'PAYABLE', 'GENERAL', '01', 'GENERAL', '0.00', 'ANY', '158-03-0001', 'DAWO', 'RPT_BASICINT_CURRENT_BRGY_SHARE', '0', '0', '0');
INSERT INTO `itemaccount` (`objid`, `state`, `code`, `title`, `description`, `type`, `fund_objid`, `fund_code`, `fund_title`, `defaultvalue`, `valuetype`, `org_objid`, `org_name`, `parentid`, `generic`, `sortorder`, `hidefromlookup`) VALUES ('RPT_BASICINT_CURRENT_BRGY_SHARE:158-03-0002', 'ACTIVE', '-', 'BAGTING RPT BASIC PENALTY CURRENT BARANGAY SHARE', 'BAGTING RPT BASIC PENALTY CURRENT BARANGAY SHARE', 'PAYABLE', 'GENERAL', '01', 'GENERAL', '0.00', 'ANY', '158-03-0002', 'BAGTING', 'RPT_BASICINT_CURRENT_BRGY_SHARE', '0', '0', '0');
INSERT INTO `itemaccount` (`objid`, `state`, `code`, `title`, `description`, `type`, `fund_objid`, `fund_code`, `fund_title`, `defaultvalue`, `valuetype`, `org_objid`, `org_name`, `parentid`, `generic`, `sortorder`, `hidefromlookup`) VALUES ('RPT_BASICINT_CURRENT_BRGY_SHARE:158-03-0003', 'ACTIVE', '-', 'BANONONG RPT BASIC PENALTY CURRENT BARANGAY SHARE', 'BANONONG RPT BASIC PENALTY CURRENT BARANGAY SHARE', 'PAYABLE', 'GENERAL', '01', 'GENERAL', '0.00', 'ANY', '158-03-0003', 'BANONONG', 'RPT_BASICINT_CURRENT_BRGY_SHARE', '0', '0', '0');
INSERT INTO `itemaccount` (`objid`, `state`, `code`, `title`, `description`, `type`, `fund_objid`, `fund_code`, `fund_title`, `defaultvalue`, `valuetype`, `org_objid`, `org_name`, `parentid`, `generic`, `sortorder`, `hidefromlookup`) VALUES ('RPT_BASICINT_CURRENT_BRGY_SHARE:158-03-0004', 'ACTIVE', '-', 'CAWA-CAWA RPT BASIC PENALTY CURRENT BARANGAY SHARE', 'CAWA-CAWA RPT BASIC PENALTY CURRENT BARANGAY SHARE', 'PAYABLE', 'GENERAL', '01', 'GENERAL', '0.00', 'ANY', '158-03-0004', 'CAWA-CAWA', 'RPT_BASICINT_CURRENT_BRGY_SHARE', '0', '0', '0');
INSERT INTO `itemaccount` (`objid`, `state`, `code`, `title`, `description`, `type`, `fund_objid`, `fund_code`, `fund_title`, `defaultvalue`, `valuetype`, `org_objid`, `org_name`, `parentid`, `generic`, `sortorder`, `hidefromlookup`) VALUES ('RPT_BASICINT_CURRENT_BRGY_SHARE:158-03-0005', 'ACTIVE', '-', 'LINABO RPT BASIC PENALTY CURRENT BARANGAY SHARE', 'LINABO RPT BASIC PENALTY CURRENT BARANGAY SHARE', 'PAYABLE', 'GENERAL', '01', 'GENERAL', '0.00', 'ANY', '158-03-0005', 'LINABO', 'RPT_BASICINT_CURRENT_BRGY_SHARE', '0', '0', '0');
INSERT INTO `itemaccount` (`objid`, `state`, `code`, `title`, `description`, `type`, `fund_objid`, `fund_code`, `fund_title`, `defaultvalue`, `valuetype`, `org_objid`, `org_name`, `parentid`, `generic`, `sortorder`, `hidefromlookup`) VALUES ('RPT_BASICINT_CURRENT_BRGY_SHARE:158-03-0006', 'ACTIVE', '-', 'POTOL RPT BASIC PENALTY CURRENT BARANGAY SHARE', 'POTOL RPT BASIC PENALTY CURRENT BARANGAY SHARE', 'PAYABLE', 'GENERAL', '01', 'GENERAL', '0.00', 'ANY', '158-03-0006', 'POTOL', 'RPT_BASICINT_CURRENT_BRGY_SHARE', '0', '0', '0');
INSERT INTO `itemaccount` (`objid`, `state`, `code`, `title`, `description`, `type`, `fund_objid`, `fund_code`, `fund_title`, `defaultvalue`, `valuetype`, `org_objid`, `org_name`, `parentid`, `generic`, `sortorder`, `hidefromlookup`) VALUES ('RPT_BASICINT_CURRENT_BRGY_SHARE:158-03-0007', 'ACTIVE', '-', 'SANTA CRUZ RPT BASIC PENALTY CURRENT BARANGAY SHARE', 'SANTA CRUZ RPT BASIC PENALTY CURRENT BARANGAY SHARE', 'PAYABLE', 'GENERAL', '01', 'GENERAL', '0.00', 'ANY', '158-03-0007', 'SANTA CRUZ', 'RPT_BASICINT_CURRENT_BRGY_SHARE', '0', '0', '0');
INSERT INTO `itemaccount` (`objid`, `state`, `code`, `title`, `description`, `type`, `fund_objid`, `fund_code`, `fund_title`, `defaultvalue`, `valuetype`, `org_objid`, `org_name`, `parentid`, `generic`, `sortorder`, `hidefromlookup`) VALUES ('RPT_BASICINT_CURRENT_BRGY_SHARE:158-03-0008', 'ACTIVE', '-', 'TALISAY RPT BASIC PENALTY CURRENT BARANGAY SHARE', 'TALISAY RPT BASIC PENALTY CURRENT BARANGAY SHARE', 'PAYABLE', 'GENERAL', '01', 'GENERAL', '0.00', 'ANY', '158-03-0008', 'TALISAY', 'RPT_BASICINT_CURRENT_BRGY_SHARE', '0', '0', '0');
INSERT INTO `itemaccount` (`objid`, `state`, `code`, `title`, `description`, `type`, `fund_objid`, `fund_code`, `fund_title`, `defaultvalue`, `valuetype`, `org_objid`, `org_name`, `parentid`, `generic`, `sortorder`, `hidefromlookup`) VALUES ('RPT_BASICINT_CURRENT_BRGY_SHARE:158-04-0010', 'ACTIVE', '-', 'ANTIPOLO RPT BASIC PENALTY CURRENT BARANGAY SHARE', 'ANTIPOLO RPT BASIC PENALTY CURRENT BARANGAY SHARE', 'PAYABLE', 'GENERAL', '01', 'GENERAL', '0.00', 'ANY', '158-04-0010', 'ANTIPOLO', 'RPT_BASICINT_CURRENT_BRGY_SHARE', '0', '0', '0');
INSERT INTO `itemaccount` (`objid`, `state`, `code`, `title`, `description`, `type`, `fund_objid`, `fund_code`, `fund_title`, `defaultvalue`, `valuetype`, `org_objid`, `org_name`, `parentid`, `generic`, `sortorder`, `hidefromlookup`) VALUES ('RPT_BASICINT_CURRENT_BRGY_SHARE:158-04-0014', 'ACTIVE', '-', 'SAN VICENTE RPT BASIC PENALTY CURRENT BARANGAY SHARE', 'SAN VICENTE RPT BASIC PENALTY CURRENT BARANGAY SHARE', 'PAYABLE', 'GENERAL', '01', 'GENERAL', '0.00', 'ANY', '158-04-0014', 'SAN VICENTE', 'RPT_BASICINT_CURRENT_BRGY_SHARE', '0', '0', '0');
INSERT INTO `itemaccount` (`objid`, `state`, `code`, `title`, `description`, `type`, `fund_objid`, `fund_code`, `fund_title`, `defaultvalue`, `valuetype`, `org_objid`, `org_name`, `parentid`, `generic`, `sortorder`, `hidefromlookup`) VALUES ('RPT_BASICINT_CURRENT_BRGY_SHARE:158-04-0026', 'ACTIVE', '-', 'LARAYAN RPT BASIC PENALTY CURRENT BARANGAY SHARE', 'LARAYAN RPT BASIC PENALTY CURRENT BARANGAY SHARE', 'PAYABLE', 'GENERAL', '01', 'GENERAL', '0.00', 'ANY', '158-04-0026', 'LARAYAN', 'RPT_BASICINT_CURRENT_BRGY_SHARE', '0', '0', '0');
INSERT INTO `itemaccount` (`objid`, `state`, `code`, `title`, `description`, `type`, `fund_objid`, `fund_code`, `fund_title`, `defaultvalue`, `valuetype`, `org_objid`, `org_name`, `parentid`, `generic`, `sortorder`, `hidefromlookup`) VALUES ('RPT_BASICINT_CURRENT_BRGY_SHARE:158-04-0027', 'ACTIVE', '-', 'LIYANG RPT BASIC PENALTY CURRENT BARANGAY SHARE', 'LIYANG RPT BASIC PENALTY CURRENT BARANGAY SHARE', 'PAYABLE', 'GENERAL', '01', 'GENERAL', '0.00', 'ANY', '158-04-0027', 'LIYANG', 'RPT_BASICINT_CURRENT_BRGY_SHARE', '0', '0', '0');
INSERT INTO `itemaccount` (`objid`, `state`, `code`, `title`, `description`, `type`, `fund_objid`, `fund_code`, `fund_title`, `defaultvalue`, `valuetype`, `org_objid`, `org_name`, `parentid`, `generic`, `sortorder`, `hidefromlookup`) VALUES ('RPT_BASICINT_CURRENT_BRGY_SHARE:158-04-0034', 'ACTIVE', '-', 'OWAON RPT BASIC PENALTY CURRENT BARANGAY SHARE', 'OWAON RPT BASIC PENALTY CURRENT BARANGAY SHARE', 'PAYABLE', 'GENERAL', '01', 'GENERAL', '0.00', 'ANY', '158-04-0034', 'OWAON', 'RPT_BASICINT_CURRENT_BRGY_SHARE', '0', '0', '0');
INSERT INTO `itemaccount` (`objid`, `state`, `code`, `title`, `description`, `type`, `fund_objid`, `fund_code`, `fund_title`, `defaultvalue`, `valuetype`, `org_objid`, `org_name`, `parentid`, `generic`, `sortorder`, `hidefromlookup`) VALUES ('RPT_BASICINT_CURRENT_BRGY_SHARE:158-04-0036', 'ACTIVE', '-', 'POLO RPT BASIC PENALTY CURRENT BARANGAY SHARE', 'POLO RPT BASIC PENALTY CURRENT BARANGAY SHARE', 'PAYABLE', 'GENERAL', '01', 'GENERAL', '0.00', 'ANY', '158-04-0036', 'POLO', 'RPT_BASICINT_CURRENT_BRGY_SHARE', '0', '0', '0');
INSERT INTO `itemaccount` (`objid`, `state`, `code`, `title`, `description`, `type`, `fund_objid`, `fund_code`, `fund_title`, `defaultvalue`, `valuetype`, `org_objid`, `org_name`, `parentid`, `generic`, `sortorder`, `hidefromlookup`) VALUES ('RPT_BASICINT_CURRENT_BRGY_SHARE:158-04-0040', 'ACTIVE', '-', 'SAN PEDRO RPT BASIC PENALTY CURRENT BARANGAY SHARE', 'SAN PEDRO RPT BASIC PENALTY CURRENT BARANGAY SHARE', 'PAYABLE', 'GENERAL', '01', 'GENERAL', '0.00', 'ANY', '158-04-0040', 'SAN PEDRO', 'RPT_BASICINT_CURRENT_BRGY_SHARE', '0', '0', '0');
INSERT INTO `itemaccount` (`objid`, `state`, `code`, `title`, `description`, `type`, `fund_objid`, `fund_code`, `fund_title`, `defaultvalue`, `valuetype`, `org_objid`, `org_name`, `parentid`, `generic`, `sortorder`, `hidefromlookup`) VALUES ('RPT_BASICINT_CURRENT_BRGY_SHARE:158-04-0043', 'ACTIVE', '-', 'SICAYAB BUCANA RPT BASIC PENALTY CURRENT BARANGAY SHARE', 'SICAYAB BUCANA RPT BASIC PENALTY CURRENT BARANGAY SHARE', 'PAYABLE', 'GENERAL', '01', 'GENERAL', '0.00', 'ANY', '158-04-0043', 'SICAYAB BUCANA', 'RPT_BASICINT_CURRENT_BRGY_SHARE', '0', '0', '0');
INSERT INTO `itemaccount` (`objid`, `state`, `code`, `title`, `description`, `type`, `fund_objid`, `fund_code`, `fund_title`, `defaultvalue`, `valuetype`, `org_objid`, `org_name`, `parentid`, `generic`, `sortorder`, `hidefromlookup`) VALUES ('RPT_BASICINT_CURRENT_BRGY_SHARE:158-04-0047', 'ACTIVE', '-', 'SULANGON RPT BASIC PENALTY CURRENT BARANGAY SHARE', 'SULANGON RPT BASIC PENALTY CURRENT BARANGAY SHARE', 'PAYABLE', 'GENERAL', '01', 'GENERAL', '0.00', 'ANY', '158-04-0047', 'SULANGON', 'RPT_BASICINT_CURRENT_BRGY_SHARE', '0', '0', '0');
INSERT INTO `itemaccount` (`objid`, `state`, `code`, `title`, `description`, `type`, `fund_objid`, `fund_code`, `fund_title`, `defaultvalue`, `valuetype`, `org_objid`, `org_name`, `parentid`, `generic`, `sortorder`, `hidefromlookup`) VALUES ('RPT_BASICINT_CURRENT_BRGY_SHARE:158-05-0014', 'ACTIVE', '-', 'BARCELONA RPT BASIC PENALTY CURRENT BARANGAY SHARE', 'BARCELONA RPT BASIC PENALTY CURRENT BARANGAY SHARE', 'PAYABLE', 'GENERAL', '01', 'GENERAL', '0.00', 'ANY', '158-05-0014', 'BARCELONA', 'RPT_BASICINT_CURRENT_BRGY_SHARE', '0', '0', '0');
INSERT INTO `itemaccount` (`objid`, `state`, `code`, `title`, `description`, `type`, `fund_objid`, `fund_code`, `fund_title`, `defaultvalue`, `valuetype`, `org_objid`, `org_name`, `parentid`, `generic`, `sortorder`, `hidefromlookup`) VALUES ('RPT_BASICINT_CURRENT_BRGY_SHARE:158-05-0016', 'ACTIVE', '-', 'BURGOS RPT BASIC PENALTY CURRENT BARANGAY SHARE', 'BURGOS RPT BASIC PENALTY CURRENT BARANGAY SHARE', 'PAYABLE', 'GENERAL', '01', 'GENERAL', '0.00', 'ANY', '158-05-0016', 'BURGOS', 'RPT_BASICINT_CURRENT_BRGY_SHARE', '0', '0', '0');
INSERT INTO `itemaccount` (`objid`, `state`, `code`, `title`, `description`, `type`, `fund_objid`, `fund_code`, `fund_title`, `defaultvalue`, `valuetype`, `org_objid`, `org_name`, `parentid`, `generic`, `sortorder`, `hidefromlookup`) VALUES ('RPT_BASICINT_CURRENT_BRGY_SHARE:158-05-0021', 'ACTIVE', '-', 'DIWA-AN RPT BASIC PENALTY CURRENT BARANGAY SHARE', 'DIWA-AN RPT BASIC PENALTY CURRENT BARANGAY SHARE', 'PAYABLE', 'GENERAL', '01', 'GENERAL', '0.00', 'ANY', '158-05-0021', 'DIWA-AN', 'RPT_BASICINT_CURRENT_BRGY_SHARE', '0', '0', '0');
INSERT INTO `itemaccount` (`objid`, `state`, `code`, `title`, `description`, `type`, `fund_objid`, `fund_code`, `fund_title`, `defaultvalue`, `valuetype`, `org_objid`, `org_name`, `parentid`, `generic`, `sortorder`, `hidefromlookup`) VALUES ('RPT_BASICINT_CURRENT_BRGY_SHARE:158-05-0023', 'ACTIVE', '-', 'HILLTOP RPT BASIC PENALTY CURRENT BARANGAY SHARE', 'HILLTOP RPT BASIC PENALTY CURRENT BARANGAY SHARE', 'PAYABLE', 'GENERAL', '01', 'GENERAL', '0.00', 'ANY', '158-05-0023', 'HILLTOP', 'RPT_BASICINT_CURRENT_BRGY_SHARE', '0', '0', '0');
INSERT INTO `itemaccount` (`objid`, `state`, `code`, `title`, `description`, `type`, `fund_objid`, `fund_code`, `fund_title`, `defaultvalue`, `valuetype`, `org_objid`, `org_name`, `parentid`, `generic`, `sortorder`, `hidefromlookup`) VALUES ('RPT_BASICINT_CURRENT_BRGY_SHARE:158-05-0024', 'ACTIVE', '-', 'ILAYA RPT BASIC PENALTY CURRENT BARANGAY SHARE', 'ILAYA RPT BASIC PENALTY CURRENT BARANGAY SHARE', 'PAYABLE', 'GENERAL', '01', 'GENERAL', '0.00', 'ANY', '158-05-0024', 'ILAYA', 'RPT_BASICINT_CURRENT_BRGY_SHARE', '0', '0', '0');
INSERT INTO `itemaccount` (`objid`, `state`, `code`, `title`, `description`, `type`, `fund_objid`, `fund_code`, `fund_title`, `defaultvalue`, `valuetype`, `org_objid`, `org_name`, `parentid`, `generic`, `sortorder`, `hidefromlookup`) VALUES ('RPT_BASICINT_CURRENT_BRGY_SHARE:158-05-0035', 'ACTIVE', '-', 'OYAN RPT BASIC PENALTY CURRENT BARANGAY SHARE', 'OYAN RPT BASIC PENALTY CURRENT BARANGAY SHARE', 'PAYABLE', 'GENERAL', '01', 'GENERAL', '0.00', 'ANY', '158-05-0035', 'OYAN', 'RPT_BASICINT_CURRENT_BRGY_SHARE', '0', '0', '0');
INSERT INTO `itemaccount` (`objid`, `state`, `code`, `title`, `description`, `type`, `fund_objid`, `fund_code`, `fund_title`, `defaultvalue`, `valuetype`, `org_objid`, `org_name`, `parentid`, `generic`, `sortorder`, `hidefromlookup`) VALUES ('RPT_BASICINT_CURRENT_BRGY_SHARE:158-05-0039', 'ACTIVE', '-', 'SAN NICOLAS RPT BASIC PENALTY CURRENT BARANGAY SHARE', 'SAN NICOLAS RPT BASIC PENALTY CURRENT BARANGAY SHARE', 'PAYABLE', 'GENERAL', '01', 'GENERAL', '0.00', 'ANY', '158-05-0039', 'SAN NICOLAS', 'RPT_BASICINT_CURRENT_BRGY_SHARE', '0', '0', '0');
INSERT INTO `itemaccount` (`objid`, `state`, `code`, `title`, `description`, `type`, `fund_objid`, `fund_code`, `fund_title`, `defaultvalue`, `valuetype`, `org_objid`, `org_name`, `parentid`, `generic`, `sortorder`, `hidefromlookup`) VALUES ('RPT_BASICINT_CURRENT_BRGY_SHARE:158-05-0050', 'ACTIVE', '-', 'TAMION RPT BASIC PENALTY CURRENT BARANGAY SHARE', 'TAMION RPT BASIC PENALTY CURRENT BARANGAY SHARE', 'PAYABLE', 'GENERAL', '01', 'GENERAL', '0.00', 'ANY', '158-05-0050', 'TAMION', 'RPT_BASICINT_CURRENT_BRGY_SHARE', '0', '0', '0');
INSERT INTO `itemaccount` (`objid`, `state`, `code`, `title`, `description`, `type`, `fund_objid`, `fund_code`, `fund_title`, `defaultvalue`, `valuetype`, `org_objid`, `org_name`, `parentid`, `generic`, `sortorder`, `hidefromlookup`) VALUES ('RPT_BASICINT_CURRENT_BRGY_SHARE:158-06-0011', 'ACTIVE', '-', 'ASENIERO RPT BASIC PENALTY CURRENT BARANGAY SHARE', 'ASENIERO RPT BASIC PENALTY CURRENT BARANGAY SHARE', 'PAYABLE', 'GENERAL', '01', 'GENERAL', '0.00', 'ANY', '158-06-0011', 'ASENIERO', 'RPT_BASICINT_CURRENT_BRGY_SHARE', '0', '0', '0');
INSERT INTO `itemaccount` (`objid`, `state`, `code`, `title`, `description`, `type`, `fund_objid`, `fund_code`, `fund_title`, `defaultvalue`, `valuetype`, `org_objid`, `org_name`, `parentid`, `generic`, `sortorder`, `hidefromlookup`) VALUES ('RPT_BASICINT_CURRENT_BRGY_SHARE:158-06-0012', 'ACTIVE', '-', 'BA-AO RPT BASIC PENALTY CURRENT BARANGAY SHARE', 'BA-AO RPT BASIC PENALTY CURRENT BARANGAY SHARE', 'PAYABLE', 'GENERAL', '01', 'GENERAL', '0.00', 'ANY', '158-06-0012', 'BA-AO', 'RPT_BASICINT_CURRENT_BRGY_SHARE', '0', '0', '0');
INSERT INTO `itemaccount` (`objid`, `state`, `code`, `title`, `description`, `type`, `fund_objid`, `fund_code`, `fund_title`, `defaultvalue`, `valuetype`, `org_objid`, `org_name`, `parentid`, `generic`, `sortorder`, `hidefromlookup`) VALUES ('RPT_BASICINT_CURRENT_BRGY_SHARE:158-06-0019', 'ACTIVE', '-', 'DAMPALAN RPT BASIC PENALTY CURRENT BARANGAY SHARE', 'DAMPALAN RPT BASIC PENALTY CURRENT BARANGAY SHARE', 'PAYABLE', 'GENERAL', '01', 'GENERAL', '0.00', 'ANY', '158-06-0019', 'DAMPALAN', 'RPT_BASICINT_CURRENT_BRGY_SHARE', '0', '0', '0');
INSERT INTO `itemaccount` (`objid`, `state`, `code`, `title`, `description`, `type`, `fund_objid`, `fund_code`, `fund_title`, `defaultvalue`, `valuetype`, `org_objid`, `org_name`, `parentid`, `generic`, `sortorder`, `hidefromlookup`) VALUES ('RPT_BASICINT_CURRENT_BRGY_SHARE:158-06-0030', 'ACTIVE', '-', 'MASIDLAKON RPT BASIC PENALTY CURRENT BARANGAY SHARE', 'MASIDLAKON RPT BASIC PENALTY CURRENT BARANGAY SHARE', 'PAYABLE', 'GENERAL', '01', 'GENERAL', '0.00', 'ANY', '158-06-0030', 'MASIDLAKON', 'RPT_BASICINT_CURRENT_BRGY_SHARE', '0', '0', '0');
INSERT INTO `itemaccount` (`objid`, `state`, `code`, `title`, `description`, `type`, `fund_objid`, `fund_code`, `fund_title`, `defaultvalue`, `valuetype`, `org_objid`, `org_name`, `parentid`, `generic`, `sortorder`, `hidefromlookup`) VALUES ('RPT_BASICINT_CURRENT_BRGY_SHARE:158-06-0032', 'ACTIVE', '-', 'OPAO RPT BASIC PENALTY CURRENT BARANGAY SHARE', 'OPAO RPT BASIC PENALTY CURRENT BARANGAY SHARE', 'PAYABLE', 'GENERAL', '01', 'GENERAL', '0.00', 'ANY', '158-06-0032', 'OPAO', 'RPT_BASICINT_CURRENT_BRGY_SHARE', '0', '0', '0');
INSERT INTO `itemaccount` (`objid`, `state`, `code`, `title`, `description`, `type`, `fund_objid`, `fund_code`, `fund_title`, `defaultvalue`, `valuetype`, `org_objid`, `org_name`, `parentid`, `generic`, `sortorder`, `hidefromlookup`) VALUES ('RPT_BASICINT_CURRENT_BRGY_SHARE:158-06-0037', 'ACTIVE', '-', 'POTUNGAN RPT BASIC PENALTY CURRENT BARANGAY SHARE', 'POTUNGAN RPT BASIC PENALTY CURRENT BARANGAY SHARE', 'PAYABLE', 'GENERAL', '01', 'GENERAL', '0.00', 'ANY', '158-06-0037', 'POTUNGAN', 'RPT_BASICINT_CURRENT_BRGY_SHARE', '0', '0', '0');
INSERT INTO `itemaccount` (`objid`, `state`, `code`, `title`, `description`, `type`, `fund_objid`, `fund_code`, `fund_title`, `defaultvalue`, `valuetype`, `org_objid`, `org_name`, `parentid`, `generic`, `sortorder`, `hidefromlookup`) VALUES ('RPT_BASICINT_CURRENT_BRGY_SHARE:158-06-0038', 'ACTIVE', '-', 'SAN FRANCISCO RPT BASIC PENALTY CURRENT BARANGAY SHARE', 'SAN FRANCISCO RPT BASIC PENALTY CURRENT BARANGAY SHARE', 'PAYABLE', 'GENERAL', '01', 'GENERAL', '0.00', 'ANY', '158-06-0038', 'SAN FRANCISCO', 'RPT_BASICINT_CURRENT_BRGY_SHARE', '0', '0', '0');
INSERT INTO `itemaccount` (`objid`, `state`, `code`, `title`, `description`, `type`, `fund_objid`, `fund_code`, `fund_title`, `defaultvalue`, `valuetype`, `org_objid`, `org_name`, `parentid`, `generic`, `sortorder`, `hidefromlookup`) VALUES ('RPT_BASICINT_CURRENT_BRGY_SHARE:158-06-0044', 'ACTIVE', '-', 'SIGAYAN RPT BASIC PENALTY CURRENT BARANGAY SHARE', 'SIGAYAN RPT BASIC PENALTY CURRENT BARANGAY SHARE', 'PAYABLE', 'GENERAL', '01', 'GENERAL', '0.00', 'ANY', '158-06-0044', 'SIGAYAN', 'RPT_BASICINT_CURRENT_BRGY_SHARE', '0', '0', '0');
INSERT INTO `itemaccount` (`objid`, `state`, `code`, `title`, `description`, `type`, `fund_objid`, `fund_code`, `fund_title`, `defaultvalue`, `valuetype`, `org_objid`, `org_name`, `parentid`, `generic`, `sortorder`, `hidefromlookup`) VALUES ('RPT_BASICINT_PREVIOUS', 'ACTIVE', '588-005', 'RPT BASIC PENALTY PREVIOUS', 'RPT BASIC PENALTY PREVIOUS', 'REVENUE', 'GENERAL', '01', 'GENERAL', '0.00', 'ANY', NULL, NULL, NULL, '0', '0', '0');
INSERT INTO `itemaccount` (`objid`, `state`, `code`, `title`, `description`, `type`, `fund_objid`, `fund_code`, `fund_title`, `defaultvalue`, `valuetype`, `org_objid`, `org_name`, `parentid`, `generic`, `sortorder`, `hidefromlookup`) VALUES ('RPT_BASICINT_PREVIOUS:158', 'ACTIVE', '-', 'DAPITAN CITY RPT BASIC PENALTY PREVIOUS', 'DAPITAN CITY RPT BASIC PENALTY PREVIOUS', 'REVENUE', 'GENERAL', '01', 'GENERAL', '0.00', 'ANY', '158', 'DAPITAN CITY', 'RPT_BASICINT_PREVIOUS', '0', '0', '0');
INSERT INTO `itemaccount` (`objid`, `state`, `code`, `title`, `description`, `type`, `fund_objid`, `fund_code`, `fund_title`, `defaultvalue`, `valuetype`, `org_objid`, `org_name`, `parentid`, `generic`, `sortorder`, `hidefromlookup`) VALUES ('RPT_BASICINT_PREVIOUS_BRGY_SHARE', 'ACTIVE', '455-049', 'RPT BASIC PENALTY PREVIOUS BARANGAY SHARE', 'RPT BASIC PENALTY PREVIOUS BARANGAY SHARE', 'PAYABLE', 'GENERAL', '01', 'GENERAL', '0.00', 'ANY', NULL, NULL, NULL, '0', '0', '0');
INSERT INTO `itemaccount` (`objid`, `state`, `code`, `title`, `description`, `type`, `fund_objid`, `fund_code`, `fund_title`, `defaultvalue`, `valuetype`, `org_objid`, `org_name`, `parentid`, `generic`, `sortorder`, `hidefromlookup`) VALUES ('RPT_BASICINT_PREVIOUS_BRGY_SHARE:158-01-0001', 'ACTIVE', '-', 'POBLACION RPT BASIC PENALTY PREVIOUS BARANGAY SHARE', 'POBLACION RPT BASIC PENALTY PREVIOUS BARANGAY SHARE', 'PAYABLE', 'GENERAL', '01', 'GENERAL', '0.00', 'ANY', '158-01-0001', 'POBLACION', 'RPT_BASICINT_PREVIOUS_BRGY_SHARE', '0', '0', '0');
INSERT INTO `itemaccount` (`objid`, `state`, `code`, `title`, `description`, `type`, `fund_objid`, `fund_code`, `fund_title`, `defaultvalue`, `valuetype`, `org_objid`, `org_name`, `parentid`, `generic`, `sortorder`, `hidefromlookup`) VALUES ('RPT_BASICINT_PREVIOUS_BRGY_SHARE:158-01-0009', 'ACTIVE', '-', 'ALIGUAY RPT BASIC PENALTY PREVIOUS BARANGAY SHARE', 'ALIGUAY RPT BASIC PENALTY PREVIOUS BARANGAY SHARE', 'PAYABLE', 'GENERAL', '01', 'GENERAL', '0.00', 'ANY', '158-01-0009', 'ALIGUAY', 'RPT_BASICINT_PREVIOUS_BRGY_SHARE', '0', '0', '0');
INSERT INTO `itemaccount` (`objid`, `state`, `code`, `title`, `description`, `type`, `fund_objid`, `fund_code`, `fund_title`, `defaultvalue`, `valuetype`, `org_objid`, `org_name`, `parentid`, `generic`, `sortorder`, `hidefromlookup`) VALUES ('RPT_BASICINT_PREVIOUS_BRGY_SHARE:158-01-0013', 'ACTIVE', '-', 'BANBANAN RPT BASIC PENALTY PREVIOUS BARANGAY SHARE', 'BANBANAN RPT BASIC PENALTY PREVIOUS BARANGAY SHARE', 'PAYABLE', 'GENERAL', '01', 'GENERAL', '0.00', 'ANY', '158-01-0013', 'BANBANAN', 'RPT_BASICINT_PREVIOUS_BRGY_SHARE', '0', '0', '0');
INSERT INTO `itemaccount` (`objid`, `state`, `code`, `title`, `description`, `type`, `fund_objid`, `fund_code`, `fund_title`, `defaultvalue`, `valuetype`, `org_objid`, `org_name`, `parentid`, `generic`, `sortorder`, `hidefromlookup`) VALUES ('RPT_BASICINT_PREVIOUS_BRGY_SHARE:158-01-0017', 'ACTIVE', '-', 'CANLUCANI RPT BASIC PENALTY PREVIOUS BARANGAY SHARE', 'CANLUCANI RPT BASIC PENALTY PREVIOUS BARANGAY SHARE', 'PAYABLE', 'GENERAL', '01', 'GENERAL', '0.00', 'ANY', '158-01-0017', 'CANLUCANI', 'RPT_BASICINT_PREVIOUS_BRGY_SHARE', '0', '0', '0');
INSERT INTO `itemaccount` (`objid`, `state`, `code`, `title`, `description`, `type`, `fund_objid`, `fund_code`, `fund_title`, `defaultvalue`, `valuetype`, `org_objid`, `org_name`, `parentid`, `generic`, `sortorder`, `hidefromlookup`) VALUES ('RPT_BASICINT_PREVIOUS_BRGY_SHARE:158-01-0018', 'ACTIVE', '-', 'CARANG RPT BASIC PENALTY PREVIOUS BARANGAY SHARE', 'CARANG RPT BASIC PENALTY PREVIOUS BARANGAY SHARE', 'PAYABLE', 'GENERAL', '01', 'GENERAL', '0.00', 'ANY', '158-01-0018', 'CARANG', 'RPT_BASICINT_PREVIOUS_BRGY_SHARE', '0', '0', '0');
INSERT INTO `itemaccount` (`objid`, `state`, `code`, `title`, `description`, `type`, `fund_objid`, `fund_code`, `fund_title`, `defaultvalue`, `valuetype`, `org_objid`, `org_name`, `parentid`, `generic`, `sortorder`, `hidefromlookup`) VALUES ('RPT_BASICINT_PREVIOUS_BRGY_SHARE:158-01-0022', 'ACTIVE', '-', 'GUIMPUTLAN RPT BASIC PENALTY PREVIOUS BARANGAY SHARE', 'GUIMPUTLAN RPT BASIC PENALTY PREVIOUS BARANGAY SHARE', 'PAYABLE', 'GENERAL', '01', 'GENERAL', '0.00', 'ANY', '158-01-0022', 'GUIMPUTLAN', 'RPT_BASICINT_PREVIOUS_BRGY_SHARE', '0', '0', '0');
INSERT INTO `itemaccount` (`objid`, `state`, `code`, `title`, `description`, `type`, `fund_objid`, `fund_code`, `fund_title`, `defaultvalue`, `valuetype`, `org_objid`, `org_name`, `parentid`, `generic`, `sortorder`, `hidefromlookup`) VALUES ('RPT_BASICINT_PREVIOUS_BRGY_SHARE:158-01-0042', 'ACTIVE', '-', 'SANTO NINO RPT BASIC PENALTY PREVIOUS BARANGAY SHARE', 'SANTO NINO RPT BASIC PENALTY PREVIOUS BARANGAY SHARE', 'PAYABLE', 'GENERAL', '01', 'GENERAL', '0.00', 'ANY', '158-01-0042', 'SANTO NINO', 'RPT_BASICINT_PREVIOUS_BRGY_SHARE', '0', '0', '0');
INSERT INTO `itemaccount` (`objid`, `state`, `code`, `title`, `description`, `type`, `fund_objid`, `fund_code`, `fund_title`, `defaultvalue`, `valuetype`, `org_objid`, `org_name`, `parentid`, `generic`, `sortorder`, `hidefromlookup`) VALUES ('RPT_BASICINT_PREVIOUS_BRGY_SHARE:158-01-0045', 'ACTIVE', '-', 'SELINOG RPT BASIC PENALTY PREVIOUS BARANGAY SHARE', 'SELINOG RPT BASIC PENALTY PREVIOUS BARANGAY SHARE', 'PAYABLE', 'GENERAL', '01', 'GENERAL', '0.00', 'ANY', '158-01-0045', 'SELINOG', 'RPT_BASICINT_PREVIOUS_BRGY_SHARE', '0', '0', '0');
INSERT INTO `itemaccount` (`objid`, `state`, `code`, `title`, `description`, `type`, `fund_objid`, `fund_code`, `fund_title`, `defaultvalue`, `valuetype`, `org_objid`, `org_name`, `parentid`, `generic`, `sortorder`, `hidefromlookup`) VALUES ('RPT_BASICINT_PREVIOUS_BRGY_SHARE:158-01-0048', 'ACTIVE', '-', 'TAG-ULO RPT BASIC PENALTY PREVIOUS BARANGAY SHARE', 'TAG-ULO RPT BASIC PENALTY PREVIOUS BARANGAY SHARE', 'PAYABLE', 'GENERAL', '01', 'GENERAL', '0.00', 'ANY', '158-01-0048', 'TAG-ULO', 'RPT_BASICINT_PREVIOUS_BRGY_SHARE', '0', '0', '0');
INSERT INTO `itemaccount` (`objid`, `state`, `code`, `title`, `description`, `type`, `fund_objid`, `fund_code`, `fund_title`, `defaultvalue`, `valuetype`, `org_objid`, `org_name`, `parentid`, `generic`, `sortorder`, `hidefromlookup`) VALUES ('RPT_BASICINT_PREVIOUS_BRGY_SHARE:158-01-0049', 'ACTIVE', '-', 'TAGUILON RPT BASIC PENALTY PREVIOUS BARANGAY SHARE', 'TAGUILON RPT BASIC PENALTY PREVIOUS BARANGAY SHARE', 'PAYABLE', 'GENERAL', '01', 'GENERAL', '0.00', 'ANY', '158-01-0049', 'TAGUILON', 'RPT_BASICINT_PREVIOUS_BRGY_SHARE', '0', '0', '0');
INSERT INTO `itemaccount` (`objid`, `state`, `code`, `title`, `description`, `type`, `fund_objid`, `fund_code`, `fund_title`, `defaultvalue`, `valuetype`, `org_objid`, `org_name`, `parentid`, `generic`, `sortorder`, `hidefromlookup`) VALUES ('RPT_BASICINT_PREVIOUS_BRGY_SHARE:158-02-0015', 'ACTIVE', '-', 'BAYLIMANGO RPT BASIC PENALTY PREVIOUS BARANGAY SHARE', 'BAYLIMANGO RPT BASIC PENALTY PREVIOUS BARANGAY SHARE', 'PAYABLE', 'GENERAL', '01', 'GENERAL', '0.00', 'ANY', '158-02-0015', 'BAYLIMANGO', 'RPT_BASICINT_PREVIOUS_BRGY_SHARE', '0', '0', '0');
INSERT INTO `itemaccount` (`objid`, `state`, `code`, `title`, `description`, `type`, `fund_objid`, `fund_code`, `fund_title`, `defaultvalue`, `valuetype`, `org_objid`, `org_name`, `parentid`, `generic`, `sortorder`, `hidefromlookup`) VALUES ('RPT_BASICINT_PREVIOUS_BRGY_SHARE:158-02-0020', 'ACTIVE', '-', 'DARO RPT BASIC PENALTY PREVIOUS BARANGAY SHARE', 'DARO RPT BASIC PENALTY PREVIOUS BARANGAY SHARE', 'PAYABLE', 'GENERAL', '01', 'GENERAL', '0.00', 'ANY', '158-02-0020', 'DARO', 'RPT_BASICINT_PREVIOUS_BRGY_SHARE', '0', '0', '0');
INSERT INTO `itemaccount` (`objid`, `state`, `code`, `title`, `description`, `type`, `fund_objid`, `fund_code`, `fund_title`, `defaultvalue`, `valuetype`, `org_objid`, `org_name`, `parentid`, `generic`, `sortorder`, `hidefromlookup`) VALUES ('RPT_BASICINT_PREVIOUS_BRGY_SHARE:158-02-0025', 'ACTIVE', '-', 'KAUSWAGAN RPT BASIC PENALTY PREVIOUS BARANGAY SHARE', 'KAUSWAGAN RPT BASIC PENALTY PREVIOUS BARANGAY SHARE', 'PAYABLE', 'GENERAL', '01', 'GENERAL', '0.00', 'ANY', '158-02-0025', 'KAUSWAGAN', 'RPT_BASICINT_PREVIOUS_BRGY_SHARE', '0', '0', '0');
INSERT INTO `itemaccount` (`objid`, `state`, `code`, `title`, `description`, `type`, `fund_objid`, `fund_code`, `fund_title`, `defaultvalue`, `valuetype`, `org_objid`, `org_name`, `parentid`, `generic`, `sortorder`, `hidefromlookup`) VALUES ('RPT_BASICINT_PREVIOUS_BRGY_SHARE:158-02-0028', 'ACTIVE', '-', 'MARIA CRISTINA RPT BASIC PENALTY PREVIOUS BARANGAY SHARE', 'MARIA CRISTINA RPT BASIC PENALTY PREVIOUS BARANGAY SHARE', 'PAYABLE', 'GENERAL', '01', 'GENERAL', '0.00', 'ANY', '158-02-0028', 'MARIA CRISTINA', 'RPT_BASICINT_PREVIOUS_BRGY_SHARE', '0', '0', '0');
INSERT INTO `itemaccount` (`objid`, `state`, `code`, `title`, `description`, `type`, `fund_objid`, `fund_code`, `fund_title`, `defaultvalue`, `valuetype`, `org_objid`, `org_name`, `parentid`, `generic`, `sortorder`, `hidefromlookup`) VALUES ('RPT_BASICINT_PREVIOUS_BRGY_SHARE:158-02-0029', 'ACTIVE', '-', 'MARIA URAY RPT BASIC PENALTY PREVIOUS BARANGAY SHARE', 'MARIA URAY RPT BASIC PENALTY PREVIOUS BARANGAY SHARE', 'PAYABLE', 'GENERAL', '01', 'GENERAL', '0.00', 'ANY', '158-02-0029', 'MARIA URAY', 'RPT_BASICINT_PREVIOUS_BRGY_SHARE', '0', '0', '0');
INSERT INTO `itemaccount` (`objid`, `state`, `code`, `title`, `description`, `type`, `fund_objid`, `fund_code`, `fund_title`, `defaultvalue`, `valuetype`, `org_objid`, `org_name`, `parentid`, `generic`, `sortorder`, `hidefromlookup`) VALUES ('RPT_BASICINT_PREVIOUS_BRGY_SHARE:158-02-0031', 'ACTIVE', '-', 'NAPO RPT BASIC PENALTY PREVIOUS BARANGAY SHARE', 'NAPO RPT BASIC PENALTY PREVIOUS BARANGAY SHARE', 'PAYABLE', 'GENERAL', '01', 'GENERAL', '0.00', 'ANY', '158-02-0031', 'NAPO', 'RPT_BASICINT_PREVIOUS_BRGY_SHARE', '0', '0', '0');
INSERT INTO `itemaccount` (`objid`, `state`, `code`, `title`, `description`, `type`, `fund_objid`, `fund_code`, `fund_title`, `defaultvalue`, `valuetype`, `org_objid`, `org_name`, `parentid`, `generic`, `sortorder`, `hidefromlookup`) VALUES ('RPT_BASICINT_PREVIOUS_BRGY_SHARE:158-02-0033', 'ACTIVE', '-', 'ORO RPT BASIC PENALTY PREVIOUS BARANGAY SHARE', 'ORO RPT BASIC PENALTY PREVIOUS BARANGAY SHARE', 'PAYABLE', 'GENERAL', '01', 'GENERAL', '0.00', 'ANY', '158-02-0033', 'ORO', 'RPT_BASICINT_PREVIOUS_BRGY_SHARE', '0', '0', '0');
INSERT INTO `itemaccount` (`objid`, `state`, `code`, `title`, `description`, `type`, `fund_objid`, `fund_code`, `fund_title`, `defaultvalue`, `valuetype`, `org_objid`, `org_name`, `parentid`, `generic`, `sortorder`, `hidefromlookup`) VALUES ('RPT_BASICINT_PREVIOUS_BRGY_SHARE:158-02-0046', 'ACTIVE', '-', 'SINONOC RPT BASIC PENALTY PREVIOUS BARANGAY SHARE', 'SINONOC RPT BASIC PENALTY PREVIOUS BARANGAY SHARE', 'PAYABLE', 'GENERAL', '01', 'GENERAL', '0.00', 'ANY', '158-02-0046', 'SINONOC', 'RPT_BASICINT_PREVIOUS_BRGY_SHARE', '0', '0', '0');
INSERT INTO `itemaccount` (`objid`, `state`, `code`, `title`, `description`, `type`, `fund_objid`, `fund_code`, `fund_title`, `defaultvalue`, `valuetype`, `org_objid`, `org_name`, `parentid`, `generic`, `sortorder`, `hidefromlookup`) VALUES ('RPT_BASICINT_PREVIOUS_BRGY_SHARE:158-03-0001', 'ACTIVE', '-', 'DAWO RPT BASIC PENALTY PREVIOUS BARANGAY SHARE', 'DAWO RPT BASIC PENALTY PREVIOUS BARANGAY SHARE', 'PAYABLE', 'GENERAL', '01', 'GENERAL', '0.00', 'ANY', '158-03-0001', 'DAWO', 'RPT_BASICINT_PREVIOUS_BRGY_SHARE', '0', '0', '0');
INSERT INTO `itemaccount` (`objid`, `state`, `code`, `title`, `description`, `type`, `fund_objid`, `fund_code`, `fund_title`, `defaultvalue`, `valuetype`, `org_objid`, `org_name`, `parentid`, `generic`, `sortorder`, `hidefromlookup`) VALUES ('RPT_BASICINT_PREVIOUS_BRGY_SHARE:158-03-0002', 'ACTIVE', '-', 'BAGTING RPT BASIC PENALTY PREVIOUS BARANGAY SHARE', 'BAGTING RPT BASIC PENALTY PREVIOUS BARANGAY SHARE', 'PAYABLE', 'GENERAL', '01', 'GENERAL', '0.00', 'ANY', '158-03-0002', 'BAGTING', 'RPT_BASICINT_PREVIOUS_BRGY_SHARE', '0', '0', '0');
INSERT INTO `itemaccount` (`objid`, `state`, `code`, `title`, `description`, `type`, `fund_objid`, `fund_code`, `fund_title`, `defaultvalue`, `valuetype`, `org_objid`, `org_name`, `parentid`, `generic`, `sortorder`, `hidefromlookup`) VALUES ('RPT_BASICINT_PREVIOUS_BRGY_SHARE:158-03-0003', 'ACTIVE', '-', 'BANONONG RPT BASIC PENALTY PREVIOUS BARANGAY SHARE', 'BANONONG RPT BASIC PENALTY PREVIOUS BARANGAY SHARE', 'PAYABLE', 'GENERAL', '01', 'GENERAL', '0.00', 'ANY', '158-03-0003', 'BANONONG', 'RPT_BASICINT_PREVIOUS_BRGY_SHARE', '0', '0', '0');
INSERT INTO `itemaccount` (`objid`, `state`, `code`, `title`, `description`, `type`, `fund_objid`, `fund_code`, `fund_title`, `defaultvalue`, `valuetype`, `org_objid`, `org_name`, `parentid`, `generic`, `sortorder`, `hidefromlookup`) VALUES ('RPT_BASICINT_PREVIOUS_BRGY_SHARE:158-03-0004', 'ACTIVE', '-', 'CAWA-CAWA RPT BASIC PENALTY PREVIOUS BARANGAY SHARE', 'CAWA-CAWA RPT BASIC PENALTY PREVIOUS BARANGAY SHARE', 'PAYABLE', 'GENERAL', '01', 'GENERAL', '0.00', 'ANY', '158-03-0004', 'CAWA-CAWA', 'RPT_BASICINT_PREVIOUS_BRGY_SHARE', '0', '0', '0');
INSERT INTO `itemaccount` (`objid`, `state`, `code`, `title`, `description`, `type`, `fund_objid`, `fund_code`, `fund_title`, `defaultvalue`, `valuetype`, `org_objid`, `org_name`, `parentid`, `generic`, `sortorder`, `hidefromlookup`) VALUES ('RPT_BASICINT_PREVIOUS_BRGY_SHARE:158-03-0005', 'ACTIVE', '-', 'LINABO RPT BASIC PENALTY PREVIOUS BARANGAY SHARE', 'LINABO RPT BASIC PENALTY PREVIOUS BARANGAY SHARE', 'PAYABLE', 'GENERAL', '01', 'GENERAL', '0.00', 'ANY', '158-03-0005', 'LINABO', 'RPT_BASICINT_PREVIOUS_BRGY_SHARE', '0', '0', '0');
INSERT INTO `itemaccount` (`objid`, `state`, `code`, `title`, `description`, `type`, `fund_objid`, `fund_code`, `fund_title`, `defaultvalue`, `valuetype`, `org_objid`, `org_name`, `parentid`, `generic`, `sortorder`, `hidefromlookup`) VALUES ('RPT_BASICINT_PREVIOUS_BRGY_SHARE:158-03-0006', 'ACTIVE', '-', 'POTOL RPT BASIC PENALTY PREVIOUS BARANGAY SHARE', 'POTOL RPT BASIC PENALTY PREVIOUS BARANGAY SHARE', 'PAYABLE', 'GENERAL', '01', 'GENERAL', '0.00', 'ANY', '158-03-0006', 'POTOL', 'RPT_BASICINT_PREVIOUS_BRGY_SHARE', '0', '0', '0');
INSERT INTO `itemaccount` (`objid`, `state`, `code`, `title`, `description`, `type`, `fund_objid`, `fund_code`, `fund_title`, `defaultvalue`, `valuetype`, `org_objid`, `org_name`, `parentid`, `generic`, `sortorder`, `hidefromlookup`) VALUES ('RPT_BASICINT_PREVIOUS_BRGY_SHARE:158-03-0007', 'ACTIVE', '-', 'SANTA CRUZ RPT BASIC PENALTY PREVIOUS BARANGAY SHARE', 'SANTA CRUZ RPT BASIC PENALTY PREVIOUS BARANGAY SHARE', 'PAYABLE', 'GENERAL', '01', 'GENERAL', '0.00', 'ANY', '158-03-0007', 'SANTA CRUZ', 'RPT_BASICINT_PREVIOUS_BRGY_SHARE', '0', '0', '0');
INSERT INTO `itemaccount` (`objid`, `state`, `code`, `title`, `description`, `type`, `fund_objid`, `fund_code`, `fund_title`, `defaultvalue`, `valuetype`, `org_objid`, `org_name`, `parentid`, `generic`, `sortorder`, `hidefromlookup`) VALUES ('RPT_BASICINT_PREVIOUS_BRGY_SHARE:158-03-0008', 'ACTIVE', '-', 'TALISAY RPT BASIC PENALTY PREVIOUS BARANGAY SHARE', 'TALISAY RPT BASIC PENALTY PREVIOUS BARANGAY SHARE', 'PAYABLE', 'GENERAL', '01', 'GENERAL', '0.00', 'ANY', '158-03-0008', 'TALISAY', 'RPT_BASICINT_PREVIOUS_BRGY_SHARE', '0', '0', '0');
INSERT INTO `itemaccount` (`objid`, `state`, `code`, `title`, `description`, `type`, `fund_objid`, `fund_code`, `fund_title`, `defaultvalue`, `valuetype`, `org_objid`, `org_name`, `parentid`, `generic`, `sortorder`, `hidefromlookup`) VALUES ('RPT_BASICINT_PREVIOUS_BRGY_SHARE:158-04-0010', 'ACTIVE', '-', 'ANTIPOLO RPT BASIC PENALTY PREVIOUS BARANGAY SHARE', 'ANTIPOLO RPT BASIC PENALTY PREVIOUS BARANGAY SHARE', 'PAYABLE', 'GENERAL', '01', 'GENERAL', '0.00', 'ANY', '158-04-0010', 'ANTIPOLO', 'RPT_BASICINT_PREVIOUS_BRGY_SHARE', '0', '0', '0');
INSERT INTO `itemaccount` (`objid`, `state`, `code`, `title`, `description`, `type`, `fund_objid`, `fund_code`, `fund_title`, `defaultvalue`, `valuetype`, `org_objid`, `org_name`, `parentid`, `generic`, `sortorder`, `hidefromlookup`) VALUES ('RPT_BASICINT_PREVIOUS_BRGY_SHARE:158-04-0014', 'ACTIVE', '-', 'SAN VICENTE RPT BASIC PENALTY PREVIOUS BARANGAY SHARE', 'SAN VICENTE RPT BASIC PENALTY PREVIOUS BARANGAY SHARE', 'PAYABLE', 'GENERAL', '01', 'GENERAL', '0.00', 'ANY', '158-04-0014', 'SAN VICENTE', 'RPT_BASICINT_PREVIOUS_BRGY_SHARE', '0', '0', '0');
INSERT INTO `itemaccount` (`objid`, `state`, `code`, `title`, `description`, `type`, `fund_objid`, `fund_code`, `fund_title`, `defaultvalue`, `valuetype`, `org_objid`, `org_name`, `parentid`, `generic`, `sortorder`, `hidefromlookup`) VALUES ('RPT_BASICINT_PREVIOUS_BRGY_SHARE:158-04-0026', 'ACTIVE', '-', 'LARAYAN RPT BASIC PENALTY PREVIOUS BARANGAY SHARE', 'LARAYAN RPT BASIC PENALTY PREVIOUS BARANGAY SHARE', 'PAYABLE', 'GENERAL', '01', 'GENERAL', '0.00', 'ANY', '158-04-0026', 'LARAYAN', 'RPT_BASICINT_PREVIOUS_BRGY_SHARE', '0', '0', '0');
INSERT INTO `itemaccount` (`objid`, `state`, `code`, `title`, `description`, `type`, `fund_objid`, `fund_code`, `fund_title`, `defaultvalue`, `valuetype`, `org_objid`, `org_name`, `parentid`, `generic`, `sortorder`, `hidefromlookup`) VALUES ('RPT_BASICINT_PREVIOUS_BRGY_SHARE:158-04-0027', 'ACTIVE', '-', 'LIYANG RPT BASIC PENALTY PREVIOUS BARANGAY SHARE', 'LIYANG RPT BASIC PENALTY PREVIOUS BARANGAY SHARE', 'PAYABLE', 'GENERAL', '01', 'GENERAL', '0.00', 'ANY', '158-04-0027', 'LIYANG', 'RPT_BASICINT_PREVIOUS_BRGY_SHARE', '0', '0', '0');
INSERT INTO `itemaccount` (`objid`, `state`, `code`, `title`, `description`, `type`, `fund_objid`, `fund_code`, `fund_title`, `defaultvalue`, `valuetype`, `org_objid`, `org_name`, `parentid`, `generic`, `sortorder`, `hidefromlookup`) VALUES ('RPT_BASICINT_PREVIOUS_BRGY_SHARE:158-04-0034', 'ACTIVE', '-', 'OWAON RPT BASIC PENALTY PREVIOUS BARANGAY SHARE', 'OWAON RPT BASIC PENALTY PREVIOUS BARANGAY SHARE', 'PAYABLE', 'GENERAL', '01', 'GENERAL', '0.00', 'ANY', '158-04-0034', 'OWAON', 'RPT_BASICINT_PREVIOUS_BRGY_SHARE', '0', '0', '0');
INSERT INTO `itemaccount` (`objid`, `state`, `code`, `title`, `description`, `type`, `fund_objid`, `fund_code`, `fund_title`, `defaultvalue`, `valuetype`, `org_objid`, `org_name`, `parentid`, `generic`, `sortorder`, `hidefromlookup`) VALUES ('RPT_BASICINT_PREVIOUS_BRGY_SHARE:158-04-0036', 'ACTIVE', '-', 'POLO RPT BASIC PENALTY PREVIOUS BARANGAY SHARE', 'POLO RPT BASIC PENALTY PREVIOUS BARANGAY SHARE', 'PAYABLE', 'GENERAL', '01', 'GENERAL', '0.00', 'ANY', '158-04-0036', 'POLO', 'RPT_BASICINT_PREVIOUS_BRGY_SHARE', '0', '0', '0');
INSERT INTO `itemaccount` (`objid`, `state`, `code`, `title`, `description`, `type`, `fund_objid`, `fund_code`, `fund_title`, `defaultvalue`, `valuetype`, `org_objid`, `org_name`, `parentid`, `generic`, `sortorder`, `hidefromlookup`) VALUES ('RPT_BASICINT_PREVIOUS_BRGY_SHARE:158-04-0040', 'ACTIVE', '-', 'SAN PEDRO RPT BASIC PENALTY PREVIOUS BARANGAY SHARE', 'SAN PEDRO RPT BASIC PENALTY PREVIOUS BARANGAY SHARE', 'PAYABLE', 'GENERAL', '01', 'GENERAL', '0.00', 'ANY', '158-04-0040', 'SAN PEDRO', 'RPT_BASICINT_PREVIOUS_BRGY_SHARE', '0', '0', '0');
INSERT INTO `itemaccount` (`objid`, `state`, `code`, `title`, `description`, `type`, `fund_objid`, `fund_code`, `fund_title`, `defaultvalue`, `valuetype`, `org_objid`, `org_name`, `parentid`, `generic`, `sortorder`, `hidefromlookup`) VALUES ('RPT_BASICINT_PREVIOUS_BRGY_SHARE:158-04-0043', 'ACTIVE', '-', 'SICAYAB BUCANA RPT BASIC PENALTY PREVIOUS BARANGAY SHARE', 'SICAYAB BUCANA RPT BASIC PENALTY PREVIOUS BARANGAY SHARE', 'PAYABLE', 'GENERAL', '01', 'GENERAL', '0.00', 'ANY', '158-04-0043', 'SICAYAB BUCANA', 'RPT_BASICINT_PREVIOUS_BRGY_SHARE', '0', '0', '0');
INSERT INTO `itemaccount` (`objid`, `state`, `code`, `title`, `description`, `type`, `fund_objid`, `fund_code`, `fund_title`, `defaultvalue`, `valuetype`, `org_objid`, `org_name`, `parentid`, `generic`, `sortorder`, `hidefromlookup`) VALUES ('RPT_BASICINT_PREVIOUS_BRGY_SHARE:158-04-0047', 'ACTIVE', '-', 'SULANGON RPT BASIC PENALTY PREVIOUS BARANGAY SHARE', 'SULANGON RPT BASIC PENALTY PREVIOUS BARANGAY SHARE', 'PAYABLE', 'GENERAL', '01', 'GENERAL', '0.00', 'ANY', '158-04-0047', 'SULANGON', 'RPT_BASICINT_PREVIOUS_BRGY_SHARE', '0', '0', '0');
INSERT INTO `itemaccount` (`objid`, `state`, `code`, `title`, `description`, `type`, `fund_objid`, `fund_code`, `fund_title`, `defaultvalue`, `valuetype`, `org_objid`, `org_name`, `parentid`, `generic`, `sortorder`, `hidefromlookup`) VALUES ('RPT_BASICINT_PREVIOUS_BRGY_SHARE:158-05-0014', 'ACTIVE', '-', 'BARCELONA RPT BASIC PENALTY PREVIOUS BARANGAY SHARE', 'BARCELONA RPT BASIC PENALTY PREVIOUS BARANGAY SHARE', 'PAYABLE', 'GENERAL', '01', 'GENERAL', '0.00', 'ANY', '158-05-0014', 'BARCELONA', 'RPT_BASICINT_PREVIOUS_BRGY_SHARE', '0', '0', '0');
INSERT INTO `itemaccount` (`objid`, `state`, `code`, `title`, `description`, `type`, `fund_objid`, `fund_code`, `fund_title`, `defaultvalue`, `valuetype`, `org_objid`, `org_name`, `parentid`, `generic`, `sortorder`, `hidefromlookup`) VALUES ('RPT_BASICINT_PREVIOUS_BRGY_SHARE:158-05-0016', 'ACTIVE', '-', 'BURGOS RPT BASIC PENALTY PREVIOUS BARANGAY SHARE', 'BURGOS RPT BASIC PENALTY PREVIOUS BARANGAY SHARE', 'PAYABLE', 'GENERAL', '01', 'GENERAL', '0.00', 'ANY', '158-05-0016', 'BURGOS', 'RPT_BASICINT_PREVIOUS_BRGY_SHARE', '0', '0', '0');
INSERT INTO `itemaccount` (`objid`, `state`, `code`, `title`, `description`, `type`, `fund_objid`, `fund_code`, `fund_title`, `defaultvalue`, `valuetype`, `org_objid`, `org_name`, `parentid`, `generic`, `sortorder`, `hidefromlookup`) VALUES ('RPT_BASICINT_PREVIOUS_BRGY_SHARE:158-05-0021', 'ACTIVE', '-', 'DIWA-AN RPT BASIC PENALTY PREVIOUS BARANGAY SHARE', 'DIWA-AN RPT BASIC PENALTY PREVIOUS BARANGAY SHARE', 'PAYABLE', 'GENERAL', '01', 'GENERAL', '0.00', 'ANY', '158-05-0021', 'DIWA-AN', 'RPT_BASICINT_PREVIOUS_BRGY_SHARE', '0', '0', '0');
INSERT INTO `itemaccount` (`objid`, `state`, `code`, `title`, `description`, `type`, `fund_objid`, `fund_code`, `fund_title`, `defaultvalue`, `valuetype`, `org_objid`, `org_name`, `parentid`, `generic`, `sortorder`, `hidefromlookup`) VALUES ('RPT_BASICINT_PREVIOUS_BRGY_SHARE:158-05-0023', 'ACTIVE', '-', 'HILLTOP RPT BASIC PENALTY PREVIOUS BARANGAY SHARE', 'HILLTOP RPT BASIC PENALTY PREVIOUS BARANGAY SHARE', 'PAYABLE', 'GENERAL', '01', 'GENERAL', '0.00', 'ANY', '158-05-0023', 'HILLTOP', 'RPT_BASICINT_PREVIOUS_BRGY_SHARE', '0', '0', '0');
INSERT INTO `itemaccount` (`objid`, `state`, `code`, `title`, `description`, `type`, `fund_objid`, `fund_code`, `fund_title`, `defaultvalue`, `valuetype`, `org_objid`, `org_name`, `parentid`, `generic`, `sortorder`, `hidefromlookup`) VALUES ('RPT_BASICINT_PREVIOUS_BRGY_SHARE:158-05-0024', 'ACTIVE', '-', 'ILAYA RPT BASIC PENALTY PREVIOUS BARANGAY SHARE', 'ILAYA RPT BASIC PENALTY PREVIOUS BARANGAY SHARE', 'PAYABLE', 'GENERAL', '01', 'GENERAL', '0.00', 'ANY', '158-05-0024', 'ILAYA', 'RPT_BASICINT_PREVIOUS_BRGY_SHARE', '0', '0', '0');
INSERT INTO `itemaccount` (`objid`, `state`, `code`, `title`, `description`, `type`, `fund_objid`, `fund_code`, `fund_title`, `defaultvalue`, `valuetype`, `org_objid`, `org_name`, `parentid`, `generic`, `sortorder`, `hidefromlookup`) VALUES ('RPT_BASICINT_PREVIOUS_BRGY_SHARE:158-05-0035', 'ACTIVE', '-', 'OYAN RPT BASIC PENALTY PREVIOUS BARANGAY SHARE', 'OYAN RPT BASIC PENALTY PREVIOUS BARANGAY SHARE', 'PAYABLE', 'GENERAL', '01', 'GENERAL', '0.00', 'ANY', '158-05-0035', 'OYAN', 'RPT_BASICINT_PREVIOUS_BRGY_SHARE', '0', '0', '0');
INSERT INTO `itemaccount` (`objid`, `state`, `code`, `title`, `description`, `type`, `fund_objid`, `fund_code`, `fund_title`, `defaultvalue`, `valuetype`, `org_objid`, `org_name`, `parentid`, `generic`, `sortorder`, `hidefromlookup`) VALUES ('RPT_BASICINT_PREVIOUS_BRGY_SHARE:158-05-0039', 'ACTIVE', '-', 'SAN NICOLAS RPT BASIC PENALTY PREVIOUS BARANGAY SHARE', 'SAN NICOLAS RPT BASIC PENALTY PREVIOUS BARANGAY SHARE', 'PAYABLE', 'GENERAL', '01', 'GENERAL', '0.00', 'ANY', '158-05-0039', 'SAN NICOLAS', 'RPT_BASICINT_PREVIOUS_BRGY_SHARE', '0', '0', '0');
INSERT INTO `itemaccount` (`objid`, `state`, `code`, `title`, `description`, `type`, `fund_objid`, `fund_code`, `fund_title`, `defaultvalue`, `valuetype`, `org_objid`, `org_name`, `parentid`, `generic`, `sortorder`, `hidefromlookup`) VALUES ('RPT_BASICINT_PREVIOUS_BRGY_SHARE:158-05-0050', 'ACTIVE', '-', 'TAMION RPT BASIC PENALTY PREVIOUS BARANGAY SHARE', 'TAMION RPT BASIC PENALTY PREVIOUS BARANGAY SHARE', 'PAYABLE', 'GENERAL', '01', 'GENERAL', '0.00', 'ANY', '158-05-0050', 'TAMION', 'RPT_BASICINT_PREVIOUS_BRGY_SHARE', '0', '0', '0');
INSERT INTO `itemaccount` (`objid`, `state`, `code`, `title`, `description`, `type`, `fund_objid`, `fund_code`, `fund_title`, `defaultvalue`, `valuetype`, `org_objid`, `org_name`, `parentid`, `generic`, `sortorder`, `hidefromlookup`) VALUES ('RPT_BASICINT_PREVIOUS_BRGY_SHARE:158-06-0011', 'ACTIVE', '-', 'ASENIERO RPT BASIC PENALTY PREVIOUS BARANGAY SHARE', 'ASENIERO RPT BASIC PENALTY PREVIOUS BARANGAY SHARE', 'PAYABLE', 'GENERAL', '01', 'GENERAL', '0.00', 'ANY', '158-06-0011', 'ASENIERO', 'RPT_BASICINT_PREVIOUS_BRGY_SHARE', '0', '0', '0');
INSERT INTO `itemaccount` (`objid`, `state`, `code`, `title`, `description`, `type`, `fund_objid`, `fund_code`, `fund_title`, `defaultvalue`, `valuetype`, `org_objid`, `org_name`, `parentid`, `generic`, `sortorder`, `hidefromlookup`) VALUES ('RPT_BASICINT_PREVIOUS_BRGY_SHARE:158-06-0012', 'ACTIVE', '-', 'BA-AO RPT BASIC PENALTY PREVIOUS BARANGAY SHARE', 'BA-AO RPT BASIC PENALTY PREVIOUS BARANGAY SHARE', 'PAYABLE', 'GENERAL', '01', 'GENERAL', '0.00', 'ANY', '158-06-0012', 'BA-AO', 'RPT_BASICINT_PREVIOUS_BRGY_SHARE', '0', '0', '0');
INSERT INTO `itemaccount` (`objid`, `state`, `code`, `title`, `description`, `type`, `fund_objid`, `fund_code`, `fund_title`, `defaultvalue`, `valuetype`, `org_objid`, `org_name`, `parentid`, `generic`, `sortorder`, `hidefromlookup`) VALUES ('RPT_BASICINT_PREVIOUS_BRGY_SHARE:158-06-0019', 'ACTIVE', '-', 'DAMPALAN RPT BASIC PENALTY PREVIOUS BARANGAY SHARE', 'DAMPALAN RPT BASIC PENALTY PREVIOUS BARANGAY SHARE', 'PAYABLE', 'GENERAL', '01', 'GENERAL', '0.00', 'ANY', '158-06-0019', 'DAMPALAN', 'RPT_BASICINT_PREVIOUS_BRGY_SHARE', '0', '0', '0');
INSERT INTO `itemaccount` (`objid`, `state`, `code`, `title`, `description`, `type`, `fund_objid`, `fund_code`, `fund_title`, `defaultvalue`, `valuetype`, `org_objid`, `org_name`, `parentid`, `generic`, `sortorder`, `hidefromlookup`) VALUES ('RPT_BASICINT_PREVIOUS_BRGY_SHARE:158-06-0030', 'ACTIVE', '-', 'MASIDLAKON RPT BASIC PENALTY PREVIOUS BARANGAY SHARE', 'MASIDLAKON RPT BASIC PENALTY PREVIOUS BARANGAY SHARE', 'PAYABLE', 'GENERAL', '01', 'GENERAL', '0.00', 'ANY', '158-06-0030', 'MASIDLAKON', 'RPT_BASICINT_PREVIOUS_BRGY_SHARE', '0', '0', '0');
INSERT INTO `itemaccount` (`objid`, `state`, `code`, `title`, `description`, `type`, `fund_objid`, `fund_code`, `fund_title`, `defaultvalue`, `valuetype`, `org_objid`, `org_name`, `parentid`, `generic`, `sortorder`, `hidefromlookup`) VALUES ('RPT_BASICINT_PREVIOUS_BRGY_SHARE:158-06-0032', 'ACTIVE', '-', 'OPAO RPT BASIC PENALTY PREVIOUS BARANGAY SHARE', 'OPAO RPT BASIC PENALTY PREVIOUS BARANGAY SHARE', 'PAYABLE', 'GENERAL', '01', 'GENERAL', '0.00', 'ANY', '158-06-0032', 'OPAO', 'RPT_BASICINT_PREVIOUS_BRGY_SHARE', '0', '0', '0');
INSERT INTO `itemaccount` (`objid`, `state`, `code`, `title`, `description`, `type`, `fund_objid`, `fund_code`, `fund_title`, `defaultvalue`, `valuetype`, `org_objid`, `org_name`, `parentid`, `generic`, `sortorder`, `hidefromlookup`) VALUES ('RPT_BASICINT_PREVIOUS_BRGY_SHARE:158-06-0037', 'ACTIVE', '-', 'POTUNGAN RPT BASIC PENALTY PREVIOUS BARANGAY SHARE', 'POTUNGAN RPT BASIC PENALTY PREVIOUS BARANGAY SHARE', 'PAYABLE', 'GENERAL', '01', 'GENERAL', '0.00', 'ANY', '158-06-0037', 'POTUNGAN', 'RPT_BASICINT_PREVIOUS_BRGY_SHARE', '0', '0', '0');
INSERT INTO `itemaccount` (`objid`, `state`, `code`, `title`, `description`, `type`, `fund_objid`, `fund_code`, `fund_title`, `defaultvalue`, `valuetype`, `org_objid`, `org_name`, `parentid`, `generic`, `sortorder`, `hidefromlookup`) VALUES ('RPT_BASICINT_PREVIOUS_BRGY_SHARE:158-06-0038', 'ACTIVE', '-', 'SAN FRANCISCO RPT BASIC PENALTY PREVIOUS BARANGAY SHARE', 'SAN FRANCISCO RPT BASIC PENALTY PREVIOUS BARANGAY SHARE', 'PAYABLE', 'GENERAL', '01', 'GENERAL', '0.00', 'ANY', '158-06-0038', 'SAN FRANCISCO', 'RPT_BASICINT_PREVIOUS_BRGY_SHARE', '0', '0', '0');
INSERT INTO `itemaccount` (`objid`, `state`, `code`, `title`, `description`, `type`, `fund_objid`, `fund_code`, `fund_title`, `defaultvalue`, `valuetype`, `org_objid`, `org_name`, `parentid`, `generic`, `sortorder`, `hidefromlookup`) VALUES ('RPT_BASICINT_PREVIOUS_BRGY_SHARE:158-06-0044', 'ACTIVE', '-', 'SIGAYAN RPT BASIC PENALTY PREVIOUS BARANGAY SHARE', 'SIGAYAN RPT BASIC PENALTY PREVIOUS BARANGAY SHARE', 'PAYABLE', 'GENERAL', '01', 'GENERAL', '0.00', 'ANY', '158-06-0044', 'SIGAYAN', 'RPT_BASICINT_PREVIOUS_BRGY_SHARE', '0', '0', '0');
INSERT INTO `itemaccount` (`objid`, `state`, `code`, `title`, `description`, `type`, `fund_objid`, `fund_code`, `fund_title`, `defaultvalue`, `valuetype`, `org_objid`, `org_name`, `parentid`, `generic`, `sortorder`, `hidefromlookup`) VALUES ('RPT_BASICINT_PRIOR', 'ACTIVE', '588-006', 'RPT BASIC PENALTY PRIOR', 'RPT BASIC PENALTY PRIOR', 'REVENUE', 'GENERAL', '01', 'GENERAL', '0.00', 'ANY', NULL, NULL, NULL, '0', '0', '0');
INSERT INTO `itemaccount` (`objid`, `state`, `code`, `title`, `description`, `type`, `fund_objid`, `fund_code`, `fund_title`, `defaultvalue`, `valuetype`, `org_objid`, `org_name`, `parentid`, `generic`, `sortorder`, `hidefromlookup`) VALUES ('RPT_BASICINT_PRIOR:158', 'ACTIVE', '-', 'DAPITAN CITY RPT BASIC PENALTY PRIOR', 'DAPITAN CITY RPT BASIC PENALTY PRIOR', 'REVENUE', 'GENERAL', '01', 'GENERAL', '0.00', 'ANY', '158', 'DAPITAN CITY', 'RPT_BASICINT_PRIOR', '0', '0', '0');
INSERT INTO `itemaccount` (`objid`, `state`, `code`, `title`, `description`, `type`, `fund_objid`, `fund_code`, `fund_title`, `defaultvalue`, `valuetype`, `org_objid`, `org_name`, `parentid`, `generic`, `sortorder`, `hidefromlookup`) VALUES ('RPT_BASICINT_PRIOR_BRGY_SHARE', 'ACTIVE', '455-049', 'RPT BASIC PENALTY PRIOR BARANGAY SHARE', 'RPT BASIC PENALTY PRIOR BARANGAY SHARE', 'PAYABLE', 'GENERAL', '01', 'GENERAL', '0.00', 'ANY', NULL, NULL, NULL, '0', '0', '0');
INSERT INTO `itemaccount` (`objid`, `state`, `code`, `title`, `description`, `type`, `fund_objid`, `fund_code`, `fund_title`, `defaultvalue`, `valuetype`, `org_objid`, `org_name`, `parentid`, `generic`, `sortorder`, `hidefromlookup`) VALUES ('RPT_BASICINT_PRIOR_BRGY_SHARE:158-01-0001', 'ACTIVE', '-', 'POBLACION RPT BASIC PENALTY PRIOR BARANGAY SHARE', 'POBLACION RPT BASIC PENALTY PRIOR BARANGAY SHARE', 'PAYABLE', 'GENERAL', '01', 'GENERAL', '0.00', 'ANY', '158-01-0001', 'POBLACION', 'RPT_BASICINT_PRIOR_BRGY_SHARE', '0', '0', '0');
INSERT INTO `itemaccount` (`objid`, `state`, `code`, `title`, `description`, `type`, `fund_objid`, `fund_code`, `fund_title`, `defaultvalue`, `valuetype`, `org_objid`, `org_name`, `parentid`, `generic`, `sortorder`, `hidefromlookup`) VALUES ('RPT_BASICINT_PRIOR_BRGY_SHARE:158-01-0009', 'ACTIVE', '-', 'ALIGUAY RPT BASIC PENALTY PRIOR BARANGAY SHARE', 'ALIGUAY RPT BASIC PENALTY PRIOR BARANGAY SHARE', 'PAYABLE', 'GENERAL', '01', 'GENERAL', '0.00', 'ANY', '158-01-0009', 'ALIGUAY', 'RPT_BASICINT_PRIOR_BRGY_SHARE', '0', '0', '0');
INSERT INTO `itemaccount` (`objid`, `state`, `code`, `title`, `description`, `type`, `fund_objid`, `fund_code`, `fund_title`, `defaultvalue`, `valuetype`, `org_objid`, `org_name`, `parentid`, `generic`, `sortorder`, `hidefromlookup`) VALUES ('RPT_BASICINT_PRIOR_BRGY_SHARE:158-01-0013', 'ACTIVE', '-', 'BANBANAN RPT BASIC PENALTY PRIOR BARANGAY SHARE', 'BANBANAN RPT BASIC PENALTY PRIOR BARANGAY SHARE', 'PAYABLE', 'GENERAL', '01', 'GENERAL', '0.00', 'ANY', '158-01-0013', 'BANBANAN', 'RPT_BASICINT_PRIOR_BRGY_SHARE', '0', '0', '0');
INSERT INTO `itemaccount` (`objid`, `state`, `code`, `title`, `description`, `type`, `fund_objid`, `fund_code`, `fund_title`, `defaultvalue`, `valuetype`, `org_objid`, `org_name`, `parentid`, `generic`, `sortorder`, `hidefromlookup`) VALUES ('RPT_BASICINT_PRIOR_BRGY_SHARE:158-01-0017', 'ACTIVE', '-', 'CANLUCANI RPT BASIC PENALTY PRIOR BARANGAY SHARE', 'CANLUCANI RPT BASIC PENALTY PRIOR BARANGAY SHARE', 'PAYABLE', 'GENERAL', '01', 'GENERAL', '0.00', 'ANY', '158-01-0017', 'CANLUCANI', 'RPT_BASICINT_PRIOR_BRGY_SHARE', '0', '0', '0');
INSERT INTO `itemaccount` (`objid`, `state`, `code`, `title`, `description`, `type`, `fund_objid`, `fund_code`, `fund_title`, `defaultvalue`, `valuetype`, `org_objid`, `org_name`, `parentid`, `generic`, `sortorder`, `hidefromlookup`) VALUES ('RPT_BASICINT_PRIOR_BRGY_SHARE:158-01-0018', 'ACTIVE', '-', 'CARANG RPT BASIC PENALTY PRIOR BARANGAY SHARE', 'CARANG RPT BASIC PENALTY PRIOR BARANGAY SHARE', 'PAYABLE', 'GENERAL', '01', 'GENERAL', '0.00', 'ANY', '158-01-0018', 'CARANG', 'RPT_BASICINT_PRIOR_BRGY_SHARE', '0', '0', '0');
INSERT INTO `itemaccount` (`objid`, `state`, `code`, `title`, `description`, `type`, `fund_objid`, `fund_code`, `fund_title`, `defaultvalue`, `valuetype`, `org_objid`, `org_name`, `parentid`, `generic`, `sortorder`, `hidefromlookup`) VALUES ('RPT_BASICINT_PRIOR_BRGY_SHARE:158-01-0022', 'ACTIVE', '-', 'GUIMPUTLAN RPT BASIC PENALTY PRIOR BARANGAY SHARE', 'GUIMPUTLAN RPT BASIC PENALTY PRIOR BARANGAY SHARE', 'PAYABLE', 'GENERAL', '01', 'GENERAL', '0.00', 'ANY', '158-01-0022', 'GUIMPUTLAN', 'RPT_BASICINT_PRIOR_BRGY_SHARE', '0', '0', '0');
INSERT INTO `itemaccount` (`objid`, `state`, `code`, `title`, `description`, `type`, `fund_objid`, `fund_code`, `fund_title`, `defaultvalue`, `valuetype`, `org_objid`, `org_name`, `parentid`, `generic`, `sortorder`, `hidefromlookup`) VALUES ('RPT_BASICINT_PRIOR_BRGY_SHARE:158-01-0042', 'ACTIVE', '-', 'SANTO NINO RPT BASIC PENALTY PRIOR BARANGAY SHARE', 'SANTO NINO RPT BASIC PENALTY PRIOR BARANGAY SHARE', 'PAYABLE', 'GENERAL', '01', 'GENERAL', '0.00', 'ANY', '158-01-0042', 'SANTO NINO', 'RPT_BASICINT_PRIOR_BRGY_SHARE', '0', '0', '0');
INSERT INTO `itemaccount` (`objid`, `state`, `code`, `title`, `description`, `type`, `fund_objid`, `fund_code`, `fund_title`, `defaultvalue`, `valuetype`, `org_objid`, `org_name`, `parentid`, `generic`, `sortorder`, `hidefromlookup`) VALUES ('RPT_BASICINT_PRIOR_BRGY_SHARE:158-01-0045', 'ACTIVE', '-', 'SELINOG RPT BASIC PENALTY PRIOR BARANGAY SHARE', 'SELINOG RPT BASIC PENALTY PRIOR BARANGAY SHARE', 'PAYABLE', 'GENERAL', '01', 'GENERAL', '0.00', 'ANY', '158-01-0045', 'SELINOG', 'RPT_BASICINT_PRIOR_BRGY_SHARE', '0', '0', '0');
INSERT INTO `itemaccount` (`objid`, `state`, `code`, `title`, `description`, `type`, `fund_objid`, `fund_code`, `fund_title`, `defaultvalue`, `valuetype`, `org_objid`, `org_name`, `parentid`, `generic`, `sortorder`, `hidefromlookup`) VALUES ('RPT_BASICINT_PRIOR_BRGY_SHARE:158-01-0048', 'ACTIVE', '-', 'TAG-ULO RPT BASIC PENALTY PRIOR BARANGAY SHARE', 'TAG-ULO RPT BASIC PENALTY PRIOR BARANGAY SHARE', 'PAYABLE', 'GENERAL', '01', 'GENERAL', '0.00', 'ANY', '158-01-0048', 'TAG-ULO', 'RPT_BASICINT_PRIOR_BRGY_SHARE', '0', '0', '0');
INSERT INTO `itemaccount` (`objid`, `state`, `code`, `title`, `description`, `type`, `fund_objid`, `fund_code`, `fund_title`, `defaultvalue`, `valuetype`, `org_objid`, `org_name`, `parentid`, `generic`, `sortorder`, `hidefromlookup`) VALUES ('RPT_BASICINT_PRIOR_BRGY_SHARE:158-01-0049', 'ACTIVE', '-', 'TAGUILON RPT BASIC PENALTY PRIOR BARANGAY SHARE', 'TAGUILON RPT BASIC PENALTY PRIOR BARANGAY SHARE', 'PAYABLE', 'GENERAL', '01', 'GENERAL', '0.00', 'ANY', '158-01-0049', 'TAGUILON', 'RPT_BASICINT_PRIOR_BRGY_SHARE', '0', '0', '0');
INSERT INTO `itemaccount` (`objid`, `state`, `code`, `title`, `description`, `type`, `fund_objid`, `fund_code`, `fund_title`, `defaultvalue`, `valuetype`, `org_objid`, `org_name`, `parentid`, `generic`, `sortorder`, `hidefromlookup`) VALUES ('RPT_BASICINT_PRIOR_BRGY_SHARE:158-02-0015', 'ACTIVE', '-', 'BAYLIMANGO RPT BASIC PENALTY PRIOR BARANGAY SHARE', 'BAYLIMANGO RPT BASIC PENALTY PRIOR BARANGAY SHARE', 'PAYABLE', 'GENERAL', '01', 'GENERAL', '0.00', 'ANY', '158-02-0015', 'BAYLIMANGO', 'RPT_BASICINT_PRIOR_BRGY_SHARE', '0', '0', '0');
INSERT INTO `itemaccount` (`objid`, `state`, `code`, `title`, `description`, `type`, `fund_objid`, `fund_code`, `fund_title`, `defaultvalue`, `valuetype`, `org_objid`, `org_name`, `parentid`, `generic`, `sortorder`, `hidefromlookup`) VALUES ('RPT_BASICINT_PRIOR_BRGY_SHARE:158-02-0020', 'ACTIVE', '-', 'DARO RPT BASIC PENALTY PRIOR BARANGAY SHARE', 'DARO RPT BASIC PENALTY PRIOR BARANGAY SHARE', 'PAYABLE', 'GENERAL', '01', 'GENERAL', '0.00', 'ANY', '158-02-0020', 'DARO', 'RPT_BASICINT_PRIOR_BRGY_SHARE', '0', '0', '0');
INSERT INTO `itemaccount` (`objid`, `state`, `code`, `title`, `description`, `type`, `fund_objid`, `fund_code`, `fund_title`, `defaultvalue`, `valuetype`, `org_objid`, `org_name`, `parentid`, `generic`, `sortorder`, `hidefromlookup`) VALUES ('RPT_BASICINT_PRIOR_BRGY_SHARE:158-02-0025', 'ACTIVE', '-', 'KAUSWAGAN RPT BASIC PENALTY PRIOR BARANGAY SHARE', 'KAUSWAGAN RPT BASIC PENALTY PRIOR BARANGAY SHARE', 'PAYABLE', 'GENERAL', '01', 'GENERAL', '0.00', 'ANY', '158-02-0025', 'KAUSWAGAN', 'RPT_BASICINT_PRIOR_BRGY_SHARE', '0', '0', '0');
INSERT INTO `itemaccount` (`objid`, `state`, `code`, `title`, `description`, `type`, `fund_objid`, `fund_code`, `fund_title`, `defaultvalue`, `valuetype`, `org_objid`, `org_name`, `parentid`, `generic`, `sortorder`, `hidefromlookup`) VALUES ('RPT_BASICINT_PRIOR_BRGY_SHARE:158-02-0028', 'ACTIVE', '-', 'MARIA CRISTINA RPT BASIC PENALTY PRIOR BARANGAY SHARE', 'MARIA CRISTINA RPT BASIC PENALTY PRIOR BARANGAY SHARE', 'PAYABLE', 'GENERAL', '01', 'GENERAL', '0.00', 'ANY', '158-02-0028', 'MARIA CRISTINA', 'RPT_BASICINT_PRIOR_BRGY_SHARE', '0', '0', '0');
INSERT INTO `itemaccount` (`objid`, `state`, `code`, `title`, `description`, `type`, `fund_objid`, `fund_code`, `fund_title`, `defaultvalue`, `valuetype`, `org_objid`, `org_name`, `parentid`, `generic`, `sortorder`, `hidefromlookup`) VALUES ('RPT_BASICINT_PRIOR_BRGY_SHARE:158-02-0029', 'ACTIVE', '-', 'MARIA URAY RPT BASIC PENALTY PRIOR BARANGAY SHARE', 'MARIA URAY RPT BASIC PENALTY PRIOR BARANGAY SHARE', 'PAYABLE', 'GENERAL', '01', 'GENERAL', '0.00', 'ANY', '158-02-0029', 'MARIA URAY', 'RPT_BASICINT_PRIOR_BRGY_SHARE', '0', '0', '0');
INSERT INTO `itemaccount` (`objid`, `state`, `code`, `title`, `description`, `type`, `fund_objid`, `fund_code`, `fund_title`, `defaultvalue`, `valuetype`, `org_objid`, `org_name`, `parentid`, `generic`, `sortorder`, `hidefromlookup`) VALUES ('RPT_BASICINT_PRIOR_BRGY_SHARE:158-02-0031', 'ACTIVE', '-', 'NAPO RPT BASIC PENALTY PRIOR BARANGAY SHARE', 'NAPO RPT BASIC PENALTY PRIOR BARANGAY SHARE', 'PAYABLE', 'GENERAL', '01', 'GENERAL', '0.00', 'ANY', '158-02-0031', 'NAPO', 'RPT_BASICINT_PRIOR_BRGY_SHARE', '0', '0', '0');
INSERT INTO `itemaccount` (`objid`, `state`, `code`, `title`, `description`, `type`, `fund_objid`, `fund_code`, `fund_title`, `defaultvalue`, `valuetype`, `org_objid`, `org_name`, `parentid`, `generic`, `sortorder`, `hidefromlookup`) VALUES ('RPT_BASICINT_PRIOR_BRGY_SHARE:158-02-0033', 'ACTIVE', '-', 'ORO RPT BASIC PENALTY PRIOR BARANGAY SHARE', 'ORO RPT BASIC PENALTY PRIOR BARANGAY SHARE', 'PAYABLE', 'GENERAL', '01', 'GENERAL', '0.00', 'ANY', '158-02-0033', 'ORO', 'RPT_BASICINT_PRIOR_BRGY_SHARE', '0', '0', '0');
INSERT INTO `itemaccount` (`objid`, `state`, `code`, `title`, `description`, `type`, `fund_objid`, `fund_code`, `fund_title`, `defaultvalue`, `valuetype`, `org_objid`, `org_name`, `parentid`, `generic`, `sortorder`, `hidefromlookup`) VALUES ('RPT_BASICINT_PRIOR_BRGY_SHARE:158-02-0046', 'ACTIVE', '-', 'SINONOC RPT BASIC PENALTY PRIOR BARANGAY SHARE', 'SINONOC RPT BASIC PENALTY PRIOR BARANGAY SHARE', 'PAYABLE', 'GENERAL', '01', 'GENERAL', '0.00', 'ANY', '158-02-0046', 'SINONOC', 'RPT_BASICINT_PRIOR_BRGY_SHARE', '0', '0', '0');
INSERT INTO `itemaccount` (`objid`, `state`, `code`, `title`, `description`, `type`, `fund_objid`, `fund_code`, `fund_title`, `defaultvalue`, `valuetype`, `org_objid`, `org_name`, `parentid`, `generic`, `sortorder`, `hidefromlookup`) VALUES ('RPT_BASICINT_PRIOR_BRGY_SHARE:158-03-0001', 'ACTIVE', '-', 'DAWO RPT BASIC PENALTY PRIOR BARANGAY SHARE', 'DAWO RPT BASIC PENALTY PRIOR BARANGAY SHARE', 'PAYABLE', 'GENERAL', '01', 'GENERAL', '0.00', 'ANY', '158-03-0001', 'DAWO', 'RPT_BASICINT_PRIOR_BRGY_SHARE', '0', '0', '0');
INSERT INTO `itemaccount` (`objid`, `state`, `code`, `title`, `description`, `type`, `fund_objid`, `fund_code`, `fund_title`, `defaultvalue`, `valuetype`, `org_objid`, `org_name`, `parentid`, `generic`, `sortorder`, `hidefromlookup`) VALUES ('RPT_BASICINT_PRIOR_BRGY_SHARE:158-03-0002', 'ACTIVE', '-', 'BAGTING RPT BASIC PENALTY PRIOR BARANGAY SHARE', 'BAGTING RPT BASIC PENALTY PRIOR BARANGAY SHARE', 'PAYABLE', 'GENERAL', '01', 'GENERAL', '0.00', 'ANY', '158-03-0002', 'BAGTING', 'RPT_BASICINT_PRIOR_BRGY_SHARE', '0', '0', '0');
INSERT INTO `itemaccount` (`objid`, `state`, `code`, `title`, `description`, `type`, `fund_objid`, `fund_code`, `fund_title`, `defaultvalue`, `valuetype`, `org_objid`, `org_name`, `parentid`, `generic`, `sortorder`, `hidefromlookup`) VALUES ('RPT_BASICINT_PRIOR_BRGY_SHARE:158-03-0003', 'ACTIVE', '-', 'BANONONG RPT BASIC PENALTY PRIOR BARANGAY SHARE', 'BANONONG RPT BASIC PENALTY PRIOR BARANGAY SHARE', 'PAYABLE', 'GENERAL', '01', 'GENERAL', '0.00', 'ANY', '158-03-0003', 'BANONONG', 'RPT_BASICINT_PRIOR_BRGY_SHARE', '0', '0', '0');
INSERT INTO `itemaccount` (`objid`, `state`, `code`, `title`, `description`, `type`, `fund_objid`, `fund_code`, `fund_title`, `defaultvalue`, `valuetype`, `org_objid`, `org_name`, `parentid`, `generic`, `sortorder`, `hidefromlookup`) VALUES ('RPT_BASICINT_PRIOR_BRGY_SHARE:158-03-0004', 'ACTIVE', '-', 'CAWA-CAWA RPT BASIC PENALTY PRIOR BARANGAY SHARE', 'CAWA-CAWA RPT BASIC PENALTY PRIOR BARANGAY SHARE', 'PAYABLE', 'GENERAL', '01', 'GENERAL', '0.00', 'ANY', '158-03-0004', 'CAWA-CAWA', 'RPT_BASICINT_PRIOR_BRGY_SHARE', '0', '0', '0');
INSERT INTO `itemaccount` (`objid`, `state`, `code`, `title`, `description`, `type`, `fund_objid`, `fund_code`, `fund_title`, `defaultvalue`, `valuetype`, `org_objid`, `org_name`, `parentid`, `generic`, `sortorder`, `hidefromlookup`) VALUES ('RPT_BASICINT_PRIOR_BRGY_SHARE:158-03-0005', 'ACTIVE', '-', 'LINABO RPT BASIC PENALTY PRIOR BARANGAY SHARE', 'LINABO RPT BASIC PENALTY PRIOR BARANGAY SHARE', 'PAYABLE', 'GENERAL', '01', 'GENERAL', '0.00', 'ANY', '158-03-0005', 'LINABO', 'RPT_BASICINT_PRIOR_BRGY_SHARE', '0', '0', '0');
INSERT INTO `itemaccount` (`objid`, `state`, `code`, `title`, `description`, `type`, `fund_objid`, `fund_code`, `fund_title`, `defaultvalue`, `valuetype`, `org_objid`, `org_name`, `parentid`, `generic`, `sortorder`, `hidefromlookup`) VALUES ('RPT_BASICINT_PRIOR_BRGY_SHARE:158-03-0006', 'ACTIVE', '-', 'POTOL RPT BASIC PENALTY PRIOR BARANGAY SHARE', 'POTOL RPT BASIC PENALTY PRIOR BARANGAY SHARE', 'PAYABLE', 'GENERAL', '01', 'GENERAL', '0.00', 'ANY', '158-03-0006', 'POTOL', 'RPT_BASICINT_PRIOR_BRGY_SHARE', '0', '0', '0');
INSERT INTO `itemaccount` (`objid`, `state`, `code`, `title`, `description`, `type`, `fund_objid`, `fund_code`, `fund_title`, `defaultvalue`, `valuetype`, `org_objid`, `org_name`, `parentid`, `generic`, `sortorder`, `hidefromlookup`) VALUES ('RPT_BASICINT_PRIOR_BRGY_SHARE:158-03-0007', 'ACTIVE', '-', 'SANTA CRUZ RPT BASIC PENALTY PRIOR BARANGAY SHARE', 'SANTA CRUZ RPT BASIC PENALTY PRIOR BARANGAY SHARE', 'PAYABLE', 'GENERAL', '01', 'GENERAL', '0.00', 'ANY', '158-03-0007', 'SANTA CRUZ', 'RPT_BASICINT_PRIOR_BRGY_SHARE', '0', '0', '0');
INSERT INTO `itemaccount` (`objid`, `state`, `code`, `title`, `description`, `type`, `fund_objid`, `fund_code`, `fund_title`, `defaultvalue`, `valuetype`, `org_objid`, `org_name`, `parentid`, `generic`, `sortorder`, `hidefromlookup`) VALUES ('RPT_BASICINT_PRIOR_BRGY_SHARE:158-03-0008', 'ACTIVE', '-', 'TALISAY RPT BASIC PENALTY PRIOR BARANGAY SHARE', 'TALISAY RPT BASIC PENALTY PRIOR BARANGAY SHARE', 'PAYABLE', 'GENERAL', '01', 'GENERAL', '0.00', 'ANY', '158-03-0008', 'TALISAY', 'RPT_BASICINT_PRIOR_BRGY_SHARE', '0', '0', '0');
INSERT INTO `itemaccount` (`objid`, `state`, `code`, `title`, `description`, `type`, `fund_objid`, `fund_code`, `fund_title`, `defaultvalue`, `valuetype`, `org_objid`, `org_name`, `parentid`, `generic`, `sortorder`, `hidefromlookup`) VALUES ('RPT_BASICINT_PRIOR_BRGY_SHARE:158-04-0010', 'ACTIVE', '-', 'ANTIPOLO RPT BASIC PENALTY PRIOR BARANGAY SHARE', 'ANTIPOLO RPT BASIC PENALTY PRIOR BARANGAY SHARE', 'PAYABLE', 'GENERAL', '01', 'GENERAL', '0.00', 'ANY', '158-04-0010', 'ANTIPOLO', 'RPT_BASICINT_PRIOR_BRGY_SHARE', '0', '0', '0');
INSERT INTO `itemaccount` (`objid`, `state`, `code`, `title`, `description`, `type`, `fund_objid`, `fund_code`, `fund_title`, `defaultvalue`, `valuetype`, `org_objid`, `org_name`, `parentid`, `generic`, `sortorder`, `hidefromlookup`) VALUES ('RPT_BASICINT_PRIOR_BRGY_SHARE:158-04-0014', 'ACTIVE', '-', 'SAN VICENTE RPT BASIC PENALTY PRIOR BARANGAY SHARE', 'SAN VICENTE RPT BASIC PENALTY PRIOR BARANGAY SHARE', 'PAYABLE', 'GENERAL', '01', 'GENERAL', '0.00', 'ANY', '158-04-0014', 'SAN VICENTE', 'RPT_BASICINT_PRIOR_BRGY_SHARE', '0', '0', '0');
INSERT INTO `itemaccount` (`objid`, `state`, `code`, `title`, `description`, `type`, `fund_objid`, `fund_code`, `fund_title`, `defaultvalue`, `valuetype`, `org_objid`, `org_name`, `parentid`, `generic`, `sortorder`, `hidefromlookup`) VALUES ('RPT_BASICINT_PRIOR_BRGY_SHARE:158-04-0026', 'ACTIVE', '-', 'LARAYAN RPT BASIC PENALTY PRIOR BARANGAY SHARE', 'LARAYAN RPT BASIC PENALTY PRIOR BARANGAY SHARE', 'PAYABLE', 'GENERAL', '01', 'GENERAL', '0.00', 'ANY', '158-04-0026', 'LARAYAN', 'RPT_BASICINT_PRIOR_BRGY_SHARE', '0', '0', '0');
INSERT INTO `itemaccount` (`objid`, `state`, `code`, `title`, `description`, `type`, `fund_objid`, `fund_code`, `fund_title`, `defaultvalue`, `valuetype`, `org_objid`, `org_name`, `parentid`, `generic`, `sortorder`, `hidefromlookup`) VALUES ('RPT_BASICINT_PRIOR_BRGY_SHARE:158-04-0027', 'ACTIVE', '-', 'LIYANG RPT BASIC PENALTY PRIOR BARANGAY SHARE', 'LIYANG RPT BASIC PENALTY PRIOR BARANGAY SHARE', 'PAYABLE', 'GENERAL', '01', 'GENERAL', '0.00', 'ANY', '158-04-0027', 'LIYANG', 'RPT_BASICINT_PRIOR_BRGY_SHARE', '0', '0', '0');
INSERT INTO `itemaccount` (`objid`, `state`, `code`, `title`, `description`, `type`, `fund_objid`, `fund_code`, `fund_title`, `defaultvalue`, `valuetype`, `org_objid`, `org_name`, `parentid`, `generic`, `sortorder`, `hidefromlookup`) VALUES ('RPT_BASICINT_PRIOR_BRGY_SHARE:158-04-0034', 'ACTIVE', '-', 'OWAON RPT BASIC PENALTY PRIOR BARANGAY SHARE', 'OWAON RPT BASIC PENALTY PRIOR BARANGAY SHARE', 'PAYABLE', 'GENERAL', '01', 'GENERAL', '0.00', 'ANY', '158-04-0034', 'OWAON', 'RPT_BASICINT_PRIOR_BRGY_SHARE', '0', '0', '0');
INSERT INTO `itemaccount` (`objid`, `state`, `code`, `title`, `description`, `type`, `fund_objid`, `fund_code`, `fund_title`, `defaultvalue`, `valuetype`, `org_objid`, `org_name`, `parentid`, `generic`, `sortorder`, `hidefromlookup`) VALUES ('RPT_BASICINT_PRIOR_BRGY_SHARE:158-04-0036', 'ACTIVE', '-', 'POLO RPT BASIC PENALTY PRIOR BARANGAY SHARE', 'POLO RPT BASIC PENALTY PRIOR BARANGAY SHARE', 'PAYABLE', 'GENERAL', '01', 'GENERAL', '0.00', 'ANY', '158-04-0036', 'POLO', 'RPT_BASICINT_PRIOR_BRGY_SHARE', '0', '0', '0');
INSERT INTO `itemaccount` (`objid`, `state`, `code`, `title`, `description`, `type`, `fund_objid`, `fund_code`, `fund_title`, `defaultvalue`, `valuetype`, `org_objid`, `org_name`, `parentid`, `generic`, `sortorder`, `hidefromlookup`) VALUES ('RPT_BASICINT_PRIOR_BRGY_SHARE:158-04-0040', 'ACTIVE', '-', 'SAN PEDRO RPT BASIC PENALTY PRIOR BARANGAY SHARE', 'SAN PEDRO RPT BASIC PENALTY PRIOR BARANGAY SHARE', 'PAYABLE', 'GENERAL', '01', 'GENERAL', '0.00', 'ANY', '158-04-0040', 'SAN PEDRO', 'RPT_BASICINT_PRIOR_BRGY_SHARE', '0', '0', '0');
INSERT INTO `itemaccount` (`objid`, `state`, `code`, `title`, `description`, `type`, `fund_objid`, `fund_code`, `fund_title`, `defaultvalue`, `valuetype`, `org_objid`, `org_name`, `parentid`, `generic`, `sortorder`, `hidefromlookup`) VALUES ('RPT_BASICINT_PRIOR_BRGY_SHARE:158-04-0043', 'ACTIVE', '-', 'SICAYAB BUCANA RPT BASIC PENALTY PRIOR BARANGAY SHARE', 'SICAYAB BUCANA RPT BASIC PENALTY PRIOR BARANGAY SHARE', 'PAYABLE', 'GENERAL', '01', 'GENERAL', '0.00', 'ANY', '158-04-0043', 'SICAYAB BUCANA', 'RPT_BASICINT_PRIOR_BRGY_SHARE', '0', '0', '0');
INSERT INTO `itemaccount` (`objid`, `state`, `code`, `title`, `description`, `type`, `fund_objid`, `fund_code`, `fund_title`, `defaultvalue`, `valuetype`, `org_objid`, `org_name`, `parentid`, `generic`, `sortorder`, `hidefromlookup`) VALUES ('RPT_BASICINT_PRIOR_BRGY_SHARE:158-04-0047', 'ACTIVE', '-', 'SULANGON RPT BASIC PENALTY PRIOR BARANGAY SHARE', 'SULANGON RPT BASIC PENALTY PRIOR BARANGAY SHARE', 'PAYABLE', 'GENERAL', '01', 'GENERAL', '0.00', 'ANY', '158-04-0047', 'SULANGON', 'RPT_BASICINT_PRIOR_BRGY_SHARE', '0', '0', '0');
INSERT INTO `itemaccount` (`objid`, `state`, `code`, `title`, `description`, `type`, `fund_objid`, `fund_code`, `fund_title`, `defaultvalue`, `valuetype`, `org_objid`, `org_name`, `parentid`, `generic`, `sortorder`, `hidefromlookup`) VALUES ('RPT_BASICINT_PRIOR_BRGY_SHARE:158-05-0014', 'ACTIVE', '-', 'BARCELONA RPT BASIC PENALTY PRIOR BARANGAY SHARE', 'BARCELONA RPT BASIC PENALTY PRIOR BARANGAY SHARE', 'PAYABLE', 'GENERAL', '01', 'GENERAL', '0.00', 'ANY', '158-05-0014', 'BARCELONA', 'RPT_BASICINT_PRIOR_BRGY_SHARE', '0', '0', '0');
INSERT INTO `itemaccount` (`objid`, `state`, `code`, `title`, `description`, `type`, `fund_objid`, `fund_code`, `fund_title`, `defaultvalue`, `valuetype`, `org_objid`, `org_name`, `parentid`, `generic`, `sortorder`, `hidefromlookup`) VALUES ('RPT_BASICINT_PRIOR_BRGY_SHARE:158-05-0016', 'ACTIVE', '-', 'BURGOS RPT BASIC PENALTY PRIOR BARANGAY SHARE', 'BURGOS RPT BASIC PENALTY PRIOR BARANGAY SHARE', 'PAYABLE', 'GENERAL', '01', 'GENERAL', '0.00', 'ANY', '158-05-0016', 'BURGOS', 'RPT_BASICINT_PRIOR_BRGY_SHARE', '0', '0', '0');
INSERT INTO `itemaccount` (`objid`, `state`, `code`, `title`, `description`, `type`, `fund_objid`, `fund_code`, `fund_title`, `defaultvalue`, `valuetype`, `org_objid`, `org_name`, `parentid`, `generic`, `sortorder`, `hidefromlookup`) VALUES ('RPT_BASICINT_PRIOR_BRGY_SHARE:158-05-0021', 'ACTIVE', '-', 'DIWA-AN RPT BASIC PENALTY PRIOR BARANGAY SHARE', 'DIWA-AN RPT BASIC PENALTY PRIOR BARANGAY SHARE', 'PAYABLE', 'GENERAL', '01', 'GENERAL', '0.00', 'ANY', '158-05-0021', 'DIWA-AN', 'RPT_BASICINT_PRIOR_BRGY_SHARE', '0', '0', '0');
INSERT INTO `itemaccount` (`objid`, `state`, `code`, `title`, `description`, `type`, `fund_objid`, `fund_code`, `fund_title`, `defaultvalue`, `valuetype`, `org_objid`, `org_name`, `parentid`, `generic`, `sortorder`, `hidefromlookup`) VALUES ('RPT_BASICINT_PRIOR_BRGY_SHARE:158-05-0023', 'ACTIVE', '-', 'HILLTOP RPT BASIC PENALTY PRIOR BARANGAY SHARE', 'HILLTOP RPT BASIC PENALTY PRIOR BARANGAY SHARE', 'PAYABLE', 'GENERAL', '01', 'GENERAL', '0.00', 'ANY', '158-05-0023', 'HILLTOP', 'RPT_BASICINT_PRIOR_BRGY_SHARE', '0', '0', '0');
INSERT INTO `itemaccount` (`objid`, `state`, `code`, `title`, `description`, `type`, `fund_objid`, `fund_code`, `fund_title`, `defaultvalue`, `valuetype`, `org_objid`, `org_name`, `parentid`, `generic`, `sortorder`, `hidefromlookup`) VALUES ('RPT_BASICINT_PRIOR_BRGY_SHARE:158-05-0024', 'ACTIVE', '-', 'ILAYA RPT BASIC PENALTY PRIOR BARANGAY SHARE', 'ILAYA RPT BASIC PENALTY PRIOR BARANGAY SHARE', 'PAYABLE', 'GENERAL', '01', 'GENERAL', '0.00', 'ANY', '158-05-0024', 'ILAYA', 'RPT_BASICINT_PRIOR_BRGY_SHARE', '0', '0', '0');
INSERT INTO `itemaccount` (`objid`, `state`, `code`, `title`, `description`, `type`, `fund_objid`, `fund_code`, `fund_title`, `defaultvalue`, `valuetype`, `org_objid`, `org_name`, `parentid`, `generic`, `sortorder`, `hidefromlookup`) VALUES ('RPT_BASICINT_PRIOR_BRGY_SHARE:158-05-0035', 'ACTIVE', '-', 'OYAN RPT BASIC PENALTY PRIOR BARANGAY SHARE', 'OYAN RPT BASIC PENALTY PRIOR BARANGAY SHARE', 'PAYABLE', 'GENERAL', '01', 'GENERAL', '0.00', 'ANY', '158-05-0035', 'OYAN', 'RPT_BASICINT_PRIOR_BRGY_SHARE', '0', '0', '0');
INSERT INTO `itemaccount` (`objid`, `state`, `code`, `title`, `description`, `type`, `fund_objid`, `fund_code`, `fund_title`, `defaultvalue`, `valuetype`, `org_objid`, `org_name`, `parentid`, `generic`, `sortorder`, `hidefromlookup`) VALUES ('RPT_BASICINT_PRIOR_BRGY_SHARE:158-05-0039', 'ACTIVE', '-', 'SAN NICOLAS RPT BASIC PENALTY PRIOR BARANGAY SHARE', 'SAN NICOLAS RPT BASIC PENALTY PRIOR BARANGAY SHARE', 'PAYABLE', 'GENERAL', '01', 'GENERAL', '0.00', 'ANY', '158-05-0039', 'SAN NICOLAS', 'RPT_BASICINT_PRIOR_BRGY_SHARE', '0', '0', '0');
INSERT INTO `itemaccount` (`objid`, `state`, `code`, `title`, `description`, `type`, `fund_objid`, `fund_code`, `fund_title`, `defaultvalue`, `valuetype`, `org_objid`, `org_name`, `parentid`, `generic`, `sortorder`, `hidefromlookup`) VALUES ('RPT_BASICINT_PRIOR_BRGY_SHARE:158-05-0050', 'ACTIVE', '-', 'TAMION RPT BASIC PENALTY PRIOR BARANGAY SHARE', 'TAMION RPT BASIC PENALTY PRIOR BARANGAY SHARE', 'PAYABLE', 'GENERAL', '01', 'GENERAL', '0.00', 'ANY', '158-05-0050', 'TAMION', 'RPT_BASICINT_PRIOR_BRGY_SHARE', '0', '0', '0');
INSERT INTO `itemaccount` (`objid`, `state`, `code`, `title`, `description`, `type`, `fund_objid`, `fund_code`, `fund_title`, `defaultvalue`, `valuetype`, `org_objid`, `org_name`, `parentid`, `generic`, `sortorder`, `hidefromlookup`) VALUES ('RPT_BASICINT_PRIOR_BRGY_SHARE:158-06-0011', 'ACTIVE', '-', 'ASENIERO RPT BASIC PENALTY PRIOR BARANGAY SHARE', 'ASENIERO RPT BASIC PENALTY PRIOR BARANGAY SHARE', 'PAYABLE', 'GENERAL', '01', 'GENERAL', '0.00', 'ANY', '158-06-0011', 'ASENIERO', 'RPT_BASICINT_PRIOR_BRGY_SHARE', '0', '0', '0');
INSERT INTO `itemaccount` (`objid`, `state`, `code`, `title`, `description`, `type`, `fund_objid`, `fund_code`, `fund_title`, `defaultvalue`, `valuetype`, `org_objid`, `org_name`, `parentid`, `generic`, `sortorder`, `hidefromlookup`) VALUES ('RPT_BASICINT_PRIOR_BRGY_SHARE:158-06-0012', 'ACTIVE', '-', 'BA-AO RPT BASIC PENALTY PRIOR BARANGAY SHARE', 'BA-AO RPT BASIC PENALTY PRIOR BARANGAY SHARE', 'PAYABLE', 'GENERAL', '01', 'GENERAL', '0.00', 'ANY', '158-06-0012', 'BA-AO', 'RPT_BASICINT_PRIOR_BRGY_SHARE', '0', '0', '0');
INSERT INTO `itemaccount` (`objid`, `state`, `code`, `title`, `description`, `type`, `fund_objid`, `fund_code`, `fund_title`, `defaultvalue`, `valuetype`, `org_objid`, `org_name`, `parentid`, `generic`, `sortorder`, `hidefromlookup`) VALUES ('RPT_BASICINT_PRIOR_BRGY_SHARE:158-06-0019', 'ACTIVE', '-', 'DAMPALAN RPT BASIC PENALTY PRIOR BARANGAY SHARE', 'DAMPALAN RPT BASIC PENALTY PRIOR BARANGAY SHARE', 'PAYABLE', 'GENERAL', '01', 'GENERAL', '0.00', 'ANY', '158-06-0019', 'DAMPALAN', 'RPT_BASICINT_PRIOR_BRGY_SHARE', '0', '0', '0');
INSERT INTO `itemaccount` (`objid`, `state`, `code`, `title`, `description`, `type`, `fund_objid`, `fund_code`, `fund_title`, `defaultvalue`, `valuetype`, `org_objid`, `org_name`, `parentid`, `generic`, `sortorder`, `hidefromlookup`) VALUES ('RPT_BASICINT_PRIOR_BRGY_SHARE:158-06-0030', 'ACTIVE', '-', 'MASIDLAKON RPT BASIC PENALTY PRIOR BARANGAY SHARE', 'MASIDLAKON RPT BASIC PENALTY PRIOR BARANGAY SHARE', 'PAYABLE', 'GENERAL', '01', 'GENERAL', '0.00', 'ANY', '158-06-0030', 'MASIDLAKON', 'RPT_BASICINT_PRIOR_BRGY_SHARE', '0', '0', '0');
INSERT INTO `itemaccount` (`objid`, `state`, `code`, `title`, `description`, `type`, `fund_objid`, `fund_code`, `fund_title`, `defaultvalue`, `valuetype`, `org_objid`, `org_name`, `parentid`, `generic`, `sortorder`, `hidefromlookup`) VALUES ('RPT_BASICINT_PRIOR_BRGY_SHARE:158-06-0032', 'ACTIVE', '-', 'OPAO RPT BASIC PENALTY PRIOR BARANGAY SHARE', 'OPAO RPT BASIC PENALTY PRIOR BARANGAY SHARE', 'PAYABLE', 'GENERAL', '01', 'GENERAL', '0.00', 'ANY', '158-06-0032', 'OPAO', 'RPT_BASICINT_PRIOR_BRGY_SHARE', '0', '0', '0');
INSERT INTO `itemaccount` (`objid`, `state`, `code`, `title`, `description`, `type`, `fund_objid`, `fund_code`, `fund_title`, `defaultvalue`, `valuetype`, `org_objid`, `org_name`, `parentid`, `generic`, `sortorder`, `hidefromlookup`) VALUES ('RPT_BASICINT_PRIOR_BRGY_SHARE:158-06-0037', 'ACTIVE', '-', 'POTUNGAN RPT BASIC PENALTY PRIOR BARANGAY SHARE', 'POTUNGAN RPT BASIC PENALTY PRIOR BARANGAY SHARE', 'PAYABLE', 'GENERAL', '01', 'GENERAL', '0.00', 'ANY', '158-06-0037', 'POTUNGAN', 'RPT_BASICINT_PRIOR_BRGY_SHARE', '0', '0', '0');
INSERT INTO `itemaccount` (`objid`, `state`, `code`, `title`, `description`, `type`, `fund_objid`, `fund_code`, `fund_title`, `defaultvalue`, `valuetype`, `org_objid`, `org_name`, `parentid`, `generic`, `sortorder`, `hidefromlookup`) VALUES ('RPT_BASICINT_PRIOR_BRGY_SHARE:158-06-0038', 'ACTIVE', '-', 'SAN FRANCISCO RPT BASIC PENALTY PRIOR BARANGAY SHARE', 'SAN FRANCISCO RPT BASIC PENALTY PRIOR BARANGAY SHARE', 'PAYABLE', 'GENERAL', '01', 'GENERAL', '0.00', 'ANY', '158-06-0038', 'SAN FRANCISCO', 'RPT_BASICINT_PRIOR_BRGY_SHARE', '0', '0', '0');
INSERT INTO `itemaccount` (`objid`, `state`, `code`, `title`, `description`, `type`, `fund_objid`, `fund_code`, `fund_title`, `defaultvalue`, `valuetype`, `org_objid`, `org_name`, `parentid`, `generic`, `sortorder`, `hidefromlookup`) VALUES ('RPT_BASICINT_PRIOR_BRGY_SHARE:158-06-0044', 'ACTIVE', '-', 'SIGAYAN RPT BASIC PENALTY PRIOR BARANGAY SHARE', 'SIGAYAN RPT BASIC PENALTY PRIOR BARANGAY SHARE', 'PAYABLE', 'GENERAL', '01', 'GENERAL', '0.00', 'ANY', '158-06-0044', 'SIGAYAN', 'RPT_BASICINT_PRIOR_BRGY_SHARE', '0', '0', '0');
INSERT INTO `itemaccount` (`objid`, `state`, `code`, `title`, `description`, `type`, `fund_objid`, `fund_code`, `fund_title`, `defaultvalue`, `valuetype`, `org_objid`, `org_name`, `parentid`, `generic`, `sortorder`, `hidefromlookup`) VALUES ('RPT_BASIC_ADVANCE', 'ACTIVE', '588-007', 'RPT BASIC ADVANCE', 'RPT BASIC ADVANCE', 'REVENUE', 'GENERAL', '01', 'GENERAL', '0.00', 'ANY', NULL, NULL, NULL, '0', '0', '0');
INSERT INTO `itemaccount` (`objid`, `state`, `code`, `title`, `description`, `type`, `fund_objid`, `fund_code`, `fund_title`, `defaultvalue`, `valuetype`, `org_objid`, `org_name`, `parentid`, `generic`, `sortorder`, `hidefromlookup`) VALUES ('RPT_BASIC_ADVANCE:158', 'ACTIVE', '-', 'DAPITAN CITY RPT BASIC ADVANCE', 'DAPITAN CITY RPT BASIC ADVANCE', 'REVENUE', 'GENERAL', '01', 'GENERAL', '0.00', 'ANY', '158', 'DAPITAN CITY', 'RPT_BASIC_ADVANCE', '0', '0', '0');
INSERT INTO `itemaccount` (`objid`, `state`, `code`, `title`, `description`, `type`, `fund_objid`, `fund_code`, `fund_title`, `defaultvalue`, `valuetype`, `org_objid`, `org_name`, `parentid`, `generic`, `sortorder`, `hidefromlookup`) VALUES ('RPT_BASIC_ADVANCE_BRGY_SHARE', 'ACTIVE', '455-049', 'RPT BASIC ADVANCE BARANGAY SHARE', 'RPT BASIC ADVANCE BARANGAY SHARE', 'PAYABLE', 'GENERAL', '01', 'GENERAL', '0.00', 'ANY', NULL, NULL, NULL, '0', '0', '0');
INSERT INTO `itemaccount` (`objid`, `state`, `code`, `title`, `description`, `type`, `fund_objid`, `fund_code`, `fund_title`, `defaultvalue`, `valuetype`, `org_objid`, `org_name`, `parentid`, `generic`, `sortorder`, `hidefromlookup`) VALUES ('RPT_BASIC_ADVANCE_BRGY_SHARE:158-01-0001', 'ACTIVE', '-', 'POBLACION RPT BASIC ADVANCE BARANGAY SHARE', 'POBLACION RPT BASIC ADVANCE BARANGAY SHARE', 'PAYABLE', 'GENERAL', '01', 'GENERAL', '0.00', 'ANY', '158-01-0001', 'POBLACION', 'RPT_BASIC_ADVANCE_BRGY_SHARE', '0', '0', '0');
INSERT INTO `itemaccount` (`objid`, `state`, `code`, `title`, `description`, `type`, `fund_objid`, `fund_code`, `fund_title`, `defaultvalue`, `valuetype`, `org_objid`, `org_name`, `parentid`, `generic`, `sortorder`, `hidefromlookup`) VALUES ('RPT_BASIC_ADVANCE_BRGY_SHARE:158-01-0009', 'ACTIVE', '-', 'ALIGUAY RPT BASIC ADVANCE BARANGAY SHARE', 'ALIGUAY RPT BASIC ADVANCE BARANGAY SHARE', 'PAYABLE', 'GENERAL', '01', 'GENERAL', '0.00', 'ANY', '158-01-0009', 'ALIGUAY', 'RPT_BASIC_ADVANCE_BRGY_SHARE', '0', '0', '0');
INSERT INTO `itemaccount` (`objid`, `state`, `code`, `title`, `description`, `type`, `fund_objid`, `fund_code`, `fund_title`, `defaultvalue`, `valuetype`, `org_objid`, `org_name`, `parentid`, `generic`, `sortorder`, `hidefromlookup`) VALUES ('RPT_BASIC_ADVANCE_BRGY_SHARE:158-01-0013', 'ACTIVE', '-', 'BANBANAN RPT BASIC ADVANCE BARANGAY SHARE', 'BANBANAN RPT BASIC ADVANCE BARANGAY SHARE', 'PAYABLE', 'GENERAL', '01', 'GENERAL', '0.00', 'ANY', '158-01-0013', 'BANBANAN', 'RPT_BASIC_ADVANCE_BRGY_SHARE', '0', '0', '0');
INSERT INTO `itemaccount` (`objid`, `state`, `code`, `title`, `description`, `type`, `fund_objid`, `fund_code`, `fund_title`, `defaultvalue`, `valuetype`, `org_objid`, `org_name`, `parentid`, `generic`, `sortorder`, `hidefromlookup`) VALUES ('RPT_BASIC_ADVANCE_BRGY_SHARE:158-01-0017', 'ACTIVE', '-', 'CANLUCANI RPT BASIC ADVANCE BARANGAY SHARE', 'CANLUCANI RPT BASIC ADVANCE BARANGAY SHARE', 'PAYABLE', 'GENERAL', '01', 'GENERAL', '0.00', 'ANY', '158-01-0017', 'CANLUCANI', 'RPT_BASIC_ADVANCE_BRGY_SHARE', '0', '0', '0');
INSERT INTO `itemaccount` (`objid`, `state`, `code`, `title`, `description`, `type`, `fund_objid`, `fund_code`, `fund_title`, `defaultvalue`, `valuetype`, `org_objid`, `org_name`, `parentid`, `generic`, `sortorder`, `hidefromlookup`) VALUES ('RPT_BASIC_ADVANCE_BRGY_SHARE:158-01-0018', 'ACTIVE', '-', 'CARANG RPT BASIC ADVANCE BARANGAY SHARE', 'CARANG RPT BASIC ADVANCE BARANGAY SHARE', 'PAYABLE', 'GENERAL', '01', 'GENERAL', '0.00', 'ANY', '158-01-0018', 'CARANG', 'RPT_BASIC_ADVANCE_BRGY_SHARE', '0', '0', '0');
INSERT INTO `itemaccount` (`objid`, `state`, `code`, `title`, `description`, `type`, `fund_objid`, `fund_code`, `fund_title`, `defaultvalue`, `valuetype`, `org_objid`, `org_name`, `parentid`, `generic`, `sortorder`, `hidefromlookup`) VALUES ('RPT_BASIC_ADVANCE_BRGY_SHARE:158-01-0022', 'ACTIVE', '-', 'GUIMPUTLAN RPT BASIC ADVANCE BARANGAY SHARE', 'GUIMPUTLAN RPT BASIC ADVANCE BARANGAY SHARE', 'PAYABLE', 'GENERAL', '01', 'GENERAL', '0.00', 'ANY', '158-01-0022', 'GUIMPUTLAN', 'RPT_BASIC_ADVANCE_BRGY_SHARE', '0', '0', '0');
INSERT INTO `itemaccount` (`objid`, `state`, `code`, `title`, `description`, `type`, `fund_objid`, `fund_code`, `fund_title`, `defaultvalue`, `valuetype`, `org_objid`, `org_name`, `parentid`, `generic`, `sortorder`, `hidefromlookup`) VALUES ('RPT_BASIC_ADVANCE_BRGY_SHARE:158-01-0042', 'ACTIVE', '-', 'SANTO NINO RPT BASIC ADVANCE BARANGAY SHARE', 'SANTO NINO RPT BASIC ADVANCE BARANGAY SHARE', 'PAYABLE', 'GENERAL', '01', 'GENERAL', '0.00', 'ANY', '158-01-0042', 'SANTO NINO', 'RPT_BASIC_ADVANCE_BRGY_SHARE', '0', '0', '0');
INSERT INTO `itemaccount` (`objid`, `state`, `code`, `title`, `description`, `type`, `fund_objid`, `fund_code`, `fund_title`, `defaultvalue`, `valuetype`, `org_objid`, `org_name`, `parentid`, `generic`, `sortorder`, `hidefromlookup`) VALUES ('RPT_BASIC_ADVANCE_BRGY_SHARE:158-01-0045', 'ACTIVE', '-', 'SELINOG RPT BASIC ADVANCE BARANGAY SHARE', 'SELINOG RPT BASIC ADVANCE BARANGAY SHARE', 'PAYABLE', 'GENERAL', '01', 'GENERAL', '0.00', 'ANY', '158-01-0045', 'SELINOG', 'RPT_BASIC_ADVANCE_BRGY_SHARE', '0', '0', '0');
INSERT INTO `itemaccount` (`objid`, `state`, `code`, `title`, `description`, `type`, `fund_objid`, `fund_code`, `fund_title`, `defaultvalue`, `valuetype`, `org_objid`, `org_name`, `parentid`, `generic`, `sortorder`, `hidefromlookup`) VALUES ('RPT_BASIC_ADVANCE_BRGY_SHARE:158-01-0048', 'ACTIVE', '-', 'TAG-ULO RPT BASIC ADVANCE BARANGAY SHARE', 'TAG-ULO RPT BASIC ADVANCE BARANGAY SHARE', 'PAYABLE', 'GENERAL', '01', 'GENERAL', '0.00', 'ANY', '158-01-0048', 'TAG-ULO', 'RPT_BASIC_ADVANCE_BRGY_SHARE', '0', '0', '0');
INSERT INTO `itemaccount` (`objid`, `state`, `code`, `title`, `description`, `type`, `fund_objid`, `fund_code`, `fund_title`, `defaultvalue`, `valuetype`, `org_objid`, `org_name`, `parentid`, `generic`, `sortorder`, `hidefromlookup`) VALUES ('RPT_BASIC_ADVANCE_BRGY_SHARE:158-01-0049', 'ACTIVE', '-', 'TAGUILON RPT BASIC ADVANCE BARANGAY SHARE', 'TAGUILON RPT BASIC ADVANCE BARANGAY SHARE', 'PAYABLE', 'GENERAL', '01', 'GENERAL', '0.00', 'ANY', '158-01-0049', 'TAGUILON', 'RPT_BASIC_ADVANCE_BRGY_SHARE', '0', '0', '0');
INSERT INTO `itemaccount` (`objid`, `state`, `code`, `title`, `description`, `type`, `fund_objid`, `fund_code`, `fund_title`, `defaultvalue`, `valuetype`, `org_objid`, `org_name`, `parentid`, `generic`, `sortorder`, `hidefromlookup`) VALUES ('RPT_BASIC_ADVANCE_BRGY_SHARE:158-02-0015', 'ACTIVE', '-', 'BAYLIMANGO RPT BASIC ADVANCE BARANGAY SHARE', 'BAYLIMANGO RPT BASIC ADVANCE BARANGAY SHARE', 'PAYABLE', 'GENERAL', '01', 'GENERAL', '0.00', 'ANY', '158-02-0015', 'BAYLIMANGO', 'RPT_BASIC_ADVANCE_BRGY_SHARE', '0', '0', '0');
INSERT INTO `itemaccount` (`objid`, `state`, `code`, `title`, `description`, `type`, `fund_objid`, `fund_code`, `fund_title`, `defaultvalue`, `valuetype`, `org_objid`, `org_name`, `parentid`, `generic`, `sortorder`, `hidefromlookup`) VALUES ('RPT_BASIC_ADVANCE_BRGY_SHARE:158-02-0020', 'ACTIVE', '-', 'DARO RPT BASIC ADVANCE BARANGAY SHARE', 'DARO RPT BASIC ADVANCE BARANGAY SHARE', 'PAYABLE', 'GENERAL', '01', 'GENERAL', '0.00', 'ANY', '158-02-0020', 'DARO', 'RPT_BASIC_ADVANCE_BRGY_SHARE', '0', '0', '0');
INSERT INTO `itemaccount` (`objid`, `state`, `code`, `title`, `description`, `type`, `fund_objid`, `fund_code`, `fund_title`, `defaultvalue`, `valuetype`, `org_objid`, `org_name`, `parentid`, `generic`, `sortorder`, `hidefromlookup`) VALUES ('RPT_BASIC_ADVANCE_BRGY_SHARE:158-02-0025', 'ACTIVE', '-', 'KAUSWAGAN RPT BASIC ADVANCE BARANGAY SHARE', 'KAUSWAGAN RPT BASIC ADVANCE BARANGAY SHARE', 'PAYABLE', 'GENERAL', '01', 'GENERAL', '0.00', 'ANY', '158-02-0025', 'KAUSWAGAN', 'RPT_BASIC_ADVANCE_BRGY_SHARE', '0', '0', '0');
INSERT INTO `itemaccount` (`objid`, `state`, `code`, `title`, `description`, `type`, `fund_objid`, `fund_code`, `fund_title`, `defaultvalue`, `valuetype`, `org_objid`, `org_name`, `parentid`, `generic`, `sortorder`, `hidefromlookup`) VALUES ('RPT_BASIC_ADVANCE_BRGY_SHARE:158-02-0028', 'ACTIVE', '-', 'MARIA CRISTINA RPT BASIC ADVANCE BARANGAY SHARE', 'MARIA CRISTINA RPT BASIC ADVANCE BARANGAY SHARE', 'PAYABLE', 'GENERAL', '01', 'GENERAL', '0.00', 'ANY', '158-02-0028', 'MARIA CRISTINA', 'RPT_BASIC_ADVANCE_BRGY_SHARE', '0', '0', '0');
INSERT INTO `itemaccount` (`objid`, `state`, `code`, `title`, `description`, `type`, `fund_objid`, `fund_code`, `fund_title`, `defaultvalue`, `valuetype`, `org_objid`, `org_name`, `parentid`, `generic`, `sortorder`, `hidefromlookup`) VALUES ('RPT_BASIC_ADVANCE_BRGY_SHARE:158-02-0029', 'ACTIVE', '-', 'MARIA URAY RPT BASIC ADVANCE BARANGAY SHARE', 'MARIA URAY RPT BASIC ADVANCE BARANGAY SHARE', 'PAYABLE', 'GENERAL', '01', 'GENERAL', '0.00', 'ANY', '158-02-0029', 'MARIA URAY', 'RPT_BASIC_ADVANCE_BRGY_SHARE', '0', '0', '0');
INSERT INTO `itemaccount` (`objid`, `state`, `code`, `title`, `description`, `type`, `fund_objid`, `fund_code`, `fund_title`, `defaultvalue`, `valuetype`, `org_objid`, `org_name`, `parentid`, `generic`, `sortorder`, `hidefromlookup`) VALUES ('RPT_BASIC_ADVANCE_BRGY_SHARE:158-02-0031', 'ACTIVE', '-', 'NAPO RPT BASIC ADVANCE BARANGAY SHARE', 'NAPO RPT BASIC ADVANCE BARANGAY SHARE', 'PAYABLE', 'GENERAL', '01', 'GENERAL', '0.00', 'ANY', '158-02-0031', 'NAPO', 'RPT_BASIC_ADVANCE_BRGY_SHARE', '0', '0', '0');
INSERT INTO `itemaccount` (`objid`, `state`, `code`, `title`, `description`, `type`, `fund_objid`, `fund_code`, `fund_title`, `defaultvalue`, `valuetype`, `org_objid`, `org_name`, `parentid`, `generic`, `sortorder`, `hidefromlookup`) VALUES ('RPT_BASIC_ADVANCE_BRGY_SHARE:158-02-0033', 'ACTIVE', '-', 'ORO RPT BASIC ADVANCE BARANGAY SHARE', 'ORO RPT BASIC ADVANCE BARANGAY SHARE', 'PAYABLE', 'GENERAL', '01', 'GENERAL', '0.00', 'ANY', '158-02-0033', 'ORO', 'RPT_BASIC_ADVANCE_BRGY_SHARE', '0', '0', '0');
INSERT INTO `itemaccount` (`objid`, `state`, `code`, `title`, `description`, `type`, `fund_objid`, `fund_code`, `fund_title`, `defaultvalue`, `valuetype`, `org_objid`, `org_name`, `parentid`, `generic`, `sortorder`, `hidefromlookup`) VALUES ('RPT_BASIC_ADVANCE_BRGY_SHARE:158-02-0046', 'ACTIVE', '-', 'SINONOC RPT BASIC ADVANCE BARANGAY SHARE', 'SINONOC RPT BASIC ADVANCE BARANGAY SHARE', 'PAYABLE', 'GENERAL', '01', 'GENERAL', '0.00', 'ANY', '158-02-0046', 'SINONOC', 'RPT_BASIC_ADVANCE_BRGY_SHARE', '0', '0', '0');
INSERT INTO `itemaccount` (`objid`, `state`, `code`, `title`, `description`, `type`, `fund_objid`, `fund_code`, `fund_title`, `defaultvalue`, `valuetype`, `org_objid`, `org_name`, `parentid`, `generic`, `sortorder`, `hidefromlookup`) VALUES ('RPT_BASIC_ADVANCE_BRGY_SHARE:158-03-0001', 'ACTIVE', '-', 'DAWO RPT BASIC ADVANCE BARANGAY SHARE', 'DAWO RPT BASIC ADVANCE BARANGAY SHARE', 'PAYABLE', 'GENERAL', '01', 'GENERAL', '0.00', 'ANY', '158-03-0001', 'DAWO', 'RPT_BASIC_ADVANCE_BRGY_SHARE', '0', '0', '0');
INSERT INTO `itemaccount` (`objid`, `state`, `code`, `title`, `description`, `type`, `fund_objid`, `fund_code`, `fund_title`, `defaultvalue`, `valuetype`, `org_objid`, `org_name`, `parentid`, `generic`, `sortorder`, `hidefromlookup`) VALUES ('RPT_BASIC_ADVANCE_BRGY_SHARE:158-03-0002', 'ACTIVE', '-', 'BAGTING RPT BASIC ADVANCE BARANGAY SHARE', 'BAGTING RPT BASIC ADVANCE BARANGAY SHARE', 'PAYABLE', 'GENERAL', '01', 'GENERAL', '0.00', 'ANY', '158-03-0002', 'BAGTING', 'RPT_BASIC_ADVANCE_BRGY_SHARE', '0', '0', '0');
INSERT INTO `itemaccount` (`objid`, `state`, `code`, `title`, `description`, `type`, `fund_objid`, `fund_code`, `fund_title`, `defaultvalue`, `valuetype`, `org_objid`, `org_name`, `parentid`, `generic`, `sortorder`, `hidefromlookup`) VALUES ('RPT_BASIC_ADVANCE_BRGY_SHARE:158-03-0003', 'ACTIVE', '-', 'BANONONG RPT BASIC ADVANCE BARANGAY SHARE', 'BANONONG RPT BASIC ADVANCE BARANGAY SHARE', 'PAYABLE', 'GENERAL', '01', 'GENERAL', '0.00', 'ANY', '158-03-0003', 'BANONONG', 'RPT_BASIC_ADVANCE_BRGY_SHARE', '0', '0', '0');
INSERT INTO `itemaccount` (`objid`, `state`, `code`, `title`, `description`, `type`, `fund_objid`, `fund_code`, `fund_title`, `defaultvalue`, `valuetype`, `org_objid`, `org_name`, `parentid`, `generic`, `sortorder`, `hidefromlookup`) VALUES ('RPT_BASIC_ADVANCE_BRGY_SHARE:158-03-0004', 'ACTIVE', '-', 'CAWA-CAWA RPT BASIC ADVANCE BARANGAY SHARE', 'CAWA-CAWA RPT BASIC ADVANCE BARANGAY SHARE', 'PAYABLE', 'GENERAL', '01', 'GENERAL', '0.00', 'ANY', '158-03-0004', 'CAWA-CAWA', 'RPT_BASIC_ADVANCE_BRGY_SHARE', '0', '0', '0');
INSERT INTO `itemaccount` (`objid`, `state`, `code`, `title`, `description`, `type`, `fund_objid`, `fund_code`, `fund_title`, `defaultvalue`, `valuetype`, `org_objid`, `org_name`, `parentid`, `generic`, `sortorder`, `hidefromlookup`) VALUES ('RPT_BASIC_ADVANCE_BRGY_SHARE:158-03-0005', 'ACTIVE', '-', 'LINABO RPT BASIC ADVANCE BARANGAY SHARE', 'LINABO RPT BASIC ADVANCE BARANGAY SHARE', 'PAYABLE', 'GENERAL', '01', 'GENERAL', '0.00', 'ANY', '158-03-0005', 'LINABO', 'RPT_BASIC_ADVANCE_BRGY_SHARE', '0', '0', '0');
INSERT INTO `itemaccount` (`objid`, `state`, `code`, `title`, `description`, `type`, `fund_objid`, `fund_code`, `fund_title`, `defaultvalue`, `valuetype`, `org_objid`, `org_name`, `parentid`, `generic`, `sortorder`, `hidefromlookup`) VALUES ('RPT_BASIC_ADVANCE_BRGY_SHARE:158-03-0006', 'ACTIVE', '-', 'POTOL RPT BASIC ADVANCE BARANGAY SHARE', 'POTOL RPT BASIC ADVANCE BARANGAY SHARE', 'PAYABLE', 'GENERAL', '01', 'GENERAL', '0.00', 'ANY', '158-03-0006', 'POTOL', 'RPT_BASIC_ADVANCE_BRGY_SHARE', '0', '0', '0');
INSERT INTO `itemaccount` (`objid`, `state`, `code`, `title`, `description`, `type`, `fund_objid`, `fund_code`, `fund_title`, `defaultvalue`, `valuetype`, `org_objid`, `org_name`, `parentid`, `generic`, `sortorder`, `hidefromlookup`) VALUES ('RPT_BASIC_ADVANCE_BRGY_SHARE:158-03-0007', 'ACTIVE', '-', 'SANTA CRUZ RPT BASIC ADVANCE BARANGAY SHARE', 'SANTA CRUZ RPT BASIC ADVANCE BARANGAY SHARE', 'PAYABLE', 'GENERAL', '01', 'GENERAL', '0.00', 'ANY', '158-03-0007', 'SANTA CRUZ', 'RPT_BASIC_ADVANCE_BRGY_SHARE', '0', '0', '0');
INSERT INTO `itemaccount` (`objid`, `state`, `code`, `title`, `description`, `type`, `fund_objid`, `fund_code`, `fund_title`, `defaultvalue`, `valuetype`, `org_objid`, `org_name`, `parentid`, `generic`, `sortorder`, `hidefromlookup`) VALUES ('RPT_BASIC_ADVANCE_BRGY_SHARE:158-03-0008', 'ACTIVE', '-', 'TALISAY RPT BASIC ADVANCE BARANGAY SHARE', 'TALISAY RPT BASIC ADVANCE BARANGAY SHARE', 'PAYABLE', 'GENERAL', '01', 'GENERAL', '0.00', 'ANY', '158-03-0008', 'TALISAY', 'RPT_BASIC_ADVANCE_BRGY_SHARE', '0', '0', '0');
INSERT INTO `itemaccount` (`objid`, `state`, `code`, `title`, `description`, `type`, `fund_objid`, `fund_code`, `fund_title`, `defaultvalue`, `valuetype`, `org_objid`, `org_name`, `parentid`, `generic`, `sortorder`, `hidefromlookup`) VALUES ('RPT_BASIC_ADVANCE_BRGY_SHARE:158-04-0010', 'ACTIVE', '-', 'ANTIPOLO RPT BASIC ADVANCE BARANGAY SHARE', 'ANTIPOLO RPT BASIC ADVANCE BARANGAY SHARE', 'PAYABLE', 'GENERAL', '01', 'GENERAL', '0.00', 'ANY', '158-04-0010', 'ANTIPOLO', 'RPT_BASIC_ADVANCE_BRGY_SHARE', '0', '0', '0');
INSERT INTO `itemaccount` (`objid`, `state`, `code`, `title`, `description`, `type`, `fund_objid`, `fund_code`, `fund_title`, `defaultvalue`, `valuetype`, `org_objid`, `org_name`, `parentid`, `generic`, `sortorder`, `hidefromlookup`) VALUES ('RPT_BASIC_ADVANCE_BRGY_SHARE:158-04-0014', 'ACTIVE', '-', 'SAN VICENTE RPT BASIC ADVANCE BARANGAY SHARE', 'SAN VICENTE RPT BASIC ADVANCE BARANGAY SHARE', 'PAYABLE', 'GENERAL', '01', 'GENERAL', '0.00', 'ANY', '158-04-0014', 'SAN VICENTE', 'RPT_BASIC_ADVANCE_BRGY_SHARE', '0', '0', '0');
INSERT INTO `itemaccount` (`objid`, `state`, `code`, `title`, `description`, `type`, `fund_objid`, `fund_code`, `fund_title`, `defaultvalue`, `valuetype`, `org_objid`, `org_name`, `parentid`, `generic`, `sortorder`, `hidefromlookup`) VALUES ('RPT_BASIC_ADVANCE_BRGY_SHARE:158-04-0026', 'ACTIVE', '-', 'LARAYAN RPT BASIC ADVANCE BARANGAY SHARE', 'LARAYAN RPT BASIC ADVANCE BARANGAY SHARE', 'PAYABLE', 'GENERAL', '01', 'GENERAL', '0.00', 'ANY', '158-04-0026', 'LARAYAN', 'RPT_BASIC_ADVANCE_BRGY_SHARE', '0', '0', '0');
INSERT INTO `itemaccount` (`objid`, `state`, `code`, `title`, `description`, `type`, `fund_objid`, `fund_code`, `fund_title`, `defaultvalue`, `valuetype`, `org_objid`, `org_name`, `parentid`, `generic`, `sortorder`, `hidefromlookup`) VALUES ('RPT_BASIC_ADVANCE_BRGY_SHARE:158-04-0027', 'ACTIVE', '-', 'LIYANG RPT BASIC ADVANCE BARANGAY SHARE', 'LIYANG RPT BASIC ADVANCE BARANGAY SHARE', 'PAYABLE', 'GENERAL', '01', 'GENERAL', '0.00', 'ANY', '158-04-0027', 'LIYANG', 'RPT_BASIC_ADVANCE_BRGY_SHARE', '0', '0', '0');
INSERT INTO `itemaccount` (`objid`, `state`, `code`, `title`, `description`, `type`, `fund_objid`, `fund_code`, `fund_title`, `defaultvalue`, `valuetype`, `org_objid`, `org_name`, `parentid`, `generic`, `sortorder`, `hidefromlookup`) VALUES ('RPT_BASIC_ADVANCE_BRGY_SHARE:158-04-0034', 'ACTIVE', '-', 'OWAON RPT BASIC ADVANCE BARANGAY SHARE', 'OWAON RPT BASIC ADVANCE BARANGAY SHARE', 'PAYABLE', 'GENERAL', '01', 'GENERAL', '0.00', 'ANY', '158-04-0034', 'OWAON', 'RPT_BASIC_ADVANCE_BRGY_SHARE', '0', '0', '0');
INSERT INTO `itemaccount` (`objid`, `state`, `code`, `title`, `description`, `type`, `fund_objid`, `fund_code`, `fund_title`, `defaultvalue`, `valuetype`, `org_objid`, `org_name`, `parentid`, `generic`, `sortorder`, `hidefromlookup`) VALUES ('RPT_BASIC_ADVANCE_BRGY_SHARE:158-04-0036', 'ACTIVE', '-', 'POLO RPT BASIC ADVANCE BARANGAY SHARE', 'POLO RPT BASIC ADVANCE BARANGAY SHARE', 'PAYABLE', 'GENERAL', '01', 'GENERAL', '0.00', 'ANY', '158-04-0036', 'POLO', 'RPT_BASIC_ADVANCE_BRGY_SHARE', '0', '0', '0');
INSERT INTO `itemaccount` (`objid`, `state`, `code`, `title`, `description`, `type`, `fund_objid`, `fund_code`, `fund_title`, `defaultvalue`, `valuetype`, `org_objid`, `org_name`, `parentid`, `generic`, `sortorder`, `hidefromlookup`) VALUES ('RPT_BASIC_ADVANCE_BRGY_SHARE:158-04-0040', 'ACTIVE', '-', 'SAN PEDRO RPT BASIC ADVANCE BARANGAY SHARE', 'SAN PEDRO RPT BASIC ADVANCE BARANGAY SHARE', 'PAYABLE', 'GENERAL', '01', 'GENERAL', '0.00', 'ANY', '158-04-0040', 'SAN PEDRO', 'RPT_BASIC_ADVANCE_BRGY_SHARE', '0', '0', '0');
INSERT INTO `itemaccount` (`objid`, `state`, `code`, `title`, `description`, `type`, `fund_objid`, `fund_code`, `fund_title`, `defaultvalue`, `valuetype`, `org_objid`, `org_name`, `parentid`, `generic`, `sortorder`, `hidefromlookup`) VALUES ('RPT_BASIC_ADVANCE_BRGY_SHARE:158-04-0043', 'ACTIVE', '-', 'SICAYAB BUCANA RPT BASIC ADVANCE BARANGAY SHARE', 'SICAYAB BUCANA RPT BASIC ADVANCE BARANGAY SHARE', 'PAYABLE', 'GENERAL', '01', 'GENERAL', '0.00', 'ANY', '158-04-0043', 'SICAYAB BUCANA', 'RPT_BASIC_ADVANCE_BRGY_SHARE', '0', '0', '0');
INSERT INTO `itemaccount` (`objid`, `state`, `code`, `title`, `description`, `type`, `fund_objid`, `fund_code`, `fund_title`, `defaultvalue`, `valuetype`, `org_objid`, `org_name`, `parentid`, `generic`, `sortorder`, `hidefromlookup`) VALUES ('RPT_BASIC_ADVANCE_BRGY_SHARE:158-04-0047', 'ACTIVE', '-', 'SULANGON RPT BASIC ADVANCE BARANGAY SHARE', 'SULANGON RPT BASIC ADVANCE BARANGAY SHARE', 'PAYABLE', 'GENERAL', '01', 'GENERAL', '0.00', 'ANY', '158-04-0047', 'SULANGON', 'RPT_BASIC_ADVANCE_BRGY_SHARE', '0', '0', '0');
INSERT INTO `itemaccount` (`objid`, `state`, `code`, `title`, `description`, `type`, `fund_objid`, `fund_code`, `fund_title`, `defaultvalue`, `valuetype`, `org_objid`, `org_name`, `parentid`, `generic`, `sortorder`, `hidefromlookup`) VALUES ('RPT_BASIC_ADVANCE_BRGY_SHARE:158-05-0014', 'ACTIVE', '-', 'BARCELONA RPT BASIC ADVANCE BARANGAY SHARE', 'BARCELONA RPT BASIC ADVANCE BARANGAY SHARE', 'PAYABLE', 'GENERAL', '01', 'GENERAL', '0.00', 'ANY', '158-05-0014', 'BARCELONA', 'RPT_BASIC_ADVANCE_BRGY_SHARE', '0', '0', '0');
INSERT INTO `itemaccount` (`objid`, `state`, `code`, `title`, `description`, `type`, `fund_objid`, `fund_code`, `fund_title`, `defaultvalue`, `valuetype`, `org_objid`, `org_name`, `parentid`, `generic`, `sortorder`, `hidefromlookup`) VALUES ('RPT_BASIC_ADVANCE_BRGY_SHARE:158-05-0016', 'ACTIVE', '-', 'BURGOS RPT BASIC ADVANCE BARANGAY SHARE', 'BURGOS RPT BASIC ADVANCE BARANGAY SHARE', 'PAYABLE', 'GENERAL', '01', 'GENERAL', '0.00', 'ANY', '158-05-0016', 'BURGOS', 'RPT_BASIC_ADVANCE_BRGY_SHARE', '0', '0', '0');
INSERT INTO `itemaccount` (`objid`, `state`, `code`, `title`, `description`, `type`, `fund_objid`, `fund_code`, `fund_title`, `defaultvalue`, `valuetype`, `org_objid`, `org_name`, `parentid`, `generic`, `sortorder`, `hidefromlookup`) VALUES ('RPT_BASIC_ADVANCE_BRGY_SHARE:158-05-0021', 'ACTIVE', '-', 'DIWA-AN RPT BASIC ADVANCE BARANGAY SHARE', 'DIWA-AN RPT BASIC ADVANCE BARANGAY SHARE', 'PAYABLE', 'GENERAL', '01', 'GENERAL', '0.00', 'ANY', '158-05-0021', 'DIWA-AN', 'RPT_BASIC_ADVANCE_BRGY_SHARE', '0', '0', '0');
INSERT INTO `itemaccount` (`objid`, `state`, `code`, `title`, `description`, `type`, `fund_objid`, `fund_code`, `fund_title`, `defaultvalue`, `valuetype`, `org_objid`, `org_name`, `parentid`, `generic`, `sortorder`, `hidefromlookup`) VALUES ('RPT_BASIC_ADVANCE_BRGY_SHARE:158-05-0023', 'ACTIVE', '-', 'HILLTOP RPT BASIC ADVANCE BARANGAY SHARE', 'HILLTOP RPT BASIC ADVANCE BARANGAY SHARE', 'PAYABLE', 'GENERAL', '01', 'GENERAL', '0.00', 'ANY', '158-05-0023', 'HILLTOP', 'RPT_BASIC_ADVANCE_BRGY_SHARE', '0', '0', '0');
INSERT INTO `itemaccount` (`objid`, `state`, `code`, `title`, `description`, `type`, `fund_objid`, `fund_code`, `fund_title`, `defaultvalue`, `valuetype`, `org_objid`, `org_name`, `parentid`, `generic`, `sortorder`, `hidefromlookup`) VALUES ('RPT_BASIC_ADVANCE_BRGY_SHARE:158-05-0024', 'ACTIVE', '-', 'ILAYA RPT BASIC ADVANCE BARANGAY SHARE', 'ILAYA RPT BASIC ADVANCE BARANGAY SHARE', 'PAYABLE', 'GENERAL', '01', 'GENERAL', '0.00', 'ANY', '158-05-0024', 'ILAYA', 'RPT_BASIC_ADVANCE_BRGY_SHARE', '0', '0', '0');
INSERT INTO `itemaccount` (`objid`, `state`, `code`, `title`, `description`, `type`, `fund_objid`, `fund_code`, `fund_title`, `defaultvalue`, `valuetype`, `org_objid`, `org_name`, `parentid`, `generic`, `sortorder`, `hidefromlookup`) VALUES ('RPT_BASIC_ADVANCE_BRGY_SHARE:158-05-0035', 'ACTIVE', '-', 'OYAN RPT BASIC ADVANCE BARANGAY SHARE', 'OYAN RPT BASIC ADVANCE BARANGAY SHARE', 'PAYABLE', 'GENERAL', '01', 'GENERAL', '0.00', 'ANY', '158-05-0035', 'OYAN', 'RPT_BASIC_ADVANCE_BRGY_SHARE', '0', '0', '0');
INSERT INTO `itemaccount` (`objid`, `state`, `code`, `title`, `description`, `type`, `fund_objid`, `fund_code`, `fund_title`, `defaultvalue`, `valuetype`, `org_objid`, `org_name`, `parentid`, `generic`, `sortorder`, `hidefromlookup`) VALUES ('RPT_BASIC_ADVANCE_BRGY_SHARE:158-05-0039', 'ACTIVE', '-', 'SAN NICOLAS RPT BASIC ADVANCE BARANGAY SHARE', 'SAN NICOLAS RPT BASIC ADVANCE BARANGAY SHARE', 'PAYABLE', 'GENERAL', '01', 'GENERAL', '0.00', 'ANY', '158-05-0039', 'SAN NICOLAS', 'RPT_BASIC_ADVANCE_BRGY_SHARE', '0', '0', '0');
INSERT INTO `itemaccount` (`objid`, `state`, `code`, `title`, `description`, `type`, `fund_objid`, `fund_code`, `fund_title`, `defaultvalue`, `valuetype`, `org_objid`, `org_name`, `parentid`, `generic`, `sortorder`, `hidefromlookup`) VALUES ('RPT_BASIC_ADVANCE_BRGY_SHARE:158-05-0050', 'ACTIVE', '-', 'TAMION RPT BASIC ADVANCE BARANGAY SHARE', 'TAMION RPT BASIC ADVANCE BARANGAY SHARE', 'PAYABLE', 'GENERAL', '01', 'GENERAL', '0.00', 'ANY', '158-05-0050', 'TAMION', 'RPT_BASIC_ADVANCE_BRGY_SHARE', '0', '0', '0');
INSERT INTO `itemaccount` (`objid`, `state`, `code`, `title`, `description`, `type`, `fund_objid`, `fund_code`, `fund_title`, `defaultvalue`, `valuetype`, `org_objid`, `org_name`, `parentid`, `generic`, `sortorder`, `hidefromlookup`) VALUES ('RPT_BASIC_ADVANCE_BRGY_SHARE:158-06-0011', 'ACTIVE', '-', 'ASENIERO RPT BASIC ADVANCE BARANGAY SHARE', 'ASENIERO RPT BASIC ADVANCE BARANGAY SHARE', 'PAYABLE', 'GENERAL', '01', 'GENERAL', '0.00', 'ANY', '158-06-0011', 'ASENIERO', 'RPT_BASIC_ADVANCE_BRGY_SHARE', '0', '0', '0');
INSERT INTO `itemaccount` (`objid`, `state`, `code`, `title`, `description`, `type`, `fund_objid`, `fund_code`, `fund_title`, `defaultvalue`, `valuetype`, `org_objid`, `org_name`, `parentid`, `generic`, `sortorder`, `hidefromlookup`) VALUES ('RPT_BASIC_ADVANCE_BRGY_SHARE:158-06-0012', 'ACTIVE', '-', 'BA-AO RPT BASIC ADVANCE BARANGAY SHARE', 'BA-AO RPT BASIC ADVANCE BARANGAY SHARE', 'PAYABLE', 'GENERAL', '01', 'GENERAL', '0.00', 'ANY', '158-06-0012', 'BA-AO', 'RPT_BASIC_ADVANCE_BRGY_SHARE', '0', '0', '0');
INSERT INTO `itemaccount` (`objid`, `state`, `code`, `title`, `description`, `type`, `fund_objid`, `fund_code`, `fund_title`, `defaultvalue`, `valuetype`, `org_objid`, `org_name`, `parentid`, `generic`, `sortorder`, `hidefromlookup`) VALUES ('RPT_BASIC_ADVANCE_BRGY_SHARE:158-06-0019', 'ACTIVE', '-', 'DAMPALAN RPT BASIC ADVANCE BARANGAY SHARE', 'DAMPALAN RPT BASIC ADVANCE BARANGAY SHARE', 'PAYABLE', 'GENERAL', '01', 'GENERAL', '0.00', 'ANY', '158-06-0019', 'DAMPALAN', 'RPT_BASIC_ADVANCE_BRGY_SHARE', '0', '0', '0');
INSERT INTO `itemaccount` (`objid`, `state`, `code`, `title`, `description`, `type`, `fund_objid`, `fund_code`, `fund_title`, `defaultvalue`, `valuetype`, `org_objid`, `org_name`, `parentid`, `generic`, `sortorder`, `hidefromlookup`) VALUES ('RPT_BASIC_ADVANCE_BRGY_SHARE:158-06-0030', 'ACTIVE', '-', 'MASIDLAKON RPT BASIC ADVANCE BARANGAY SHARE', 'MASIDLAKON RPT BASIC ADVANCE BARANGAY SHARE', 'PAYABLE', 'GENERAL', '01', 'GENERAL', '0.00', 'ANY', '158-06-0030', 'MASIDLAKON', 'RPT_BASIC_ADVANCE_BRGY_SHARE', '0', '0', '0');
INSERT INTO `itemaccount` (`objid`, `state`, `code`, `title`, `description`, `type`, `fund_objid`, `fund_code`, `fund_title`, `defaultvalue`, `valuetype`, `org_objid`, `org_name`, `parentid`, `generic`, `sortorder`, `hidefromlookup`) VALUES ('RPT_BASIC_ADVANCE_BRGY_SHARE:158-06-0032', 'ACTIVE', '-', 'OPAO RPT BASIC ADVANCE BARANGAY SHARE', 'OPAO RPT BASIC ADVANCE BARANGAY SHARE', 'PAYABLE', 'GENERAL', '01', 'GENERAL', '0.00', 'ANY', '158-06-0032', 'OPAO', 'RPT_BASIC_ADVANCE_BRGY_SHARE', '0', '0', '0');
INSERT INTO `itemaccount` (`objid`, `state`, `code`, `title`, `description`, `type`, `fund_objid`, `fund_code`, `fund_title`, `defaultvalue`, `valuetype`, `org_objid`, `org_name`, `parentid`, `generic`, `sortorder`, `hidefromlookup`) VALUES ('RPT_BASIC_ADVANCE_BRGY_SHARE:158-06-0037', 'ACTIVE', '-', 'POTUNGAN RPT BASIC ADVANCE BARANGAY SHARE', 'POTUNGAN RPT BASIC ADVANCE BARANGAY SHARE', 'PAYABLE', 'GENERAL', '01', 'GENERAL', '0.00', 'ANY', '158-06-0037', 'POTUNGAN', 'RPT_BASIC_ADVANCE_BRGY_SHARE', '0', '0', '0');
INSERT INTO `itemaccount` (`objid`, `state`, `code`, `title`, `description`, `type`, `fund_objid`, `fund_code`, `fund_title`, `defaultvalue`, `valuetype`, `org_objid`, `org_name`, `parentid`, `generic`, `sortorder`, `hidefromlookup`) VALUES ('RPT_BASIC_ADVANCE_BRGY_SHARE:158-06-0038', 'ACTIVE', '-', 'SAN FRANCISCO RPT BASIC ADVANCE BARANGAY SHARE', 'SAN FRANCISCO RPT BASIC ADVANCE BARANGAY SHARE', 'PAYABLE', 'GENERAL', '01', 'GENERAL', '0.00', 'ANY', '158-06-0038', 'SAN FRANCISCO', 'RPT_BASIC_ADVANCE_BRGY_SHARE', '0', '0', '0');
INSERT INTO `itemaccount` (`objid`, `state`, `code`, `title`, `description`, `type`, `fund_objid`, `fund_code`, `fund_title`, `defaultvalue`, `valuetype`, `org_objid`, `org_name`, `parentid`, `generic`, `sortorder`, `hidefromlookup`) VALUES ('RPT_BASIC_ADVANCE_BRGY_SHARE:158-06-0044', 'ACTIVE', '-', 'SIGAYAN RPT BASIC ADVANCE BARANGAY SHARE', 'SIGAYAN RPT BASIC ADVANCE BARANGAY SHARE', 'PAYABLE', 'GENERAL', '01', 'GENERAL', '0.00', 'ANY', '158-06-0044', 'SIGAYAN', 'RPT_BASIC_ADVANCE_BRGY_SHARE', '0', '0', '0');
INSERT INTO `itemaccount` (`objid`, `state`, `code`, `title`, `description`, `type`, `fund_objid`, `fund_code`, `fund_title`, `defaultvalue`, `valuetype`, `org_objid`, `org_name`, `parentid`, `generic`, `sortorder`, `hidefromlookup`) VALUES ('RPT_BASIC_CURRENT', 'ACTIVE', '588-001', 'RPT BASIC CURRENT', 'RPT BASIC CURRENT', 'REVENUE', 'GENERAL', '01', 'GENERAL', '0.00', 'ANY', NULL, NULL, NULL, '0', '0', '0');
INSERT INTO `itemaccount` (`objid`, `state`, `code`, `title`, `description`, `type`, `fund_objid`, `fund_code`, `fund_title`, `defaultvalue`, `valuetype`, `org_objid`, `org_name`, `parentid`, `generic`, `sortorder`, `hidefromlookup`) VALUES ('RPT_BASIC_CURRENT:158', 'ACTIVE', '-', 'DAPITAN CITY RPT BASIC CURRENT', 'DAPITAN CITY RPT BASIC CURRENT', 'REVENUE', 'GENERAL', '01', 'GENERAL', '0.00', 'ANY', '158', 'DAPITAN CITY', 'RPT_BASIC_CURRENT', '0', '0', '0');
INSERT INTO `itemaccount` (`objid`, `state`, `code`, `title`, `description`, `type`, `fund_objid`, `fund_code`, `fund_title`, `defaultvalue`, `valuetype`, `org_objid`, `org_name`, `parentid`, `generic`, `sortorder`, `hidefromlookup`) VALUES ('RPT_BASIC_CURRENT_BRGY_SHARE', 'ACTIVE', '455-049', 'RPT BASIC CURRENT BARANGAY SHARE', 'RPT BASIC CURRENT BARANGAY SHARE', 'PAYABLE', 'GENERAL', '01', 'GENERAL', '0.00', 'ANY', NULL, NULL, NULL, '0', '0', '0');
INSERT INTO `itemaccount` (`objid`, `state`, `code`, `title`, `description`, `type`, `fund_objid`, `fund_code`, `fund_title`, `defaultvalue`, `valuetype`, `org_objid`, `org_name`, `parentid`, `generic`, `sortorder`, `hidefromlookup`) VALUES ('RPT_BASIC_CURRENT_BRGY_SHARE:158-01-0001', 'ACTIVE', '-', 'POBLACION RPT BASIC CURRENT BARANGAY SHARE', 'POBLACION RPT BASIC CURRENT BARANGAY SHARE', 'PAYABLE', 'GENERAL', '01', 'GENERAL', '0.00', 'ANY', '158-01-0001', 'POBLACION', 'RPT_BASIC_CURRENT_BRGY_SHARE', '0', '0', '0');
INSERT INTO `itemaccount` (`objid`, `state`, `code`, `title`, `description`, `type`, `fund_objid`, `fund_code`, `fund_title`, `defaultvalue`, `valuetype`, `org_objid`, `org_name`, `parentid`, `generic`, `sortorder`, `hidefromlookup`) VALUES ('RPT_BASIC_CURRENT_BRGY_SHARE:158-01-0009', 'ACTIVE', '-', 'ALIGUAY RPT BASIC CURRENT BARANGAY SHARE', 'ALIGUAY RPT BASIC CURRENT BARANGAY SHARE', 'PAYABLE', 'GENERAL', '01', 'GENERAL', '0.00', 'ANY', '158-01-0009', 'ALIGUAY', 'RPT_BASIC_CURRENT_BRGY_SHARE', '0', '0', '0');
INSERT INTO `itemaccount` (`objid`, `state`, `code`, `title`, `description`, `type`, `fund_objid`, `fund_code`, `fund_title`, `defaultvalue`, `valuetype`, `org_objid`, `org_name`, `parentid`, `generic`, `sortorder`, `hidefromlookup`) VALUES ('RPT_BASIC_CURRENT_BRGY_SHARE:158-01-0013', 'ACTIVE', '-', 'BANBANAN RPT BASIC CURRENT BARANGAY SHARE', 'BANBANAN RPT BASIC CURRENT BARANGAY SHARE', 'PAYABLE', 'GENERAL', '01', 'GENERAL', '0.00', 'ANY', '158-01-0013', 'BANBANAN', 'RPT_BASIC_CURRENT_BRGY_SHARE', '0', '0', '0');
INSERT INTO `itemaccount` (`objid`, `state`, `code`, `title`, `description`, `type`, `fund_objid`, `fund_code`, `fund_title`, `defaultvalue`, `valuetype`, `org_objid`, `org_name`, `parentid`, `generic`, `sortorder`, `hidefromlookup`) VALUES ('RPT_BASIC_CURRENT_BRGY_SHARE:158-01-0017', 'ACTIVE', '-', 'CANLUCANI RPT BASIC CURRENT BARANGAY SHARE', 'CANLUCANI RPT BASIC CURRENT BARANGAY SHARE', 'PAYABLE', 'GENERAL', '01', 'GENERAL', '0.00', 'ANY', '158-01-0017', 'CANLUCANI', 'RPT_BASIC_CURRENT_BRGY_SHARE', '0', '0', '0');
INSERT INTO `itemaccount` (`objid`, `state`, `code`, `title`, `description`, `type`, `fund_objid`, `fund_code`, `fund_title`, `defaultvalue`, `valuetype`, `org_objid`, `org_name`, `parentid`, `generic`, `sortorder`, `hidefromlookup`) VALUES ('RPT_BASIC_CURRENT_BRGY_SHARE:158-01-0018', 'ACTIVE', '-', 'CARANG RPT BASIC CURRENT BARANGAY SHARE', 'CARANG RPT BASIC CURRENT BARANGAY SHARE', 'PAYABLE', 'GENERAL', '01', 'GENERAL', '0.00', 'ANY', '158-01-0018', 'CARANG', 'RPT_BASIC_CURRENT_BRGY_SHARE', '0', '0', '0');
INSERT INTO `itemaccount` (`objid`, `state`, `code`, `title`, `description`, `type`, `fund_objid`, `fund_code`, `fund_title`, `defaultvalue`, `valuetype`, `org_objid`, `org_name`, `parentid`, `generic`, `sortorder`, `hidefromlookup`) VALUES ('RPT_BASIC_CURRENT_BRGY_SHARE:158-01-0022', 'ACTIVE', '-', 'GUIMPUTLAN RPT BASIC CURRENT BARANGAY SHARE', 'GUIMPUTLAN RPT BASIC CURRENT BARANGAY SHARE', 'PAYABLE', 'GENERAL', '01', 'GENERAL', '0.00', 'ANY', '158-01-0022', 'GUIMPUTLAN', 'RPT_BASIC_CURRENT_BRGY_SHARE', '0', '0', '0');
INSERT INTO `itemaccount` (`objid`, `state`, `code`, `title`, `description`, `type`, `fund_objid`, `fund_code`, `fund_title`, `defaultvalue`, `valuetype`, `org_objid`, `org_name`, `parentid`, `generic`, `sortorder`, `hidefromlookup`) VALUES ('RPT_BASIC_CURRENT_BRGY_SHARE:158-01-0042', 'ACTIVE', '-', 'SANTO NINO RPT BASIC CURRENT BARANGAY SHARE', 'SANTO NINO RPT BASIC CURRENT BARANGAY SHARE', 'PAYABLE', 'GENERAL', '01', 'GENERAL', '0.00', 'ANY', '158-01-0042', 'SANTO NINO', 'RPT_BASIC_CURRENT_BRGY_SHARE', '0', '0', '0');
INSERT INTO `itemaccount` (`objid`, `state`, `code`, `title`, `description`, `type`, `fund_objid`, `fund_code`, `fund_title`, `defaultvalue`, `valuetype`, `org_objid`, `org_name`, `parentid`, `generic`, `sortorder`, `hidefromlookup`) VALUES ('RPT_BASIC_CURRENT_BRGY_SHARE:158-01-0045', 'ACTIVE', '-', 'SELINOG RPT BASIC CURRENT BARANGAY SHARE', 'SELINOG RPT BASIC CURRENT BARANGAY SHARE', 'PAYABLE', 'GENERAL', '01', 'GENERAL', '0.00', 'ANY', '158-01-0045', 'SELINOG', 'RPT_BASIC_CURRENT_BRGY_SHARE', '0', '0', '0');
INSERT INTO `itemaccount` (`objid`, `state`, `code`, `title`, `description`, `type`, `fund_objid`, `fund_code`, `fund_title`, `defaultvalue`, `valuetype`, `org_objid`, `org_name`, `parentid`, `generic`, `sortorder`, `hidefromlookup`) VALUES ('RPT_BASIC_CURRENT_BRGY_SHARE:158-01-0048', 'ACTIVE', '-', 'TAG-ULO RPT BASIC CURRENT BARANGAY SHARE', 'TAG-ULO RPT BASIC CURRENT BARANGAY SHARE', 'PAYABLE', 'GENERAL', '01', 'GENERAL', '0.00', 'ANY', '158-01-0048', 'TAG-ULO', 'RPT_BASIC_CURRENT_BRGY_SHARE', '0', '0', '0');
INSERT INTO `itemaccount` (`objid`, `state`, `code`, `title`, `description`, `type`, `fund_objid`, `fund_code`, `fund_title`, `defaultvalue`, `valuetype`, `org_objid`, `org_name`, `parentid`, `generic`, `sortorder`, `hidefromlookup`) VALUES ('RPT_BASIC_CURRENT_BRGY_SHARE:158-01-0049', 'ACTIVE', '-', 'TAGUILON RPT BASIC CURRENT BARANGAY SHARE', 'TAGUILON RPT BASIC CURRENT BARANGAY SHARE', 'PAYABLE', 'GENERAL', '01', 'GENERAL', '0.00', 'ANY', '158-01-0049', 'TAGUILON', 'RPT_BASIC_CURRENT_BRGY_SHARE', '0', '0', '0');
INSERT INTO `itemaccount` (`objid`, `state`, `code`, `title`, `description`, `type`, `fund_objid`, `fund_code`, `fund_title`, `defaultvalue`, `valuetype`, `org_objid`, `org_name`, `parentid`, `generic`, `sortorder`, `hidefromlookup`) VALUES ('RPT_BASIC_CURRENT_BRGY_SHARE:158-02-0015', 'ACTIVE', '-', 'BAYLIMANGO RPT BASIC CURRENT BARANGAY SHARE', 'BAYLIMANGO RPT BASIC CURRENT BARANGAY SHARE', 'PAYABLE', 'GENERAL', '01', 'GENERAL', '0.00', 'ANY', '158-02-0015', 'BAYLIMANGO', 'RPT_BASIC_CURRENT_BRGY_SHARE', '0', '0', '0');
INSERT INTO `itemaccount` (`objid`, `state`, `code`, `title`, `description`, `type`, `fund_objid`, `fund_code`, `fund_title`, `defaultvalue`, `valuetype`, `org_objid`, `org_name`, `parentid`, `generic`, `sortorder`, `hidefromlookup`) VALUES ('RPT_BASIC_CURRENT_BRGY_SHARE:158-02-0020', 'ACTIVE', '-', 'DARO RPT BASIC CURRENT BARANGAY SHARE', 'DARO RPT BASIC CURRENT BARANGAY SHARE', 'PAYABLE', 'GENERAL', '01', 'GENERAL', '0.00', 'ANY', '158-02-0020', 'DARO', 'RPT_BASIC_CURRENT_BRGY_SHARE', '0', '0', '0');
INSERT INTO `itemaccount` (`objid`, `state`, `code`, `title`, `description`, `type`, `fund_objid`, `fund_code`, `fund_title`, `defaultvalue`, `valuetype`, `org_objid`, `org_name`, `parentid`, `generic`, `sortorder`, `hidefromlookup`) VALUES ('RPT_BASIC_CURRENT_BRGY_SHARE:158-02-0025', 'ACTIVE', '-', 'KAUSWAGAN RPT BASIC CURRENT BARANGAY SHARE', 'KAUSWAGAN RPT BASIC CURRENT BARANGAY SHARE', 'PAYABLE', 'GENERAL', '01', 'GENERAL', '0.00', 'ANY', '158-02-0025', 'KAUSWAGAN', 'RPT_BASIC_CURRENT_BRGY_SHARE', '0', '0', '0');
INSERT INTO `itemaccount` (`objid`, `state`, `code`, `title`, `description`, `type`, `fund_objid`, `fund_code`, `fund_title`, `defaultvalue`, `valuetype`, `org_objid`, `org_name`, `parentid`, `generic`, `sortorder`, `hidefromlookup`) VALUES ('RPT_BASIC_CURRENT_BRGY_SHARE:158-02-0028', 'ACTIVE', '-', 'MARIA CRISTINA RPT BASIC CURRENT BARANGAY SHARE', 'MARIA CRISTINA RPT BASIC CURRENT BARANGAY SHARE', 'PAYABLE', 'GENERAL', '01', 'GENERAL', '0.00', 'ANY', '158-02-0028', 'MARIA CRISTINA', 'RPT_BASIC_CURRENT_BRGY_SHARE', '0', '0', '0');
INSERT INTO `itemaccount` (`objid`, `state`, `code`, `title`, `description`, `type`, `fund_objid`, `fund_code`, `fund_title`, `defaultvalue`, `valuetype`, `org_objid`, `org_name`, `parentid`, `generic`, `sortorder`, `hidefromlookup`) VALUES ('RPT_BASIC_CURRENT_BRGY_SHARE:158-02-0029', 'ACTIVE', '-', 'MARIA URAY RPT BASIC CURRENT BARANGAY SHARE', 'MARIA URAY RPT BASIC CURRENT BARANGAY SHARE', 'PAYABLE', 'GENERAL', '01', 'GENERAL', '0.00', 'ANY', '158-02-0029', 'MARIA URAY', 'RPT_BASIC_CURRENT_BRGY_SHARE', '0', '0', '0');
INSERT INTO `itemaccount` (`objid`, `state`, `code`, `title`, `description`, `type`, `fund_objid`, `fund_code`, `fund_title`, `defaultvalue`, `valuetype`, `org_objid`, `org_name`, `parentid`, `generic`, `sortorder`, `hidefromlookup`) VALUES ('RPT_BASIC_CURRENT_BRGY_SHARE:158-02-0031', 'ACTIVE', '-', 'NAPO RPT BASIC CURRENT BARANGAY SHARE', 'NAPO RPT BASIC CURRENT BARANGAY SHARE', 'PAYABLE', 'GENERAL', '01', 'GENERAL', '0.00', 'ANY', '158-02-0031', 'NAPO', 'RPT_BASIC_CURRENT_BRGY_SHARE', '0', '0', '0');
INSERT INTO `itemaccount` (`objid`, `state`, `code`, `title`, `description`, `type`, `fund_objid`, `fund_code`, `fund_title`, `defaultvalue`, `valuetype`, `org_objid`, `org_name`, `parentid`, `generic`, `sortorder`, `hidefromlookup`) VALUES ('RPT_BASIC_CURRENT_BRGY_SHARE:158-02-0033', 'ACTIVE', '-', 'ORO RPT BASIC CURRENT BARANGAY SHARE', 'ORO RPT BASIC CURRENT BARANGAY SHARE', 'PAYABLE', 'GENERAL', '01', 'GENERAL', '0.00', 'ANY', '158-02-0033', 'ORO', 'RPT_BASIC_CURRENT_BRGY_SHARE', '0', '0', '0');
INSERT INTO `itemaccount` (`objid`, `state`, `code`, `title`, `description`, `type`, `fund_objid`, `fund_code`, `fund_title`, `defaultvalue`, `valuetype`, `org_objid`, `org_name`, `parentid`, `generic`, `sortorder`, `hidefromlookup`) VALUES ('RPT_BASIC_CURRENT_BRGY_SHARE:158-02-0046', 'ACTIVE', '-', 'SINONOC RPT BASIC CURRENT BARANGAY SHARE', 'SINONOC RPT BASIC CURRENT BARANGAY SHARE', 'PAYABLE', 'GENERAL', '01', 'GENERAL', '0.00', 'ANY', '158-02-0046', 'SINONOC', 'RPT_BASIC_CURRENT_BRGY_SHARE', '0', '0', '0');
INSERT INTO `itemaccount` (`objid`, `state`, `code`, `title`, `description`, `type`, `fund_objid`, `fund_code`, `fund_title`, `defaultvalue`, `valuetype`, `org_objid`, `org_name`, `parentid`, `generic`, `sortorder`, `hidefromlookup`) VALUES ('RPT_BASIC_CURRENT_BRGY_SHARE:158-03-0001', 'ACTIVE', '-', 'DAWO RPT BASIC CURRENT BARANGAY SHARE', 'DAWO RPT BASIC CURRENT BARANGAY SHARE', 'PAYABLE', 'GENERAL', '01', 'GENERAL', '0.00', 'ANY', '158-03-0001', 'DAWO', 'RPT_BASIC_CURRENT_BRGY_SHARE', '0', '0', '0');
INSERT INTO `itemaccount` (`objid`, `state`, `code`, `title`, `description`, `type`, `fund_objid`, `fund_code`, `fund_title`, `defaultvalue`, `valuetype`, `org_objid`, `org_name`, `parentid`, `generic`, `sortorder`, `hidefromlookup`) VALUES ('RPT_BASIC_CURRENT_BRGY_SHARE:158-03-0002', 'ACTIVE', '-', 'BAGTING RPT BASIC CURRENT BARANGAY SHARE', 'BAGTING RPT BASIC CURRENT BARANGAY SHARE', 'PAYABLE', 'GENERAL', '01', 'GENERAL', '0.00', 'ANY', '158-03-0002', 'BAGTING', 'RPT_BASIC_CURRENT_BRGY_SHARE', '0', '0', '0');
INSERT INTO `itemaccount` (`objid`, `state`, `code`, `title`, `description`, `type`, `fund_objid`, `fund_code`, `fund_title`, `defaultvalue`, `valuetype`, `org_objid`, `org_name`, `parentid`, `generic`, `sortorder`, `hidefromlookup`) VALUES ('RPT_BASIC_CURRENT_BRGY_SHARE:158-03-0003', 'ACTIVE', '-', 'BANONONG RPT BASIC CURRENT BARANGAY SHARE', 'BANONONG RPT BASIC CURRENT BARANGAY SHARE', 'PAYABLE', 'GENERAL', '01', 'GENERAL', '0.00', 'ANY', '158-03-0003', 'BANONONG', 'RPT_BASIC_CURRENT_BRGY_SHARE', '0', '0', '0');
INSERT INTO `itemaccount` (`objid`, `state`, `code`, `title`, `description`, `type`, `fund_objid`, `fund_code`, `fund_title`, `defaultvalue`, `valuetype`, `org_objid`, `org_name`, `parentid`, `generic`, `sortorder`, `hidefromlookup`) VALUES ('RPT_BASIC_CURRENT_BRGY_SHARE:158-03-0004', 'ACTIVE', '-', 'CAWA-CAWA RPT BASIC CURRENT BARANGAY SHARE', 'CAWA-CAWA RPT BASIC CURRENT BARANGAY SHARE', 'PAYABLE', 'GENERAL', '01', 'GENERAL', '0.00', 'ANY', '158-03-0004', 'CAWA-CAWA', 'RPT_BASIC_CURRENT_BRGY_SHARE', '0', '0', '0');
INSERT INTO `itemaccount` (`objid`, `state`, `code`, `title`, `description`, `type`, `fund_objid`, `fund_code`, `fund_title`, `defaultvalue`, `valuetype`, `org_objid`, `org_name`, `parentid`, `generic`, `sortorder`, `hidefromlookup`) VALUES ('RPT_BASIC_CURRENT_BRGY_SHARE:158-03-0005', 'ACTIVE', '-', 'LINABO RPT BASIC CURRENT BARANGAY SHARE', 'LINABO RPT BASIC CURRENT BARANGAY SHARE', 'PAYABLE', 'GENERAL', '01', 'GENERAL', '0.00', 'ANY', '158-03-0005', 'LINABO', 'RPT_BASIC_CURRENT_BRGY_SHARE', '0', '0', '0');
INSERT INTO `itemaccount` (`objid`, `state`, `code`, `title`, `description`, `type`, `fund_objid`, `fund_code`, `fund_title`, `defaultvalue`, `valuetype`, `org_objid`, `org_name`, `parentid`, `generic`, `sortorder`, `hidefromlookup`) VALUES ('RPT_BASIC_CURRENT_BRGY_SHARE:158-03-0006', 'ACTIVE', '-', 'POTOL RPT BASIC CURRENT BARANGAY SHARE', 'POTOL RPT BASIC CURRENT BARANGAY SHARE', 'PAYABLE', 'GENERAL', '01', 'GENERAL', '0.00', 'ANY', '158-03-0006', 'POTOL', 'RPT_BASIC_CURRENT_BRGY_SHARE', '0', '0', '0');
INSERT INTO `itemaccount` (`objid`, `state`, `code`, `title`, `description`, `type`, `fund_objid`, `fund_code`, `fund_title`, `defaultvalue`, `valuetype`, `org_objid`, `org_name`, `parentid`, `generic`, `sortorder`, `hidefromlookup`) VALUES ('RPT_BASIC_CURRENT_BRGY_SHARE:158-03-0007', 'ACTIVE', '-', 'SANTA CRUZ RPT BASIC CURRENT BARANGAY SHARE', 'SANTA CRUZ RPT BASIC CURRENT BARANGAY SHARE', 'PAYABLE', 'GENERAL', '01', 'GENERAL', '0.00', 'ANY', '158-03-0007', 'SANTA CRUZ', 'RPT_BASIC_CURRENT_BRGY_SHARE', '0', '0', '0');
INSERT INTO `itemaccount` (`objid`, `state`, `code`, `title`, `description`, `type`, `fund_objid`, `fund_code`, `fund_title`, `defaultvalue`, `valuetype`, `org_objid`, `org_name`, `parentid`, `generic`, `sortorder`, `hidefromlookup`) VALUES ('RPT_BASIC_CURRENT_BRGY_SHARE:158-03-0008', 'ACTIVE', '-', 'TALISAY RPT BASIC CURRENT BARANGAY SHARE', 'TALISAY RPT BASIC CURRENT BARANGAY SHARE', 'PAYABLE', 'GENERAL', '01', 'GENERAL', '0.00', 'ANY', '158-03-0008', 'TALISAY', 'RPT_BASIC_CURRENT_BRGY_SHARE', '0', '0', '0');
INSERT INTO `itemaccount` (`objid`, `state`, `code`, `title`, `description`, `type`, `fund_objid`, `fund_code`, `fund_title`, `defaultvalue`, `valuetype`, `org_objid`, `org_name`, `parentid`, `generic`, `sortorder`, `hidefromlookup`) VALUES ('RPT_BASIC_CURRENT_BRGY_SHARE:158-04-0010', 'ACTIVE', '-', 'ANTIPOLO RPT BASIC CURRENT BARANGAY SHARE', 'ANTIPOLO RPT BASIC CURRENT BARANGAY SHARE', 'PAYABLE', 'GENERAL', '01', 'GENERAL', '0.00', 'ANY', '158-04-0010', 'ANTIPOLO', 'RPT_BASIC_CURRENT_BRGY_SHARE', '0', '0', '0');
INSERT INTO `itemaccount` (`objid`, `state`, `code`, `title`, `description`, `type`, `fund_objid`, `fund_code`, `fund_title`, `defaultvalue`, `valuetype`, `org_objid`, `org_name`, `parentid`, `generic`, `sortorder`, `hidefromlookup`) VALUES ('RPT_BASIC_CURRENT_BRGY_SHARE:158-04-0014', 'ACTIVE', '-', 'SAN VICENTE RPT BASIC CURRENT BARANGAY SHARE', 'SAN VICENTE RPT BASIC CURRENT BARANGAY SHARE', 'PAYABLE', 'GENERAL', '01', 'GENERAL', '0.00', 'ANY', '158-04-0014', 'SAN VICENTE', 'RPT_BASIC_CURRENT_BRGY_SHARE', '0', '0', '0');
INSERT INTO `itemaccount` (`objid`, `state`, `code`, `title`, `description`, `type`, `fund_objid`, `fund_code`, `fund_title`, `defaultvalue`, `valuetype`, `org_objid`, `org_name`, `parentid`, `generic`, `sortorder`, `hidefromlookup`) VALUES ('RPT_BASIC_CURRENT_BRGY_SHARE:158-04-0026', 'ACTIVE', '-', 'LARAYAN RPT BASIC CURRENT BARANGAY SHARE', 'LARAYAN RPT BASIC CURRENT BARANGAY SHARE', 'PAYABLE', 'GENERAL', '01', 'GENERAL', '0.00', 'ANY', '158-04-0026', 'LARAYAN', 'RPT_BASIC_CURRENT_BRGY_SHARE', '0', '0', '0');
INSERT INTO `itemaccount` (`objid`, `state`, `code`, `title`, `description`, `type`, `fund_objid`, `fund_code`, `fund_title`, `defaultvalue`, `valuetype`, `org_objid`, `org_name`, `parentid`, `generic`, `sortorder`, `hidefromlookup`) VALUES ('RPT_BASIC_CURRENT_BRGY_SHARE:158-04-0027', 'ACTIVE', '-', 'LIYANG RPT BASIC CURRENT BARANGAY SHARE', 'LIYANG RPT BASIC CURRENT BARANGAY SHARE', 'PAYABLE', 'GENERAL', '01', 'GENERAL', '0.00', 'ANY', '158-04-0027', 'LIYANG', 'RPT_BASIC_CURRENT_BRGY_SHARE', '0', '0', '0');
INSERT INTO `itemaccount` (`objid`, `state`, `code`, `title`, `description`, `type`, `fund_objid`, `fund_code`, `fund_title`, `defaultvalue`, `valuetype`, `org_objid`, `org_name`, `parentid`, `generic`, `sortorder`, `hidefromlookup`) VALUES ('RPT_BASIC_CURRENT_BRGY_SHARE:158-04-0034', 'ACTIVE', '-', 'OWAON RPT BASIC CURRENT BARANGAY SHARE', 'OWAON RPT BASIC CURRENT BARANGAY SHARE', 'PAYABLE', 'GENERAL', '01', 'GENERAL', '0.00', 'ANY', '158-04-0034', 'OWAON', 'RPT_BASIC_CURRENT_BRGY_SHARE', '0', '0', '0');
INSERT INTO `itemaccount` (`objid`, `state`, `code`, `title`, `description`, `type`, `fund_objid`, `fund_code`, `fund_title`, `defaultvalue`, `valuetype`, `org_objid`, `org_name`, `parentid`, `generic`, `sortorder`, `hidefromlookup`) VALUES ('RPT_BASIC_CURRENT_BRGY_SHARE:158-04-0036', 'ACTIVE', '-', 'POLO RPT BASIC CURRENT BARANGAY SHARE', 'POLO RPT BASIC CURRENT BARANGAY SHARE', 'PAYABLE', 'GENERAL', '01', 'GENERAL', '0.00', 'ANY', '158-04-0036', 'POLO', 'RPT_BASIC_CURRENT_BRGY_SHARE', '0', '0', '0');
INSERT INTO `itemaccount` (`objid`, `state`, `code`, `title`, `description`, `type`, `fund_objid`, `fund_code`, `fund_title`, `defaultvalue`, `valuetype`, `org_objid`, `org_name`, `parentid`, `generic`, `sortorder`, `hidefromlookup`) VALUES ('RPT_BASIC_CURRENT_BRGY_SHARE:158-04-0040', 'ACTIVE', '-', 'SAN PEDRO RPT BASIC CURRENT BARANGAY SHARE', 'SAN PEDRO RPT BASIC CURRENT BARANGAY SHARE', 'PAYABLE', 'GENERAL', '01', 'GENERAL', '0.00', 'ANY', '158-04-0040', 'SAN PEDRO', 'RPT_BASIC_CURRENT_BRGY_SHARE', '0', '0', '0');
INSERT INTO `itemaccount` (`objid`, `state`, `code`, `title`, `description`, `type`, `fund_objid`, `fund_code`, `fund_title`, `defaultvalue`, `valuetype`, `org_objid`, `org_name`, `parentid`, `generic`, `sortorder`, `hidefromlookup`) VALUES ('RPT_BASIC_CURRENT_BRGY_SHARE:158-04-0043', 'ACTIVE', '-', 'SICAYAB BUCANA RPT BASIC CURRENT BARANGAY SHARE', 'SICAYAB BUCANA RPT BASIC CURRENT BARANGAY SHARE', 'PAYABLE', 'GENERAL', '01', 'GENERAL', '0.00', 'ANY', '158-04-0043', 'SICAYAB BUCANA', 'RPT_BASIC_CURRENT_BRGY_SHARE', '0', '0', '0');
INSERT INTO `itemaccount` (`objid`, `state`, `code`, `title`, `description`, `type`, `fund_objid`, `fund_code`, `fund_title`, `defaultvalue`, `valuetype`, `org_objid`, `org_name`, `parentid`, `generic`, `sortorder`, `hidefromlookup`) VALUES ('RPT_BASIC_CURRENT_BRGY_SHARE:158-04-0047', 'ACTIVE', '-', 'SULANGON RPT BASIC CURRENT BARANGAY SHARE', 'SULANGON RPT BASIC CURRENT BARANGAY SHARE', 'PAYABLE', 'GENERAL', '01', 'GENERAL', '0.00', 'ANY', '158-04-0047', 'SULANGON', 'RPT_BASIC_CURRENT_BRGY_SHARE', '0', '0', '0');
INSERT INTO `itemaccount` (`objid`, `state`, `code`, `title`, `description`, `type`, `fund_objid`, `fund_code`, `fund_title`, `defaultvalue`, `valuetype`, `org_objid`, `org_name`, `parentid`, `generic`, `sortorder`, `hidefromlookup`) VALUES ('RPT_BASIC_CURRENT_BRGY_SHARE:158-05-0014', 'ACTIVE', '-', 'BARCELONA RPT BASIC CURRENT BARANGAY SHARE', 'BARCELONA RPT BASIC CURRENT BARANGAY SHARE', 'PAYABLE', 'GENERAL', '01', 'GENERAL', '0.00', 'ANY', '158-05-0014', 'BARCELONA', 'RPT_BASIC_CURRENT_BRGY_SHARE', '0', '0', '0');
INSERT INTO `itemaccount` (`objid`, `state`, `code`, `title`, `description`, `type`, `fund_objid`, `fund_code`, `fund_title`, `defaultvalue`, `valuetype`, `org_objid`, `org_name`, `parentid`, `generic`, `sortorder`, `hidefromlookup`) VALUES ('RPT_BASIC_CURRENT_BRGY_SHARE:158-05-0016', 'ACTIVE', '-', 'BURGOS RPT BASIC CURRENT BARANGAY SHARE', 'BURGOS RPT BASIC CURRENT BARANGAY SHARE', 'PAYABLE', 'GENERAL', '01', 'GENERAL', '0.00', 'ANY', '158-05-0016', 'BURGOS', 'RPT_BASIC_CURRENT_BRGY_SHARE', '0', '0', '0');
INSERT INTO `itemaccount` (`objid`, `state`, `code`, `title`, `description`, `type`, `fund_objid`, `fund_code`, `fund_title`, `defaultvalue`, `valuetype`, `org_objid`, `org_name`, `parentid`, `generic`, `sortorder`, `hidefromlookup`) VALUES ('RPT_BASIC_CURRENT_BRGY_SHARE:158-05-0021', 'ACTIVE', '-', 'DIWA-AN RPT BASIC CURRENT BARANGAY SHARE', 'DIWA-AN RPT BASIC CURRENT BARANGAY SHARE', 'PAYABLE', 'GENERAL', '01', 'GENERAL', '0.00', 'ANY', '158-05-0021', 'DIWA-AN', 'RPT_BASIC_CURRENT_BRGY_SHARE', '0', '0', '0');
INSERT INTO `itemaccount` (`objid`, `state`, `code`, `title`, `description`, `type`, `fund_objid`, `fund_code`, `fund_title`, `defaultvalue`, `valuetype`, `org_objid`, `org_name`, `parentid`, `generic`, `sortorder`, `hidefromlookup`) VALUES ('RPT_BASIC_CURRENT_BRGY_SHARE:158-05-0023', 'ACTIVE', '-', 'HILLTOP RPT BASIC CURRENT BARANGAY SHARE', 'HILLTOP RPT BASIC CURRENT BARANGAY SHARE', 'PAYABLE', 'GENERAL', '01', 'GENERAL', '0.00', 'ANY', '158-05-0023', 'HILLTOP', 'RPT_BASIC_CURRENT_BRGY_SHARE', '0', '0', '0');
INSERT INTO `itemaccount` (`objid`, `state`, `code`, `title`, `description`, `type`, `fund_objid`, `fund_code`, `fund_title`, `defaultvalue`, `valuetype`, `org_objid`, `org_name`, `parentid`, `generic`, `sortorder`, `hidefromlookup`) VALUES ('RPT_BASIC_CURRENT_BRGY_SHARE:158-05-0024', 'ACTIVE', '-', 'ILAYA RPT BASIC CURRENT BARANGAY SHARE', 'ILAYA RPT BASIC CURRENT BARANGAY SHARE', 'PAYABLE', 'GENERAL', '01', 'GENERAL', '0.00', 'ANY', '158-05-0024', 'ILAYA', 'RPT_BASIC_CURRENT_BRGY_SHARE', '0', '0', '0');
INSERT INTO `itemaccount` (`objid`, `state`, `code`, `title`, `description`, `type`, `fund_objid`, `fund_code`, `fund_title`, `defaultvalue`, `valuetype`, `org_objid`, `org_name`, `parentid`, `generic`, `sortorder`, `hidefromlookup`) VALUES ('RPT_BASIC_CURRENT_BRGY_SHARE:158-05-0035', 'ACTIVE', '-', 'OYAN RPT BASIC CURRENT BARANGAY SHARE', 'OYAN RPT BASIC CURRENT BARANGAY SHARE', 'PAYABLE', 'GENERAL', '01', 'GENERAL', '0.00', 'ANY', '158-05-0035', 'OYAN', 'RPT_BASIC_CURRENT_BRGY_SHARE', '0', '0', '0');
INSERT INTO `itemaccount` (`objid`, `state`, `code`, `title`, `description`, `type`, `fund_objid`, `fund_code`, `fund_title`, `defaultvalue`, `valuetype`, `org_objid`, `org_name`, `parentid`, `generic`, `sortorder`, `hidefromlookup`) VALUES ('RPT_BASIC_CURRENT_BRGY_SHARE:158-05-0039', 'ACTIVE', '-', 'SAN NICOLAS RPT BASIC CURRENT BARANGAY SHARE', 'SAN NICOLAS RPT BASIC CURRENT BARANGAY SHARE', 'PAYABLE', 'GENERAL', '01', 'GENERAL', '0.00', 'ANY', '158-05-0039', 'SAN NICOLAS', 'RPT_BASIC_CURRENT_BRGY_SHARE', '0', '0', '0');
INSERT INTO `itemaccount` (`objid`, `state`, `code`, `title`, `description`, `type`, `fund_objid`, `fund_code`, `fund_title`, `defaultvalue`, `valuetype`, `org_objid`, `org_name`, `parentid`, `generic`, `sortorder`, `hidefromlookup`) VALUES ('RPT_BASIC_CURRENT_BRGY_SHARE:158-05-0050', 'ACTIVE', '-', 'TAMION RPT BASIC CURRENT BARANGAY SHARE', 'TAMION RPT BASIC CURRENT BARANGAY SHARE', 'PAYABLE', 'GENERAL', '01', 'GENERAL', '0.00', 'ANY', '158-05-0050', 'TAMION', 'RPT_BASIC_CURRENT_BRGY_SHARE', '0', '0', '0');
INSERT INTO `itemaccount` (`objid`, `state`, `code`, `title`, `description`, `type`, `fund_objid`, `fund_code`, `fund_title`, `defaultvalue`, `valuetype`, `org_objid`, `org_name`, `parentid`, `generic`, `sortorder`, `hidefromlookup`) VALUES ('RPT_BASIC_CURRENT_BRGY_SHARE:158-06-0011', 'ACTIVE', '-', 'ASENIERO RPT BASIC CURRENT BARANGAY SHARE', 'ASENIERO RPT BASIC CURRENT BARANGAY SHARE', 'PAYABLE', 'GENERAL', '01', 'GENERAL', '0.00', 'ANY', '158-06-0011', 'ASENIERO', 'RPT_BASIC_CURRENT_BRGY_SHARE', '0', '0', '0');
INSERT INTO `itemaccount` (`objid`, `state`, `code`, `title`, `description`, `type`, `fund_objid`, `fund_code`, `fund_title`, `defaultvalue`, `valuetype`, `org_objid`, `org_name`, `parentid`, `generic`, `sortorder`, `hidefromlookup`) VALUES ('RPT_BASIC_CURRENT_BRGY_SHARE:158-06-0012', 'ACTIVE', '-', 'BA-AO RPT BASIC CURRENT BARANGAY SHARE', 'BA-AO RPT BASIC CURRENT BARANGAY SHARE', 'PAYABLE', 'GENERAL', '01', 'GENERAL', '0.00', 'ANY', '158-06-0012', 'BA-AO', 'RPT_BASIC_CURRENT_BRGY_SHARE', '0', '0', '0');
INSERT INTO `itemaccount` (`objid`, `state`, `code`, `title`, `description`, `type`, `fund_objid`, `fund_code`, `fund_title`, `defaultvalue`, `valuetype`, `org_objid`, `org_name`, `parentid`, `generic`, `sortorder`, `hidefromlookup`) VALUES ('RPT_BASIC_CURRENT_BRGY_SHARE:158-06-0019', 'ACTIVE', '-', 'DAMPALAN RPT BASIC CURRENT BARANGAY SHARE', 'DAMPALAN RPT BASIC CURRENT BARANGAY SHARE', 'PAYABLE', 'GENERAL', '01', 'GENERAL', '0.00', 'ANY', '158-06-0019', 'DAMPALAN', 'RPT_BASIC_CURRENT_BRGY_SHARE', '0', '0', '0');
INSERT INTO `itemaccount` (`objid`, `state`, `code`, `title`, `description`, `type`, `fund_objid`, `fund_code`, `fund_title`, `defaultvalue`, `valuetype`, `org_objid`, `org_name`, `parentid`, `generic`, `sortorder`, `hidefromlookup`) VALUES ('RPT_BASIC_CURRENT_BRGY_SHARE:158-06-0030', 'ACTIVE', '-', 'MASIDLAKON RPT BASIC CURRENT BARANGAY SHARE', 'MASIDLAKON RPT BASIC CURRENT BARANGAY SHARE', 'PAYABLE', 'GENERAL', '01', 'GENERAL', '0.00', 'ANY', '158-06-0030', 'MASIDLAKON', 'RPT_BASIC_CURRENT_BRGY_SHARE', '0', '0', '0');
INSERT INTO `itemaccount` (`objid`, `state`, `code`, `title`, `description`, `type`, `fund_objid`, `fund_code`, `fund_title`, `defaultvalue`, `valuetype`, `org_objid`, `org_name`, `parentid`, `generic`, `sortorder`, `hidefromlookup`) VALUES ('RPT_BASIC_CURRENT_BRGY_SHARE:158-06-0032', 'ACTIVE', '-', 'OPAO RPT BASIC CURRENT BARANGAY SHARE', 'OPAO RPT BASIC CURRENT BARANGAY SHARE', 'PAYABLE', 'GENERAL', '01', 'GENERAL', '0.00', 'ANY', '158-06-0032', 'OPAO', 'RPT_BASIC_CURRENT_BRGY_SHARE', '0', '0', '0');
INSERT INTO `itemaccount` (`objid`, `state`, `code`, `title`, `description`, `type`, `fund_objid`, `fund_code`, `fund_title`, `defaultvalue`, `valuetype`, `org_objid`, `org_name`, `parentid`, `generic`, `sortorder`, `hidefromlookup`) VALUES ('RPT_BASIC_CURRENT_BRGY_SHARE:158-06-0037', 'ACTIVE', '-', 'POTUNGAN RPT BASIC CURRENT BARANGAY SHARE', 'POTUNGAN RPT BASIC CURRENT BARANGAY SHARE', 'PAYABLE', 'GENERAL', '01', 'GENERAL', '0.00', 'ANY', '158-06-0037', 'POTUNGAN', 'RPT_BASIC_CURRENT_BRGY_SHARE', '0', '0', '0');
INSERT INTO `itemaccount` (`objid`, `state`, `code`, `title`, `description`, `type`, `fund_objid`, `fund_code`, `fund_title`, `defaultvalue`, `valuetype`, `org_objid`, `org_name`, `parentid`, `generic`, `sortorder`, `hidefromlookup`) VALUES ('RPT_BASIC_CURRENT_BRGY_SHARE:158-06-0038', 'ACTIVE', '-', 'SAN FRANCISCO RPT BASIC CURRENT BARANGAY SHARE', 'SAN FRANCISCO RPT BASIC CURRENT BARANGAY SHARE', 'PAYABLE', 'GENERAL', '01', 'GENERAL', '0.00', 'ANY', '158-06-0038', 'SAN FRANCISCO', 'RPT_BASIC_CURRENT_BRGY_SHARE', '0', '0', '0');
INSERT INTO `itemaccount` (`objid`, `state`, `code`, `title`, `description`, `type`, `fund_objid`, `fund_code`, `fund_title`, `defaultvalue`, `valuetype`, `org_objid`, `org_name`, `parentid`, `generic`, `sortorder`, `hidefromlookup`) VALUES ('RPT_BASIC_CURRENT_BRGY_SHARE:158-06-0044', 'ACTIVE', '-', 'SIGAYAN RPT BASIC CURRENT BARANGAY SHARE', 'SIGAYAN RPT BASIC CURRENT BARANGAY SHARE', 'PAYABLE', 'GENERAL', '01', 'GENERAL', '0.00', 'ANY', '158-06-0044', 'SIGAYAN', 'RPT_BASIC_CURRENT_BRGY_SHARE', '0', '0', '0');
INSERT INTO `itemaccount` (`objid`, `state`, `code`, `title`, `description`, `type`, `fund_objid`, `fund_code`, `fund_title`, `defaultvalue`, `valuetype`, `org_objid`, `org_name`, `parentid`, `generic`, `sortorder`, `hidefromlookup`) VALUES ('RPT_BASIC_PREVIOUS', 'ACTIVE', '588-002', 'RPT BASIC PREVIOUS', 'RPT BASIC PREVIOUS', 'REVENUE', 'GENERAL', '01', 'GENERAL', '0.00', 'ANY', NULL, NULL, NULL, '0', '0', '0');
INSERT INTO `itemaccount` (`objid`, `state`, `code`, `title`, `description`, `type`, `fund_objid`, `fund_code`, `fund_title`, `defaultvalue`, `valuetype`, `org_objid`, `org_name`, `parentid`, `generic`, `sortorder`, `hidefromlookup`) VALUES ('RPT_BASIC_PREVIOUS:158', 'ACTIVE', '-', 'DAPITAN CITY RPT BASIC PREVIOUS', 'DAPITAN CITY RPT BASIC PREVIOUS', 'REVENUE', 'GENERAL', '01', 'GENERAL', '0.00', 'ANY', '158', 'DAPITAN CITY', 'RPT_BASIC_PREVIOUS', '0', '0', '0');
INSERT INTO `itemaccount` (`objid`, `state`, `code`, `title`, `description`, `type`, `fund_objid`, `fund_code`, `fund_title`, `defaultvalue`, `valuetype`, `org_objid`, `org_name`, `parentid`, `generic`, `sortorder`, `hidefromlookup`) VALUES ('RPT_BASIC_PREVIOUS_BRGY_SHARE', 'ACTIVE', '455-049', 'RPT BASIC PREVIOUS BARANGAY SHARE', 'RPT BASIC PREVIOUS BARANGAY SHARE', 'PAYABLE', 'GENERAL', '01', 'GENERAL', '0.00', 'ANY', NULL, NULL, NULL, '0', '0', '0');
INSERT INTO `itemaccount` (`objid`, `state`, `code`, `title`, `description`, `type`, `fund_objid`, `fund_code`, `fund_title`, `defaultvalue`, `valuetype`, `org_objid`, `org_name`, `parentid`, `generic`, `sortorder`, `hidefromlookup`) VALUES ('RPT_BASIC_PREVIOUS_BRGY_SHARE:158-01-0001', 'ACTIVE', '-', 'POBLACION RPT BASIC PREVIOUS BARANGAY SHARE', 'POBLACION RPT BASIC PREVIOUS BARANGAY SHARE', 'PAYABLE', 'GENERAL', '01', 'GENERAL', '0.00', 'ANY', '158-01-0001', 'POBLACION', 'RPT_BASIC_PREVIOUS_BRGY_SHARE', '0', '0', '0');
INSERT INTO `itemaccount` (`objid`, `state`, `code`, `title`, `description`, `type`, `fund_objid`, `fund_code`, `fund_title`, `defaultvalue`, `valuetype`, `org_objid`, `org_name`, `parentid`, `generic`, `sortorder`, `hidefromlookup`) VALUES ('RPT_BASIC_PREVIOUS_BRGY_SHARE:158-01-0009', 'ACTIVE', '-', 'ALIGUAY RPT BASIC PREVIOUS BARANGAY SHARE', 'ALIGUAY RPT BASIC PREVIOUS BARANGAY SHARE', 'PAYABLE', 'GENERAL', '01', 'GENERAL', '0.00', 'ANY', '158-01-0009', 'ALIGUAY', 'RPT_BASIC_PREVIOUS_BRGY_SHARE', '0', '0', '0');
INSERT INTO `itemaccount` (`objid`, `state`, `code`, `title`, `description`, `type`, `fund_objid`, `fund_code`, `fund_title`, `defaultvalue`, `valuetype`, `org_objid`, `org_name`, `parentid`, `generic`, `sortorder`, `hidefromlookup`) VALUES ('RPT_BASIC_PREVIOUS_BRGY_SHARE:158-01-0013', 'ACTIVE', '-', 'BANBANAN RPT BASIC PREVIOUS BARANGAY SHARE', 'BANBANAN RPT BASIC PREVIOUS BARANGAY SHARE', 'PAYABLE', 'GENERAL', '01', 'GENERAL', '0.00', 'ANY', '158-01-0013', 'BANBANAN', 'RPT_BASIC_PREVIOUS_BRGY_SHARE', '0', '0', '0');
INSERT INTO `itemaccount` (`objid`, `state`, `code`, `title`, `description`, `type`, `fund_objid`, `fund_code`, `fund_title`, `defaultvalue`, `valuetype`, `org_objid`, `org_name`, `parentid`, `generic`, `sortorder`, `hidefromlookup`) VALUES ('RPT_BASIC_PREVIOUS_BRGY_SHARE:158-01-0017', 'ACTIVE', '-', 'CANLUCANI RPT BASIC PREVIOUS BARANGAY SHARE', 'CANLUCANI RPT BASIC PREVIOUS BARANGAY SHARE', 'PAYABLE', 'GENERAL', '01', 'GENERAL', '0.00', 'ANY', '158-01-0017', 'CANLUCANI', 'RPT_BASIC_PREVIOUS_BRGY_SHARE', '0', '0', '0');
INSERT INTO `itemaccount` (`objid`, `state`, `code`, `title`, `description`, `type`, `fund_objid`, `fund_code`, `fund_title`, `defaultvalue`, `valuetype`, `org_objid`, `org_name`, `parentid`, `generic`, `sortorder`, `hidefromlookup`) VALUES ('RPT_BASIC_PREVIOUS_BRGY_SHARE:158-01-0018', 'ACTIVE', '-', 'CARANG RPT BASIC PREVIOUS BARANGAY SHARE', 'CARANG RPT BASIC PREVIOUS BARANGAY SHARE', 'PAYABLE', 'GENERAL', '01', 'GENERAL', '0.00', 'ANY', '158-01-0018', 'CARANG', 'RPT_BASIC_PREVIOUS_BRGY_SHARE', '0', '0', '0');
INSERT INTO `itemaccount` (`objid`, `state`, `code`, `title`, `description`, `type`, `fund_objid`, `fund_code`, `fund_title`, `defaultvalue`, `valuetype`, `org_objid`, `org_name`, `parentid`, `generic`, `sortorder`, `hidefromlookup`) VALUES ('RPT_BASIC_PREVIOUS_BRGY_SHARE:158-01-0022', 'ACTIVE', '-', 'GUIMPUTLAN RPT BASIC PREVIOUS BARANGAY SHARE', 'GUIMPUTLAN RPT BASIC PREVIOUS BARANGAY SHARE', 'PAYABLE', 'GENERAL', '01', 'GENERAL', '0.00', 'ANY', '158-01-0022', 'GUIMPUTLAN', 'RPT_BASIC_PREVIOUS_BRGY_SHARE', '0', '0', '0');
INSERT INTO `itemaccount` (`objid`, `state`, `code`, `title`, `description`, `type`, `fund_objid`, `fund_code`, `fund_title`, `defaultvalue`, `valuetype`, `org_objid`, `org_name`, `parentid`, `generic`, `sortorder`, `hidefromlookup`) VALUES ('RPT_BASIC_PREVIOUS_BRGY_SHARE:158-01-0042', 'ACTIVE', '-', 'SANTO NINO RPT BASIC PREVIOUS BARANGAY SHARE', 'SANTO NINO RPT BASIC PREVIOUS BARANGAY SHARE', 'PAYABLE', 'GENERAL', '01', 'GENERAL', '0.00', 'ANY', '158-01-0042', 'SANTO NINO', 'RPT_BASIC_PREVIOUS_BRGY_SHARE', '0', '0', '0');
INSERT INTO `itemaccount` (`objid`, `state`, `code`, `title`, `description`, `type`, `fund_objid`, `fund_code`, `fund_title`, `defaultvalue`, `valuetype`, `org_objid`, `org_name`, `parentid`, `generic`, `sortorder`, `hidefromlookup`) VALUES ('RPT_BASIC_PREVIOUS_BRGY_SHARE:158-01-0045', 'ACTIVE', '-', 'SELINOG RPT BASIC PREVIOUS BARANGAY SHARE', 'SELINOG RPT BASIC PREVIOUS BARANGAY SHARE', 'PAYABLE', 'GENERAL', '01', 'GENERAL', '0.00', 'ANY', '158-01-0045', 'SELINOG', 'RPT_BASIC_PREVIOUS_BRGY_SHARE', '0', '0', '0');
INSERT INTO `itemaccount` (`objid`, `state`, `code`, `title`, `description`, `type`, `fund_objid`, `fund_code`, `fund_title`, `defaultvalue`, `valuetype`, `org_objid`, `org_name`, `parentid`, `generic`, `sortorder`, `hidefromlookup`) VALUES ('RPT_BASIC_PREVIOUS_BRGY_SHARE:158-01-0048', 'ACTIVE', '-', 'TAG-ULO RPT BASIC PREVIOUS BARANGAY SHARE', 'TAG-ULO RPT BASIC PREVIOUS BARANGAY SHARE', 'PAYABLE', 'GENERAL', '01', 'GENERAL', '0.00', 'ANY', '158-01-0048', 'TAG-ULO', 'RPT_BASIC_PREVIOUS_BRGY_SHARE', '0', '0', '0');
INSERT INTO `itemaccount` (`objid`, `state`, `code`, `title`, `description`, `type`, `fund_objid`, `fund_code`, `fund_title`, `defaultvalue`, `valuetype`, `org_objid`, `org_name`, `parentid`, `generic`, `sortorder`, `hidefromlookup`) VALUES ('RPT_BASIC_PREVIOUS_BRGY_SHARE:158-01-0049', 'ACTIVE', '-', 'TAGUILON RPT BASIC PREVIOUS BARANGAY SHARE', 'TAGUILON RPT BASIC PREVIOUS BARANGAY SHARE', 'PAYABLE', 'GENERAL', '01', 'GENERAL', '0.00', 'ANY', '158-01-0049', 'TAGUILON', 'RPT_BASIC_PREVIOUS_BRGY_SHARE', '0', '0', '0');
INSERT INTO `itemaccount` (`objid`, `state`, `code`, `title`, `description`, `type`, `fund_objid`, `fund_code`, `fund_title`, `defaultvalue`, `valuetype`, `org_objid`, `org_name`, `parentid`, `generic`, `sortorder`, `hidefromlookup`) VALUES ('RPT_BASIC_PREVIOUS_BRGY_SHARE:158-02-0015', 'ACTIVE', '-', 'BAYLIMANGO RPT BASIC PREVIOUS BARANGAY SHARE', 'BAYLIMANGO RPT BASIC PREVIOUS BARANGAY SHARE', 'PAYABLE', 'GENERAL', '01', 'GENERAL', '0.00', 'ANY', '158-02-0015', 'BAYLIMANGO', 'RPT_BASIC_PREVIOUS_BRGY_SHARE', '0', '0', '0');
INSERT INTO `itemaccount` (`objid`, `state`, `code`, `title`, `description`, `type`, `fund_objid`, `fund_code`, `fund_title`, `defaultvalue`, `valuetype`, `org_objid`, `org_name`, `parentid`, `generic`, `sortorder`, `hidefromlookup`) VALUES ('RPT_BASIC_PREVIOUS_BRGY_SHARE:158-02-0020', 'ACTIVE', '-', 'DARO RPT BASIC PREVIOUS BARANGAY SHARE', 'DARO RPT BASIC PREVIOUS BARANGAY SHARE', 'PAYABLE', 'GENERAL', '01', 'GENERAL', '0.00', 'ANY', '158-02-0020', 'DARO', 'RPT_BASIC_PREVIOUS_BRGY_SHARE', '0', '0', '0');
INSERT INTO `itemaccount` (`objid`, `state`, `code`, `title`, `description`, `type`, `fund_objid`, `fund_code`, `fund_title`, `defaultvalue`, `valuetype`, `org_objid`, `org_name`, `parentid`, `generic`, `sortorder`, `hidefromlookup`) VALUES ('RPT_BASIC_PREVIOUS_BRGY_SHARE:158-02-0025', 'ACTIVE', '-', 'KAUSWAGAN RPT BASIC PREVIOUS BARANGAY SHARE', 'KAUSWAGAN RPT BASIC PREVIOUS BARANGAY SHARE', 'PAYABLE', 'GENERAL', '01', 'GENERAL', '0.00', 'ANY', '158-02-0025', 'KAUSWAGAN', 'RPT_BASIC_PREVIOUS_BRGY_SHARE', '0', '0', '0');
INSERT INTO `itemaccount` (`objid`, `state`, `code`, `title`, `description`, `type`, `fund_objid`, `fund_code`, `fund_title`, `defaultvalue`, `valuetype`, `org_objid`, `org_name`, `parentid`, `generic`, `sortorder`, `hidefromlookup`) VALUES ('RPT_BASIC_PREVIOUS_BRGY_SHARE:158-02-0028', 'ACTIVE', '-', 'MARIA CRISTINA RPT BASIC PREVIOUS BARANGAY SHARE', 'MARIA CRISTINA RPT BASIC PREVIOUS BARANGAY SHARE', 'PAYABLE', 'GENERAL', '01', 'GENERAL', '0.00', 'ANY', '158-02-0028', 'MARIA CRISTINA', 'RPT_BASIC_PREVIOUS_BRGY_SHARE', '0', '0', '0');
INSERT INTO `itemaccount` (`objid`, `state`, `code`, `title`, `description`, `type`, `fund_objid`, `fund_code`, `fund_title`, `defaultvalue`, `valuetype`, `org_objid`, `org_name`, `parentid`, `generic`, `sortorder`, `hidefromlookup`) VALUES ('RPT_BASIC_PREVIOUS_BRGY_SHARE:158-02-0029', 'ACTIVE', '-', 'MARIA URAY RPT BASIC PREVIOUS BARANGAY SHARE', 'MARIA URAY RPT BASIC PREVIOUS BARANGAY SHARE', 'PAYABLE', 'GENERAL', '01', 'GENERAL', '0.00', 'ANY', '158-02-0029', 'MARIA URAY', 'RPT_BASIC_PREVIOUS_BRGY_SHARE', '0', '0', '0');
INSERT INTO `itemaccount` (`objid`, `state`, `code`, `title`, `description`, `type`, `fund_objid`, `fund_code`, `fund_title`, `defaultvalue`, `valuetype`, `org_objid`, `org_name`, `parentid`, `generic`, `sortorder`, `hidefromlookup`) VALUES ('RPT_BASIC_PREVIOUS_BRGY_SHARE:158-02-0031', 'ACTIVE', '-', 'NAPO RPT BASIC PREVIOUS BARANGAY SHARE', 'NAPO RPT BASIC PREVIOUS BARANGAY SHARE', 'PAYABLE', 'GENERAL', '01', 'GENERAL', '0.00', 'ANY', '158-02-0031', 'NAPO', 'RPT_BASIC_PREVIOUS_BRGY_SHARE', '0', '0', '0');
INSERT INTO `itemaccount` (`objid`, `state`, `code`, `title`, `description`, `type`, `fund_objid`, `fund_code`, `fund_title`, `defaultvalue`, `valuetype`, `org_objid`, `org_name`, `parentid`, `generic`, `sortorder`, `hidefromlookup`) VALUES ('RPT_BASIC_PREVIOUS_BRGY_SHARE:158-02-0033', 'ACTIVE', '-', 'ORO RPT BASIC PREVIOUS BARANGAY SHARE', 'ORO RPT BASIC PREVIOUS BARANGAY SHARE', 'PAYABLE', 'GENERAL', '01', 'GENERAL', '0.00', 'ANY', '158-02-0033', 'ORO', 'RPT_BASIC_PREVIOUS_BRGY_SHARE', '0', '0', '0');
INSERT INTO `itemaccount` (`objid`, `state`, `code`, `title`, `description`, `type`, `fund_objid`, `fund_code`, `fund_title`, `defaultvalue`, `valuetype`, `org_objid`, `org_name`, `parentid`, `generic`, `sortorder`, `hidefromlookup`) VALUES ('RPT_BASIC_PREVIOUS_BRGY_SHARE:158-02-0046', 'ACTIVE', '-', 'SINONOC RPT BASIC PREVIOUS BARANGAY SHARE', 'SINONOC RPT BASIC PREVIOUS BARANGAY SHARE', 'PAYABLE', 'GENERAL', '01', 'GENERAL', '0.00', 'ANY', '158-02-0046', 'SINONOC', 'RPT_BASIC_PREVIOUS_BRGY_SHARE', '0', '0', '0');
INSERT INTO `itemaccount` (`objid`, `state`, `code`, `title`, `description`, `type`, `fund_objid`, `fund_code`, `fund_title`, `defaultvalue`, `valuetype`, `org_objid`, `org_name`, `parentid`, `generic`, `sortorder`, `hidefromlookup`) VALUES ('RPT_BASIC_PREVIOUS_BRGY_SHARE:158-03-0001', 'ACTIVE', '-', 'DAWO RPT BASIC PREVIOUS BARANGAY SHARE', 'DAWO RPT BASIC PREVIOUS BARANGAY SHARE', 'PAYABLE', 'GENERAL', '01', 'GENERAL', '0.00', 'ANY', '158-03-0001', 'DAWO', 'RPT_BASIC_PREVIOUS_BRGY_SHARE', '0', '0', '0');
INSERT INTO `itemaccount` (`objid`, `state`, `code`, `title`, `description`, `type`, `fund_objid`, `fund_code`, `fund_title`, `defaultvalue`, `valuetype`, `org_objid`, `org_name`, `parentid`, `generic`, `sortorder`, `hidefromlookup`) VALUES ('RPT_BASIC_PREVIOUS_BRGY_SHARE:158-03-0002', 'ACTIVE', '-', 'BAGTING RPT BASIC PREVIOUS BARANGAY SHARE', 'BAGTING RPT BASIC PREVIOUS BARANGAY SHARE', 'PAYABLE', 'GENERAL', '01', 'GENERAL', '0.00', 'ANY', '158-03-0002', 'BAGTING', 'RPT_BASIC_PREVIOUS_BRGY_SHARE', '0', '0', '0');
INSERT INTO `itemaccount` (`objid`, `state`, `code`, `title`, `description`, `type`, `fund_objid`, `fund_code`, `fund_title`, `defaultvalue`, `valuetype`, `org_objid`, `org_name`, `parentid`, `generic`, `sortorder`, `hidefromlookup`) VALUES ('RPT_BASIC_PREVIOUS_BRGY_SHARE:158-03-0003', 'ACTIVE', '-', 'BANONONG RPT BASIC PREVIOUS BARANGAY SHARE', 'BANONONG RPT BASIC PREVIOUS BARANGAY SHARE', 'PAYABLE', 'GENERAL', '01', 'GENERAL', '0.00', 'ANY', '158-03-0003', 'BANONONG', 'RPT_BASIC_PREVIOUS_BRGY_SHARE', '0', '0', '0');
INSERT INTO `itemaccount` (`objid`, `state`, `code`, `title`, `description`, `type`, `fund_objid`, `fund_code`, `fund_title`, `defaultvalue`, `valuetype`, `org_objid`, `org_name`, `parentid`, `generic`, `sortorder`, `hidefromlookup`) VALUES ('RPT_BASIC_PREVIOUS_BRGY_SHARE:158-03-0004', 'ACTIVE', '-', 'CAWA-CAWA RPT BASIC PREVIOUS BARANGAY SHARE', 'CAWA-CAWA RPT BASIC PREVIOUS BARANGAY SHARE', 'PAYABLE', 'GENERAL', '01', 'GENERAL', '0.00', 'ANY', '158-03-0004', 'CAWA-CAWA', 'RPT_BASIC_PREVIOUS_BRGY_SHARE', '0', '0', '0');
INSERT INTO `itemaccount` (`objid`, `state`, `code`, `title`, `description`, `type`, `fund_objid`, `fund_code`, `fund_title`, `defaultvalue`, `valuetype`, `org_objid`, `org_name`, `parentid`, `generic`, `sortorder`, `hidefromlookup`) VALUES ('RPT_BASIC_PREVIOUS_BRGY_SHARE:158-03-0005', 'ACTIVE', '-', 'LINABO RPT BASIC PREVIOUS BARANGAY SHARE', 'LINABO RPT BASIC PREVIOUS BARANGAY SHARE', 'PAYABLE', 'GENERAL', '01', 'GENERAL', '0.00', 'ANY', '158-03-0005', 'LINABO', 'RPT_BASIC_PREVIOUS_BRGY_SHARE', '0', '0', '0');
INSERT INTO `itemaccount` (`objid`, `state`, `code`, `title`, `description`, `type`, `fund_objid`, `fund_code`, `fund_title`, `defaultvalue`, `valuetype`, `org_objid`, `org_name`, `parentid`, `generic`, `sortorder`, `hidefromlookup`) VALUES ('RPT_BASIC_PREVIOUS_BRGY_SHARE:158-03-0006', 'ACTIVE', '-', 'POTOL RPT BASIC PREVIOUS BARANGAY SHARE', 'POTOL RPT BASIC PREVIOUS BARANGAY SHARE', 'PAYABLE', 'GENERAL', '01', 'GENERAL', '0.00', 'ANY', '158-03-0006', 'POTOL', 'RPT_BASIC_PREVIOUS_BRGY_SHARE', '0', '0', '0');
INSERT INTO `itemaccount` (`objid`, `state`, `code`, `title`, `description`, `type`, `fund_objid`, `fund_code`, `fund_title`, `defaultvalue`, `valuetype`, `org_objid`, `org_name`, `parentid`, `generic`, `sortorder`, `hidefromlookup`) VALUES ('RPT_BASIC_PREVIOUS_BRGY_SHARE:158-03-0007', 'ACTIVE', '-', 'SANTA CRUZ RPT BASIC PREVIOUS BARANGAY SHARE', 'SANTA CRUZ RPT BASIC PREVIOUS BARANGAY SHARE', 'PAYABLE', 'GENERAL', '01', 'GENERAL', '0.00', 'ANY', '158-03-0007', 'SANTA CRUZ', 'RPT_BASIC_PREVIOUS_BRGY_SHARE', '0', '0', '0');
INSERT INTO `itemaccount` (`objid`, `state`, `code`, `title`, `description`, `type`, `fund_objid`, `fund_code`, `fund_title`, `defaultvalue`, `valuetype`, `org_objid`, `org_name`, `parentid`, `generic`, `sortorder`, `hidefromlookup`) VALUES ('RPT_BASIC_PREVIOUS_BRGY_SHARE:158-03-0008', 'ACTIVE', '-', 'TALISAY RPT BASIC PREVIOUS BARANGAY SHARE', 'TALISAY RPT BASIC PREVIOUS BARANGAY SHARE', 'PAYABLE', 'GENERAL', '01', 'GENERAL', '0.00', 'ANY', '158-03-0008', 'TALISAY', 'RPT_BASIC_PREVIOUS_BRGY_SHARE', '0', '0', '0');
INSERT INTO `itemaccount` (`objid`, `state`, `code`, `title`, `description`, `type`, `fund_objid`, `fund_code`, `fund_title`, `defaultvalue`, `valuetype`, `org_objid`, `org_name`, `parentid`, `generic`, `sortorder`, `hidefromlookup`) VALUES ('RPT_BASIC_PREVIOUS_BRGY_SHARE:158-04-0010', 'ACTIVE', '-', 'ANTIPOLO RPT BASIC PREVIOUS BARANGAY SHARE', 'ANTIPOLO RPT BASIC PREVIOUS BARANGAY SHARE', 'PAYABLE', 'GENERAL', '01', 'GENERAL', '0.00', 'ANY', '158-04-0010', 'ANTIPOLO', 'RPT_BASIC_PREVIOUS_BRGY_SHARE', '0', '0', '0');
INSERT INTO `itemaccount` (`objid`, `state`, `code`, `title`, `description`, `type`, `fund_objid`, `fund_code`, `fund_title`, `defaultvalue`, `valuetype`, `org_objid`, `org_name`, `parentid`, `generic`, `sortorder`, `hidefromlookup`) VALUES ('RPT_BASIC_PREVIOUS_BRGY_SHARE:158-04-0014', 'ACTIVE', '-', 'SAN VICENTE RPT BASIC PREVIOUS BARANGAY SHARE', 'SAN VICENTE RPT BASIC PREVIOUS BARANGAY SHARE', 'PAYABLE', 'GENERAL', '01', 'GENERAL', '0.00', 'ANY', '158-04-0014', 'SAN VICENTE', 'RPT_BASIC_PREVIOUS_BRGY_SHARE', '0', '0', '0');
INSERT INTO `itemaccount` (`objid`, `state`, `code`, `title`, `description`, `type`, `fund_objid`, `fund_code`, `fund_title`, `defaultvalue`, `valuetype`, `org_objid`, `org_name`, `parentid`, `generic`, `sortorder`, `hidefromlookup`) VALUES ('RPT_BASIC_PREVIOUS_BRGY_SHARE:158-04-0026', 'ACTIVE', '-', 'LARAYAN RPT BASIC PREVIOUS BARANGAY SHARE', 'LARAYAN RPT BASIC PREVIOUS BARANGAY SHARE', 'PAYABLE', 'GENERAL', '01', 'GENERAL', '0.00', 'ANY', '158-04-0026', 'LARAYAN', 'RPT_BASIC_PREVIOUS_BRGY_SHARE', '0', '0', '0');
INSERT INTO `itemaccount` (`objid`, `state`, `code`, `title`, `description`, `type`, `fund_objid`, `fund_code`, `fund_title`, `defaultvalue`, `valuetype`, `org_objid`, `org_name`, `parentid`, `generic`, `sortorder`, `hidefromlookup`) VALUES ('RPT_BASIC_PREVIOUS_BRGY_SHARE:158-04-0027', 'ACTIVE', '-', 'LIYANG RPT BASIC PREVIOUS BARANGAY SHARE', 'LIYANG RPT BASIC PREVIOUS BARANGAY SHARE', 'PAYABLE', 'GENERAL', '01', 'GENERAL', '0.00', 'ANY', '158-04-0027', 'LIYANG', 'RPT_BASIC_PREVIOUS_BRGY_SHARE', '0', '0', '0');
INSERT INTO `itemaccount` (`objid`, `state`, `code`, `title`, `description`, `type`, `fund_objid`, `fund_code`, `fund_title`, `defaultvalue`, `valuetype`, `org_objid`, `org_name`, `parentid`, `generic`, `sortorder`, `hidefromlookup`) VALUES ('RPT_BASIC_PREVIOUS_BRGY_SHARE:158-04-0034', 'ACTIVE', '-', 'OWAON RPT BASIC PREVIOUS BARANGAY SHARE', 'OWAON RPT BASIC PREVIOUS BARANGAY SHARE', 'PAYABLE', 'GENERAL', '01', 'GENERAL', '0.00', 'ANY', '158-04-0034', 'OWAON', 'RPT_BASIC_PREVIOUS_BRGY_SHARE', '0', '0', '0');
INSERT INTO `itemaccount` (`objid`, `state`, `code`, `title`, `description`, `type`, `fund_objid`, `fund_code`, `fund_title`, `defaultvalue`, `valuetype`, `org_objid`, `org_name`, `parentid`, `generic`, `sortorder`, `hidefromlookup`) VALUES ('RPT_BASIC_PREVIOUS_BRGY_SHARE:158-04-0036', 'ACTIVE', '-', 'POLO RPT BASIC PREVIOUS BARANGAY SHARE', 'POLO RPT BASIC PREVIOUS BARANGAY SHARE', 'PAYABLE', 'GENERAL', '01', 'GENERAL', '0.00', 'ANY', '158-04-0036', 'POLO', 'RPT_BASIC_PREVIOUS_BRGY_SHARE', '0', '0', '0');
INSERT INTO `itemaccount` (`objid`, `state`, `code`, `title`, `description`, `type`, `fund_objid`, `fund_code`, `fund_title`, `defaultvalue`, `valuetype`, `org_objid`, `org_name`, `parentid`, `generic`, `sortorder`, `hidefromlookup`) VALUES ('RPT_BASIC_PREVIOUS_BRGY_SHARE:158-04-0040', 'ACTIVE', '-', 'SAN PEDRO RPT BASIC PREVIOUS BARANGAY SHARE', 'SAN PEDRO RPT BASIC PREVIOUS BARANGAY SHARE', 'PAYABLE', 'GENERAL', '01', 'GENERAL', '0.00', 'ANY', '158-04-0040', 'SAN PEDRO', 'RPT_BASIC_PREVIOUS_BRGY_SHARE', '0', '0', '0');
INSERT INTO `itemaccount` (`objid`, `state`, `code`, `title`, `description`, `type`, `fund_objid`, `fund_code`, `fund_title`, `defaultvalue`, `valuetype`, `org_objid`, `org_name`, `parentid`, `generic`, `sortorder`, `hidefromlookup`) VALUES ('RPT_BASIC_PREVIOUS_BRGY_SHARE:158-04-0043', 'ACTIVE', '-', 'SICAYAB BUCANA RPT BASIC PREVIOUS BARANGAY SHARE', 'SICAYAB BUCANA RPT BASIC PREVIOUS BARANGAY SHARE', 'PAYABLE', 'GENERAL', '01', 'GENERAL', '0.00', 'ANY', '158-04-0043', 'SICAYAB BUCANA', 'RPT_BASIC_PREVIOUS_BRGY_SHARE', '0', '0', '0');
INSERT INTO `itemaccount` (`objid`, `state`, `code`, `title`, `description`, `type`, `fund_objid`, `fund_code`, `fund_title`, `defaultvalue`, `valuetype`, `org_objid`, `org_name`, `parentid`, `generic`, `sortorder`, `hidefromlookup`) VALUES ('RPT_BASIC_PREVIOUS_BRGY_SHARE:158-04-0047', 'ACTIVE', '-', 'SULANGON RPT BASIC PREVIOUS BARANGAY SHARE', 'SULANGON RPT BASIC PREVIOUS BARANGAY SHARE', 'PAYABLE', 'GENERAL', '01', 'GENERAL', '0.00', 'ANY', '158-04-0047', 'SULANGON', 'RPT_BASIC_PREVIOUS_BRGY_SHARE', '0', '0', '0');
INSERT INTO `itemaccount` (`objid`, `state`, `code`, `title`, `description`, `type`, `fund_objid`, `fund_code`, `fund_title`, `defaultvalue`, `valuetype`, `org_objid`, `org_name`, `parentid`, `generic`, `sortorder`, `hidefromlookup`) VALUES ('RPT_BASIC_PREVIOUS_BRGY_SHARE:158-05-0014', 'ACTIVE', '-', 'BARCELONA RPT BASIC PREVIOUS BARANGAY SHARE', 'BARCELONA RPT BASIC PREVIOUS BARANGAY SHARE', 'PAYABLE', 'GENERAL', '01', 'GENERAL', '0.00', 'ANY', '158-05-0014', 'BARCELONA', 'RPT_BASIC_PREVIOUS_BRGY_SHARE', '0', '0', '0');
INSERT INTO `itemaccount` (`objid`, `state`, `code`, `title`, `description`, `type`, `fund_objid`, `fund_code`, `fund_title`, `defaultvalue`, `valuetype`, `org_objid`, `org_name`, `parentid`, `generic`, `sortorder`, `hidefromlookup`) VALUES ('RPT_BASIC_PREVIOUS_BRGY_SHARE:158-05-0016', 'ACTIVE', '-', 'BURGOS RPT BASIC PREVIOUS BARANGAY SHARE', 'BURGOS RPT BASIC PREVIOUS BARANGAY SHARE', 'PAYABLE', 'GENERAL', '01', 'GENERAL', '0.00', 'ANY', '158-05-0016', 'BURGOS', 'RPT_BASIC_PREVIOUS_BRGY_SHARE', '0', '0', '0');
INSERT INTO `itemaccount` (`objid`, `state`, `code`, `title`, `description`, `type`, `fund_objid`, `fund_code`, `fund_title`, `defaultvalue`, `valuetype`, `org_objid`, `org_name`, `parentid`, `generic`, `sortorder`, `hidefromlookup`) VALUES ('RPT_BASIC_PREVIOUS_BRGY_SHARE:158-05-0021', 'ACTIVE', '-', 'DIWA-AN RPT BASIC PREVIOUS BARANGAY SHARE', 'DIWA-AN RPT BASIC PREVIOUS BARANGAY SHARE', 'PAYABLE', 'GENERAL', '01', 'GENERAL', '0.00', 'ANY', '158-05-0021', 'DIWA-AN', 'RPT_BASIC_PREVIOUS_BRGY_SHARE', '0', '0', '0');
INSERT INTO `itemaccount` (`objid`, `state`, `code`, `title`, `description`, `type`, `fund_objid`, `fund_code`, `fund_title`, `defaultvalue`, `valuetype`, `org_objid`, `org_name`, `parentid`, `generic`, `sortorder`, `hidefromlookup`) VALUES ('RPT_BASIC_PREVIOUS_BRGY_SHARE:158-05-0023', 'ACTIVE', '-', 'HILLTOP RPT BASIC PREVIOUS BARANGAY SHARE', 'HILLTOP RPT BASIC PREVIOUS BARANGAY SHARE', 'PAYABLE', 'GENERAL', '01', 'GENERAL', '0.00', 'ANY', '158-05-0023', 'HILLTOP', 'RPT_BASIC_PREVIOUS_BRGY_SHARE', '0', '0', '0');
INSERT INTO `itemaccount` (`objid`, `state`, `code`, `title`, `description`, `type`, `fund_objid`, `fund_code`, `fund_title`, `defaultvalue`, `valuetype`, `org_objid`, `org_name`, `parentid`, `generic`, `sortorder`, `hidefromlookup`) VALUES ('RPT_BASIC_PREVIOUS_BRGY_SHARE:158-05-0024', 'ACTIVE', '-', 'ILAYA RPT BASIC PREVIOUS BARANGAY SHARE', 'ILAYA RPT BASIC PREVIOUS BARANGAY SHARE', 'PAYABLE', 'GENERAL', '01', 'GENERAL', '0.00', 'ANY', '158-05-0024', 'ILAYA', 'RPT_BASIC_PREVIOUS_BRGY_SHARE', '0', '0', '0');
INSERT INTO `itemaccount` (`objid`, `state`, `code`, `title`, `description`, `type`, `fund_objid`, `fund_code`, `fund_title`, `defaultvalue`, `valuetype`, `org_objid`, `org_name`, `parentid`, `generic`, `sortorder`, `hidefromlookup`) VALUES ('RPT_BASIC_PREVIOUS_BRGY_SHARE:158-05-0035', 'ACTIVE', '-', 'OYAN RPT BASIC PREVIOUS BARANGAY SHARE', 'OYAN RPT BASIC PREVIOUS BARANGAY SHARE', 'PAYABLE', 'GENERAL', '01', 'GENERAL', '0.00', 'ANY', '158-05-0035', 'OYAN', 'RPT_BASIC_PREVIOUS_BRGY_SHARE', '0', '0', '0');
INSERT INTO `itemaccount` (`objid`, `state`, `code`, `title`, `description`, `type`, `fund_objid`, `fund_code`, `fund_title`, `defaultvalue`, `valuetype`, `org_objid`, `org_name`, `parentid`, `generic`, `sortorder`, `hidefromlookup`) VALUES ('RPT_BASIC_PREVIOUS_BRGY_SHARE:158-05-0039', 'ACTIVE', '-', 'SAN NICOLAS RPT BASIC PREVIOUS BARANGAY SHARE', 'SAN NICOLAS RPT BASIC PREVIOUS BARANGAY SHARE', 'PAYABLE', 'GENERAL', '01', 'GENERAL', '0.00', 'ANY', '158-05-0039', 'SAN NICOLAS', 'RPT_BASIC_PREVIOUS_BRGY_SHARE', '0', '0', '0');
INSERT INTO `itemaccount` (`objid`, `state`, `code`, `title`, `description`, `type`, `fund_objid`, `fund_code`, `fund_title`, `defaultvalue`, `valuetype`, `org_objid`, `org_name`, `parentid`, `generic`, `sortorder`, `hidefromlookup`) VALUES ('RPT_BASIC_PREVIOUS_BRGY_SHARE:158-05-0050', 'ACTIVE', '-', 'TAMION RPT BASIC PREVIOUS BARANGAY SHARE', 'TAMION RPT BASIC PREVIOUS BARANGAY SHARE', 'PAYABLE', 'GENERAL', '01', 'GENERAL', '0.00', 'ANY', '158-05-0050', 'TAMION', 'RPT_BASIC_PREVIOUS_BRGY_SHARE', '0', '0', '0');
INSERT INTO `itemaccount` (`objid`, `state`, `code`, `title`, `description`, `type`, `fund_objid`, `fund_code`, `fund_title`, `defaultvalue`, `valuetype`, `org_objid`, `org_name`, `parentid`, `generic`, `sortorder`, `hidefromlookup`) VALUES ('RPT_BASIC_PREVIOUS_BRGY_SHARE:158-06-0011', 'ACTIVE', '-', 'ASENIERO RPT BASIC PREVIOUS BARANGAY SHARE', 'ASENIERO RPT BASIC PREVIOUS BARANGAY SHARE', 'PAYABLE', 'GENERAL', '01', 'GENERAL', '0.00', 'ANY', '158-06-0011', 'ASENIERO', 'RPT_BASIC_PREVIOUS_BRGY_SHARE', '0', '0', '0');
INSERT INTO `itemaccount` (`objid`, `state`, `code`, `title`, `description`, `type`, `fund_objid`, `fund_code`, `fund_title`, `defaultvalue`, `valuetype`, `org_objid`, `org_name`, `parentid`, `generic`, `sortorder`, `hidefromlookup`) VALUES ('RPT_BASIC_PREVIOUS_BRGY_SHARE:158-06-0012', 'ACTIVE', '-', 'BA-AO RPT BASIC PREVIOUS BARANGAY SHARE', 'BA-AO RPT BASIC PREVIOUS BARANGAY SHARE', 'PAYABLE', 'GENERAL', '01', 'GENERAL', '0.00', 'ANY', '158-06-0012', 'BA-AO', 'RPT_BASIC_PREVIOUS_BRGY_SHARE', '0', '0', '0');
INSERT INTO `itemaccount` (`objid`, `state`, `code`, `title`, `description`, `type`, `fund_objid`, `fund_code`, `fund_title`, `defaultvalue`, `valuetype`, `org_objid`, `org_name`, `parentid`, `generic`, `sortorder`, `hidefromlookup`) VALUES ('RPT_BASIC_PREVIOUS_BRGY_SHARE:158-06-0019', 'ACTIVE', '-', 'DAMPALAN RPT BASIC PREVIOUS BARANGAY SHARE', 'DAMPALAN RPT BASIC PREVIOUS BARANGAY SHARE', 'PAYABLE', 'GENERAL', '01', 'GENERAL', '0.00', 'ANY', '158-06-0019', 'DAMPALAN', 'RPT_BASIC_PREVIOUS_BRGY_SHARE', '0', '0', '0');
INSERT INTO `itemaccount` (`objid`, `state`, `code`, `title`, `description`, `type`, `fund_objid`, `fund_code`, `fund_title`, `defaultvalue`, `valuetype`, `org_objid`, `org_name`, `parentid`, `generic`, `sortorder`, `hidefromlookup`) VALUES ('RPT_BASIC_PREVIOUS_BRGY_SHARE:158-06-0030', 'ACTIVE', '-', 'MASIDLAKON RPT BASIC PREVIOUS BARANGAY SHARE', 'MASIDLAKON RPT BASIC PREVIOUS BARANGAY SHARE', 'PAYABLE', 'GENERAL', '01', 'GENERAL', '0.00', 'ANY', '158-06-0030', 'MASIDLAKON', 'RPT_BASIC_PREVIOUS_BRGY_SHARE', '0', '0', '0');
INSERT INTO `itemaccount` (`objid`, `state`, `code`, `title`, `description`, `type`, `fund_objid`, `fund_code`, `fund_title`, `defaultvalue`, `valuetype`, `org_objid`, `org_name`, `parentid`, `generic`, `sortorder`, `hidefromlookup`) VALUES ('RPT_BASIC_PREVIOUS_BRGY_SHARE:158-06-0032', 'ACTIVE', '-', 'OPAO RPT BASIC PREVIOUS BARANGAY SHARE', 'OPAO RPT BASIC PREVIOUS BARANGAY SHARE', 'PAYABLE', 'GENERAL', '01', 'GENERAL', '0.00', 'ANY', '158-06-0032', 'OPAO', 'RPT_BASIC_PREVIOUS_BRGY_SHARE', '0', '0', '0');
INSERT INTO `itemaccount` (`objid`, `state`, `code`, `title`, `description`, `type`, `fund_objid`, `fund_code`, `fund_title`, `defaultvalue`, `valuetype`, `org_objid`, `org_name`, `parentid`, `generic`, `sortorder`, `hidefromlookup`) VALUES ('RPT_BASIC_PREVIOUS_BRGY_SHARE:158-06-0037', 'ACTIVE', '-', 'POTUNGAN RPT BASIC PREVIOUS BARANGAY SHARE', 'POTUNGAN RPT BASIC PREVIOUS BARANGAY SHARE', 'PAYABLE', 'GENERAL', '01', 'GENERAL', '0.00', 'ANY', '158-06-0037', 'POTUNGAN', 'RPT_BASIC_PREVIOUS_BRGY_SHARE', '0', '0', '0');
INSERT INTO `itemaccount` (`objid`, `state`, `code`, `title`, `description`, `type`, `fund_objid`, `fund_code`, `fund_title`, `defaultvalue`, `valuetype`, `org_objid`, `org_name`, `parentid`, `generic`, `sortorder`, `hidefromlookup`) VALUES ('RPT_BASIC_PREVIOUS_BRGY_SHARE:158-06-0038', 'ACTIVE', '-', 'SAN FRANCISCO RPT BASIC PREVIOUS BARANGAY SHARE', 'SAN FRANCISCO RPT BASIC PREVIOUS BARANGAY SHARE', 'PAYABLE', 'GENERAL', '01', 'GENERAL', '0.00', 'ANY', '158-06-0038', 'SAN FRANCISCO', 'RPT_BASIC_PREVIOUS_BRGY_SHARE', '0', '0', '0');
INSERT INTO `itemaccount` (`objid`, `state`, `code`, `title`, `description`, `type`, `fund_objid`, `fund_code`, `fund_title`, `defaultvalue`, `valuetype`, `org_objid`, `org_name`, `parentid`, `generic`, `sortorder`, `hidefromlookup`) VALUES ('RPT_BASIC_PREVIOUS_BRGY_SHARE:158-06-0044', 'ACTIVE', '-', 'SIGAYAN RPT BASIC PREVIOUS BARANGAY SHARE', 'SIGAYAN RPT BASIC PREVIOUS BARANGAY SHARE', 'PAYABLE', 'GENERAL', '01', 'GENERAL', '0.00', 'ANY', '158-06-0044', 'SIGAYAN', 'RPT_BASIC_PREVIOUS_BRGY_SHARE', '0', '0', '0');
INSERT INTO `itemaccount` (`objid`, `state`, `code`, `title`, `description`, `type`, `fund_objid`, `fund_code`, `fund_title`, `defaultvalue`, `valuetype`, `org_objid`, `org_name`, `parentid`, `generic`, `sortorder`, `hidefromlookup`) VALUES ('RPT_BASIC_PRIOR', 'ACTIVE', '588-003', 'RPT BASIC PRIOR', 'RPT BASIC PRIOR', 'REVENUE', 'GENERAL', '01', 'GENERAL', '0.00', 'ANY', NULL, NULL, NULL, '0', '0', '0');
INSERT INTO `itemaccount` (`objid`, `state`, `code`, `title`, `description`, `type`, `fund_objid`, `fund_code`, `fund_title`, `defaultvalue`, `valuetype`, `org_objid`, `org_name`, `parentid`, `generic`, `sortorder`, `hidefromlookup`) VALUES ('RPT_BASIC_PRIOR:158', 'ACTIVE', '-', 'DAPITAN CITY RPT BASIC PRIOR', 'DAPITAN CITY RPT BASIC PRIOR', 'REVENUE', 'GENERAL', '01', 'GENERAL', '0.00', 'ANY', '158', 'DAPITAN CITY', 'RPT_BASIC_PRIOR', '0', '0', '0');
INSERT INTO `itemaccount` (`objid`, `state`, `code`, `title`, `description`, `type`, `fund_objid`, `fund_code`, `fund_title`, `defaultvalue`, `valuetype`, `org_objid`, `org_name`, `parentid`, `generic`, `sortorder`, `hidefromlookup`) VALUES ('RPT_BASIC_PRIOR_BRGY_SHARE', 'ACTIVE', '455-049', 'RPT BASIC PRIOR BARANGAY SHARE', 'RPT BASIC PRIOR BARANGAY SHARE', 'PAYABLE', 'GENERAL', '01', 'GENERAL', '0.00', 'ANY', NULL, NULL, NULL, '0', '0', '0');
INSERT INTO `itemaccount` (`objid`, `state`, `code`, `title`, `description`, `type`, `fund_objid`, `fund_code`, `fund_title`, `defaultvalue`, `valuetype`, `org_objid`, `org_name`, `parentid`, `generic`, `sortorder`, `hidefromlookup`) VALUES ('RPT_BASIC_PRIOR_BRGY_SHARE:158-01-0001', 'ACTIVE', '-', 'POBLACION RPT BASIC PRIOR BARANGAY SHARE', 'POBLACION RPT BASIC PRIOR BARANGAY SHARE', 'PAYABLE', 'GENERAL', '01', 'GENERAL', '0.00', 'ANY', '158-01-0001', 'POBLACION', 'RPT_BASIC_PRIOR_BRGY_SHARE', '0', '0', '0');
INSERT INTO `itemaccount` (`objid`, `state`, `code`, `title`, `description`, `type`, `fund_objid`, `fund_code`, `fund_title`, `defaultvalue`, `valuetype`, `org_objid`, `org_name`, `parentid`, `generic`, `sortorder`, `hidefromlookup`) VALUES ('RPT_BASIC_PRIOR_BRGY_SHARE:158-01-0009', 'ACTIVE', '-', 'ALIGUAY RPT BASIC PRIOR BARANGAY SHARE', 'ALIGUAY RPT BASIC PRIOR BARANGAY SHARE', 'PAYABLE', 'GENERAL', '01', 'GENERAL', '0.00', 'ANY', '158-01-0009', 'ALIGUAY', 'RPT_BASIC_PRIOR_BRGY_SHARE', '0', '0', '0');
INSERT INTO `itemaccount` (`objid`, `state`, `code`, `title`, `description`, `type`, `fund_objid`, `fund_code`, `fund_title`, `defaultvalue`, `valuetype`, `org_objid`, `org_name`, `parentid`, `generic`, `sortorder`, `hidefromlookup`) VALUES ('RPT_BASIC_PRIOR_BRGY_SHARE:158-01-0013', 'ACTIVE', '-', 'BANBANAN RPT BASIC PRIOR BARANGAY SHARE', 'BANBANAN RPT BASIC PRIOR BARANGAY SHARE', 'PAYABLE', 'GENERAL', '01', 'GENERAL', '0.00', 'ANY', '158-01-0013', 'BANBANAN', 'RPT_BASIC_PRIOR_BRGY_SHARE', '0', '0', '0');
INSERT INTO `itemaccount` (`objid`, `state`, `code`, `title`, `description`, `type`, `fund_objid`, `fund_code`, `fund_title`, `defaultvalue`, `valuetype`, `org_objid`, `org_name`, `parentid`, `generic`, `sortorder`, `hidefromlookup`) VALUES ('RPT_BASIC_PRIOR_BRGY_SHARE:158-01-0017', 'ACTIVE', '-', 'CANLUCANI RPT BASIC PRIOR BARANGAY SHARE', 'CANLUCANI RPT BASIC PRIOR BARANGAY SHARE', 'PAYABLE', 'GENERAL', '01', 'GENERAL', '0.00', 'ANY', '158-01-0017', 'CANLUCANI', 'RPT_BASIC_PRIOR_BRGY_SHARE', '0', '0', '0');
INSERT INTO `itemaccount` (`objid`, `state`, `code`, `title`, `description`, `type`, `fund_objid`, `fund_code`, `fund_title`, `defaultvalue`, `valuetype`, `org_objid`, `org_name`, `parentid`, `generic`, `sortorder`, `hidefromlookup`) VALUES ('RPT_BASIC_PRIOR_BRGY_SHARE:158-01-0018', 'ACTIVE', '-', 'CARANG RPT BASIC PRIOR BARANGAY SHARE', 'CARANG RPT BASIC PRIOR BARANGAY SHARE', 'PAYABLE', 'GENERAL', '01', 'GENERAL', '0.00', 'ANY', '158-01-0018', 'CARANG', 'RPT_BASIC_PRIOR_BRGY_SHARE', '0', '0', '0');
INSERT INTO `itemaccount` (`objid`, `state`, `code`, `title`, `description`, `type`, `fund_objid`, `fund_code`, `fund_title`, `defaultvalue`, `valuetype`, `org_objid`, `org_name`, `parentid`, `generic`, `sortorder`, `hidefromlookup`) VALUES ('RPT_BASIC_PRIOR_BRGY_SHARE:158-01-0022', 'ACTIVE', '-', 'GUIMPUTLAN RPT BASIC PRIOR BARANGAY SHARE', 'GUIMPUTLAN RPT BASIC PRIOR BARANGAY SHARE', 'PAYABLE', 'GENERAL', '01', 'GENERAL', '0.00', 'ANY', '158-01-0022', 'GUIMPUTLAN', 'RPT_BASIC_PRIOR_BRGY_SHARE', '0', '0', '0');
INSERT INTO `itemaccount` (`objid`, `state`, `code`, `title`, `description`, `type`, `fund_objid`, `fund_code`, `fund_title`, `defaultvalue`, `valuetype`, `org_objid`, `org_name`, `parentid`, `generic`, `sortorder`, `hidefromlookup`) VALUES ('RPT_BASIC_PRIOR_BRGY_SHARE:158-01-0042', 'ACTIVE', '-', 'SANTO NINO RPT BASIC PRIOR BARANGAY SHARE', 'SANTO NINO RPT BASIC PRIOR BARANGAY SHARE', 'PAYABLE', 'GENERAL', '01', 'GENERAL', '0.00', 'ANY', '158-01-0042', 'SANTO NINO', 'RPT_BASIC_PRIOR_BRGY_SHARE', '0', '0', '0');
INSERT INTO `itemaccount` (`objid`, `state`, `code`, `title`, `description`, `type`, `fund_objid`, `fund_code`, `fund_title`, `defaultvalue`, `valuetype`, `org_objid`, `org_name`, `parentid`, `generic`, `sortorder`, `hidefromlookup`) VALUES ('RPT_BASIC_PRIOR_BRGY_SHARE:158-01-0045', 'ACTIVE', '-', 'SELINOG RPT BASIC PRIOR BARANGAY SHARE', 'SELINOG RPT BASIC PRIOR BARANGAY SHARE', 'PAYABLE', 'GENERAL', '01', 'GENERAL', '0.00', 'ANY', '158-01-0045', 'SELINOG', 'RPT_BASIC_PRIOR_BRGY_SHARE', '0', '0', '0');
INSERT INTO `itemaccount` (`objid`, `state`, `code`, `title`, `description`, `type`, `fund_objid`, `fund_code`, `fund_title`, `defaultvalue`, `valuetype`, `org_objid`, `org_name`, `parentid`, `generic`, `sortorder`, `hidefromlookup`) VALUES ('RPT_BASIC_PRIOR_BRGY_SHARE:158-01-0048', 'ACTIVE', '-', 'TAG-ULO RPT BASIC PRIOR BARANGAY SHARE', 'TAG-ULO RPT BASIC PRIOR BARANGAY SHARE', 'PAYABLE', 'GENERAL', '01', 'GENERAL', '0.00', 'ANY', '158-01-0048', 'TAG-ULO', 'RPT_BASIC_PRIOR_BRGY_SHARE', '0', '0', '0');
INSERT INTO `itemaccount` (`objid`, `state`, `code`, `title`, `description`, `type`, `fund_objid`, `fund_code`, `fund_title`, `defaultvalue`, `valuetype`, `org_objid`, `org_name`, `parentid`, `generic`, `sortorder`, `hidefromlookup`) VALUES ('RPT_BASIC_PRIOR_BRGY_SHARE:158-01-0049', 'ACTIVE', '-', 'TAGUILON RPT BASIC PRIOR BARANGAY SHARE', 'TAGUILON RPT BASIC PRIOR BARANGAY SHARE', 'PAYABLE', 'GENERAL', '01', 'GENERAL', '0.00', 'ANY', '158-01-0049', 'TAGUILON', 'RPT_BASIC_PRIOR_BRGY_SHARE', '0', '0', '0');
INSERT INTO `itemaccount` (`objid`, `state`, `code`, `title`, `description`, `type`, `fund_objid`, `fund_code`, `fund_title`, `defaultvalue`, `valuetype`, `org_objid`, `org_name`, `parentid`, `generic`, `sortorder`, `hidefromlookup`) VALUES ('RPT_BASIC_PRIOR_BRGY_SHARE:158-02-0015', 'ACTIVE', '-', 'BAYLIMANGO RPT BASIC PRIOR BARANGAY SHARE', 'BAYLIMANGO RPT BASIC PRIOR BARANGAY SHARE', 'PAYABLE', 'GENERAL', '01', 'GENERAL', '0.00', 'ANY', '158-02-0015', 'BAYLIMANGO', 'RPT_BASIC_PRIOR_BRGY_SHARE', '0', '0', '0');
INSERT INTO `itemaccount` (`objid`, `state`, `code`, `title`, `description`, `type`, `fund_objid`, `fund_code`, `fund_title`, `defaultvalue`, `valuetype`, `org_objid`, `org_name`, `parentid`, `generic`, `sortorder`, `hidefromlookup`) VALUES ('RPT_BASIC_PRIOR_BRGY_SHARE:158-02-0020', 'ACTIVE', '-', 'DARO RPT BASIC PRIOR BARANGAY SHARE', 'DARO RPT BASIC PRIOR BARANGAY SHARE', 'PAYABLE', 'GENERAL', '01', 'GENERAL', '0.00', 'ANY', '158-02-0020', 'DARO', 'RPT_BASIC_PRIOR_BRGY_SHARE', '0', '0', '0');
INSERT INTO `itemaccount` (`objid`, `state`, `code`, `title`, `description`, `type`, `fund_objid`, `fund_code`, `fund_title`, `defaultvalue`, `valuetype`, `org_objid`, `org_name`, `parentid`, `generic`, `sortorder`, `hidefromlookup`) VALUES ('RPT_BASIC_PRIOR_BRGY_SHARE:158-02-0025', 'ACTIVE', '-', 'KAUSWAGAN RPT BASIC PRIOR BARANGAY SHARE', 'KAUSWAGAN RPT BASIC PRIOR BARANGAY SHARE', 'PAYABLE', 'GENERAL', '01', 'GENERAL', '0.00', 'ANY', '158-02-0025', 'KAUSWAGAN', 'RPT_BASIC_PRIOR_BRGY_SHARE', '0', '0', '0');
INSERT INTO `itemaccount` (`objid`, `state`, `code`, `title`, `description`, `type`, `fund_objid`, `fund_code`, `fund_title`, `defaultvalue`, `valuetype`, `org_objid`, `org_name`, `parentid`, `generic`, `sortorder`, `hidefromlookup`) VALUES ('RPT_BASIC_PRIOR_BRGY_SHARE:158-02-0028', 'ACTIVE', '-', 'MARIA CRISTINA RPT BASIC PRIOR BARANGAY SHARE', 'MARIA CRISTINA RPT BASIC PRIOR BARANGAY SHARE', 'PAYABLE', 'GENERAL', '01', 'GENERAL', '0.00', 'ANY', '158-02-0028', 'MARIA CRISTINA', 'RPT_BASIC_PRIOR_BRGY_SHARE', '0', '0', '0');
INSERT INTO `itemaccount` (`objid`, `state`, `code`, `title`, `description`, `type`, `fund_objid`, `fund_code`, `fund_title`, `defaultvalue`, `valuetype`, `org_objid`, `org_name`, `parentid`, `generic`, `sortorder`, `hidefromlookup`) VALUES ('RPT_BASIC_PRIOR_BRGY_SHARE:158-02-0029', 'ACTIVE', '-', 'MARIA URAY RPT BASIC PRIOR BARANGAY SHARE', 'MARIA URAY RPT BASIC PRIOR BARANGAY SHARE', 'PAYABLE', 'GENERAL', '01', 'GENERAL', '0.00', 'ANY', '158-02-0029', 'MARIA URAY', 'RPT_BASIC_PRIOR_BRGY_SHARE', '0', '0', '0');
INSERT INTO `itemaccount` (`objid`, `state`, `code`, `title`, `description`, `type`, `fund_objid`, `fund_code`, `fund_title`, `defaultvalue`, `valuetype`, `org_objid`, `org_name`, `parentid`, `generic`, `sortorder`, `hidefromlookup`) VALUES ('RPT_BASIC_PRIOR_BRGY_SHARE:158-02-0031', 'ACTIVE', '-', 'NAPO RPT BASIC PRIOR BARANGAY SHARE', 'NAPO RPT BASIC PRIOR BARANGAY SHARE', 'PAYABLE', 'GENERAL', '01', 'GENERAL', '0.00', 'ANY', '158-02-0031', 'NAPO', 'RPT_BASIC_PRIOR_BRGY_SHARE', '0', '0', '0');
INSERT INTO `itemaccount` (`objid`, `state`, `code`, `title`, `description`, `type`, `fund_objid`, `fund_code`, `fund_title`, `defaultvalue`, `valuetype`, `org_objid`, `org_name`, `parentid`, `generic`, `sortorder`, `hidefromlookup`) VALUES ('RPT_BASIC_PRIOR_BRGY_SHARE:158-02-0033', 'ACTIVE', '-', 'ORO RPT BASIC PRIOR BARANGAY SHARE', 'ORO RPT BASIC PRIOR BARANGAY SHARE', 'PAYABLE', 'GENERAL', '01', 'GENERAL', '0.00', 'ANY', '158-02-0033', 'ORO', 'RPT_BASIC_PRIOR_BRGY_SHARE', '0', '0', '0');
INSERT INTO `itemaccount` (`objid`, `state`, `code`, `title`, `description`, `type`, `fund_objid`, `fund_code`, `fund_title`, `defaultvalue`, `valuetype`, `org_objid`, `org_name`, `parentid`, `generic`, `sortorder`, `hidefromlookup`) VALUES ('RPT_BASIC_PRIOR_BRGY_SHARE:158-02-0046', 'ACTIVE', '-', 'SINONOC RPT BASIC PRIOR BARANGAY SHARE', 'SINONOC RPT BASIC PRIOR BARANGAY SHARE', 'PAYABLE', 'GENERAL', '01', 'GENERAL', '0.00', 'ANY', '158-02-0046', 'SINONOC', 'RPT_BASIC_PRIOR_BRGY_SHARE', '0', '0', '0');
INSERT INTO `itemaccount` (`objid`, `state`, `code`, `title`, `description`, `type`, `fund_objid`, `fund_code`, `fund_title`, `defaultvalue`, `valuetype`, `org_objid`, `org_name`, `parentid`, `generic`, `sortorder`, `hidefromlookup`) VALUES ('RPT_BASIC_PRIOR_BRGY_SHARE:158-03-0001', 'ACTIVE', '-', 'DAWO RPT BASIC PRIOR BARANGAY SHARE', 'DAWO RPT BASIC PRIOR BARANGAY SHARE', 'PAYABLE', 'GENERAL', '01', 'GENERAL', '0.00', 'ANY', '158-03-0001', 'DAWO', 'RPT_BASIC_PRIOR_BRGY_SHARE', '0', '0', '0');
INSERT INTO `itemaccount` (`objid`, `state`, `code`, `title`, `description`, `type`, `fund_objid`, `fund_code`, `fund_title`, `defaultvalue`, `valuetype`, `org_objid`, `org_name`, `parentid`, `generic`, `sortorder`, `hidefromlookup`) VALUES ('RPT_BASIC_PRIOR_BRGY_SHARE:158-03-0002', 'ACTIVE', '-', 'BAGTING RPT BASIC PRIOR BARANGAY SHARE', 'BAGTING RPT BASIC PRIOR BARANGAY SHARE', 'PAYABLE', 'GENERAL', '01', 'GENERAL', '0.00', 'ANY', '158-03-0002', 'BAGTING', 'RPT_BASIC_PRIOR_BRGY_SHARE', '0', '0', '0');
INSERT INTO `itemaccount` (`objid`, `state`, `code`, `title`, `description`, `type`, `fund_objid`, `fund_code`, `fund_title`, `defaultvalue`, `valuetype`, `org_objid`, `org_name`, `parentid`, `generic`, `sortorder`, `hidefromlookup`) VALUES ('RPT_BASIC_PRIOR_BRGY_SHARE:158-03-0003', 'ACTIVE', '-', 'BANONONG RPT BASIC PRIOR BARANGAY SHARE', 'BANONONG RPT BASIC PRIOR BARANGAY SHARE', 'PAYABLE', 'GENERAL', '01', 'GENERAL', '0.00', 'ANY', '158-03-0003', 'BANONONG', 'RPT_BASIC_PRIOR_BRGY_SHARE', '0', '0', '0');
INSERT INTO `itemaccount` (`objid`, `state`, `code`, `title`, `description`, `type`, `fund_objid`, `fund_code`, `fund_title`, `defaultvalue`, `valuetype`, `org_objid`, `org_name`, `parentid`, `generic`, `sortorder`, `hidefromlookup`) VALUES ('RPT_BASIC_PRIOR_BRGY_SHARE:158-03-0004', 'ACTIVE', '-', 'CAWA-CAWA RPT BASIC PRIOR BARANGAY SHARE', 'CAWA-CAWA RPT BASIC PRIOR BARANGAY SHARE', 'PAYABLE', 'GENERAL', '01', 'GENERAL', '0.00', 'ANY', '158-03-0004', 'CAWA-CAWA', 'RPT_BASIC_PRIOR_BRGY_SHARE', '0', '0', '0');
INSERT INTO `itemaccount` (`objid`, `state`, `code`, `title`, `description`, `type`, `fund_objid`, `fund_code`, `fund_title`, `defaultvalue`, `valuetype`, `org_objid`, `org_name`, `parentid`, `generic`, `sortorder`, `hidefromlookup`) VALUES ('RPT_BASIC_PRIOR_BRGY_SHARE:158-03-0005', 'ACTIVE', '-', 'LINABO RPT BASIC PRIOR BARANGAY SHARE', 'LINABO RPT BASIC PRIOR BARANGAY SHARE', 'PAYABLE', 'GENERAL', '01', 'GENERAL', '0.00', 'ANY', '158-03-0005', 'LINABO', 'RPT_BASIC_PRIOR_BRGY_SHARE', '0', '0', '0');
INSERT INTO `itemaccount` (`objid`, `state`, `code`, `title`, `description`, `type`, `fund_objid`, `fund_code`, `fund_title`, `defaultvalue`, `valuetype`, `org_objid`, `org_name`, `parentid`, `generic`, `sortorder`, `hidefromlookup`) VALUES ('RPT_BASIC_PRIOR_BRGY_SHARE:158-03-0006', 'ACTIVE', '-', 'POTOL RPT BASIC PRIOR BARANGAY SHARE', 'POTOL RPT BASIC PRIOR BARANGAY SHARE', 'PAYABLE', 'GENERAL', '01', 'GENERAL', '0.00', 'ANY', '158-03-0006', 'POTOL', 'RPT_BASIC_PRIOR_BRGY_SHARE', '0', '0', '0');
INSERT INTO `itemaccount` (`objid`, `state`, `code`, `title`, `description`, `type`, `fund_objid`, `fund_code`, `fund_title`, `defaultvalue`, `valuetype`, `org_objid`, `org_name`, `parentid`, `generic`, `sortorder`, `hidefromlookup`) VALUES ('RPT_BASIC_PRIOR_BRGY_SHARE:158-03-0007', 'ACTIVE', '-', 'SANTA CRUZ RPT BASIC PRIOR BARANGAY SHARE', 'SANTA CRUZ RPT BASIC PRIOR BARANGAY SHARE', 'PAYABLE', 'GENERAL', '01', 'GENERAL', '0.00', 'ANY', '158-03-0007', 'SANTA CRUZ', 'RPT_BASIC_PRIOR_BRGY_SHARE', '0', '0', '0');
INSERT INTO `itemaccount` (`objid`, `state`, `code`, `title`, `description`, `type`, `fund_objid`, `fund_code`, `fund_title`, `defaultvalue`, `valuetype`, `org_objid`, `org_name`, `parentid`, `generic`, `sortorder`, `hidefromlookup`) VALUES ('RPT_BASIC_PRIOR_BRGY_SHARE:158-03-0008', 'ACTIVE', '-', 'TALISAY RPT BASIC PRIOR BARANGAY SHARE', 'TALISAY RPT BASIC PRIOR BARANGAY SHARE', 'PAYABLE', 'GENERAL', '01', 'GENERAL', '0.00', 'ANY', '158-03-0008', 'TALISAY', 'RPT_BASIC_PRIOR_BRGY_SHARE', '0', '0', '0');
INSERT INTO `itemaccount` (`objid`, `state`, `code`, `title`, `description`, `type`, `fund_objid`, `fund_code`, `fund_title`, `defaultvalue`, `valuetype`, `org_objid`, `org_name`, `parentid`, `generic`, `sortorder`, `hidefromlookup`) VALUES ('RPT_BASIC_PRIOR_BRGY_SHARE:158-04-0010', 'ACTIVE', '-', 'ANTIPOLO RPT BASIC PRIOR BARANGAY SHARE', 'ANTIPOLO RPT BASIC PRIOR BARANGAY SHARE', 'PAYABLE', 'GENERAL', '01', 'GENERAL', '0.00', 'ANY', '158-04-0010', 'ANTIPOLO', 'RPT_BASIC_PRIOR_BRGY_SHARE', '0', '0', '0');
INSERT INTO `itemaccount` (`objid`, `state`, `code`, `title`, `description`, `type`, `fund_objid`, `fund_code`, `fund_title`, `defaultvalue`, `valuetype`, `org_objid`, `org_name`, `parentid`, `generic`, `sortorder`, `hidefromlookup`) VALUES ('RPT_BASIC_PRIOR_BRGY_SHARE:158-04-0014', 'ACTIVE', '-', 'SAN VICENTE RPT BASIC PRIOR BARANGAY SHARE', 'SAN VICENTE RPT BASIC PRIOR BARANGAY SHARE', 'PAYABLE', 'GENERAL', '01', 'GENERAL', '0.00', 'ANY', '158-04-0014', 'SAN VICENTE', 'RPT_BASIC_PRIOR_BRGY_SHARE', '0', '0', '0');
INSERT INTO `itemaccount` (`objid`, `state`, `code`, `title`, `description`, `type`, `fund_objid`, `fund_code`, `fund_title`, `defaultvalue`, `valuetype`, `org_objid`, `org_name`, `parentid`, `generic`, `sortorder`, `hidefromlookup`) VALUES ('RPT_BASIC_PRIOR_BRGY_SHARE:158-04-0026', 'ACTIVE', '-', 'LARAYAN RPT BASIC PRIOR BARANGAY SHARE', 'LARAYAN RPT BASIC PRIOR BARANGAY SHARE', 'PAYABLE', 'GENERAL', '01', 'GENERAL', '0.00', 'ANY', '158-04-0026', 'LARAYAN', 'RPT_BASIC_PRIOR_BRGY_SHARE', '0', '0', '0');
INSERT INTO `itemaccount` (`objid`, `state`, `code`, `title`, `description`, `type`, `fund_objid`, `fund_code`, `fund_title`, `defaultvalue`, `valuetype`, `org_objid`, `org_name`, `parentid`, `generic`, `sortorder`, `hidefromlookup`) VALUES ('RPT_BASIC_PRIOR_BRGY_SHARE:158-04-0027', 'ACTIVE', '-', 'LIYANG RPT BASIC PRIOR BARANGAY SHARE', 'LIYANG RPT BASIC PRIOR BARANGAY SHARE', 'PAYABLE', 'GENERAL', '01', 'GENERAL', '0.00', 'ANY', '158-04-0027', 'LIYANG', 'RPT_BASIC_PRIOR_BRGY_SHARE', '0', '0', '0');
INSERT INTO `itemaccount` (`objid`, `state`, `code`, `title`, `description`, `type`, `fund_objid`, `fund_code`, `fund_title`, `defaultvalue`, `valuetype`, `org_objid`, `org_name`, `parentid`, `generic`, `sortorder`, `hidefromlookup`) VALUES ('RPT_BASIC_PRIOR_BRGY_SHARE:158-04-0034', 'ACTIVE', '-', 'OWAON RPT BASIC PRIOR BARANGAY SHARE', 'OWAON RPT BASIC PRIOR BARANGAY SHARE', 'PAYABLE', 'GENERAL', '01', 'GENERAL', '0.00', 'ANY', '158-04-0034', 'OWAON', 'RPT_BASIC_PRIOR_BRGY_SHARE', '0', '0', '0');
INSERT INTO `itemaccount` (`objid`, `state`, `code`, `title`, `description`, `type`, `fund_objid`, `fund_code`, `fund_title`, `defaultvalue`, `valuetype`, `org_objid`, `org_name`, `parentid`, `generic`, `sortorder`, `hidefromlookup`) VALUES ('RPT_BASIC_PRIOR_BRGY_SHARE:158-04-0036', 'ACTIVE', '-', 'POLO RPT BASIC PRIOR BARANGAY SHARE', 'POLO RPT BASIC PRIOR BARANGAY SHARE', 'PAYABLE', 'GENERAL', '01', 'GENERAL', '0.00', 'ANY', '158-04-0036', 'POLO', 'RPT_BASIC_PRIOR_BRGY_SHARE', '0', '0', '0');
INSERT INTO `itemaccount` (`objid`, `state`, `code`, `title`, `description`, `type`, `fund_objid`, `fund_code`, `fund_title`, `defaultvalue`, `valuetype`, `org_objid`, `org_name`, `parentid`, `generic`, `sortorder`, `hidefromlookup`) VALUES ('RPT_BASIC_PRIOR_BRGY_SHARE:158-04-0040', 'ACTIVE', '-', 'SAN PEDRO RPT BASIC PRIOR BARANGAY SHARE', 'SAN PEDRO RPT BASIC PRIOR BARANGAY SHARE', 'PAYABLE', 'GENERAL', '01', 'GENERAL', '0.00', 'ANY', '158-04-0040', 'SAN PEDRO', 'RPT_BASIC_PRIOR_BRGY_SHARE', '0', '0', '0');
INSERT INTO `itemaccount` (`objid`, `state`, `code`, `title`, `description`, `type`, `fund_objid`, `fund_code`, `fund_title`, `defaultvalue`, `valuetype`, `org_objid`, `org_name`, `parentid`, `generic`, `sortorder`, `hidefromlookup`) VALUES ('RPT_BASIC_PRIOR_BRGY_SHARE:158-04-0043', 'ACTIVE', '-', 'SICAYAB BUCANA RPT BASIC PRIOR BARANGAY SHARE', 'SICAYAB BUCANA RPT BASIC PRIOR BARANGAY SHARE', 'PAYABLE', 'GENERAL', '01', 'GENERAL', '0.00', 'ANY', '158-04-0043', 'SICAYAB BUCANA', 'RPT_BASIC_PRIOR_BRGY_SHARE', '0', '0', '0');
INSERT INTO `itemaccount` (`objid`, `state`, `code`, `title`, `description`, `type`, `fund_objid`, `fund_code`, `fund_title`, `defaultvalue`, `valuetype`, `org_objid`, `org_name`, `parentid`, `generic`, `sortorder`, `hidefromlookup`) VALUES ('RPT_BASIC_PRIOR_BRGY_SHARE:158-04-0047', 'ACTIVE', '-', 'SULANGON RPT BASIC PRIOR BARANGAY SHARE', 'SULANGON RPT BASIC PRIOR BARANGAY SHARE', 'PAYABLE', 'GENERAL', '01', 'GENERAL', '0.00', 'ANY', '158-04-0047', 'SULANGON', 'RPT_BASIC_PRIOR_BRGY_SHARE', '0', '0', '0');
INSERT INTO `itemaccount` (`objid`, `state`, `code`, `title`, `description`, `type`, `fund_objid`, `fund_code`, `fund_title`, `defaultvalue`, `valuetype`, `org_objid`, `org_name`, `parentid`, `generic`, `sortorder`, `hidefromlookup`) VALUES ('RPT_BASIC_PRIOR_BRGY_SHARE:158-05-0014', 'ACTIVE', '-', 'BARCELONA RPT BASIC PRIOR BARANGAY SHARE', 'BARCELONA RPT BASIC PRIOR BARANGAY SHARE', 'PAYABLE', 'GENERAL', '01', 'GENERAL', '0.00', 'ANY', '158-05-0014', 'BARCELONA', 'RPT_BASIC_PRIOR_BRGY_SHARE', '0', '0', '0');
INSERT INTO `itemaccount` (`objid`, `state`, `code`, `title`, `description`, `type`, `fund_objid`, `fund_code`, `fund_title`, `defaultvalue`, `valuetype`, `org_objid`, `org_name`, `parentid`, `generic`, `sortorder`, `hidefromlookup`) VALUES ('RPT_BASIC_PRIOR_BRGY_SHARE:158-05-0016', 'ACTIVE', '-', 'BURGOS RPT BASIC PRIOR BARANGAY SHARE', 'BURGOS RPT BASIC PRIOR BARANGAY SHARE', 'PAYABLE', 'GENERAL', '01', 'GENERAL', '0.00', 'ANY', '158-05-0016', 'BURGOS', 'RPT_BASIC_PRIOR_BRGY_SHARE', '0', '0', '0');
INSERT INTO `itemaccount` (`objid`, `state`, `code`, `title`, `description`, `type`, `fund_objid`, `fund_code`, `fund_title`, `defaultvalue`, `valuetype`, `org_objid`, `org_name`, `parentid`, `generic`, `sortorder`, `hidefromlookup`) VALUES ('RPT_BASIC_PRIOR_BRGY_SHARE:158-05-0021', 'ACTIVE', '-', 'DIWA-AN RPT BASIC PRIOR BARANGAY SHARE', 'DIWA-AN RPT BASIC PRIOR BARANGAY SHARE', 'PAYABLE', 'GENERAL', '01', 'GENERAL', '0.00', 'ANY', '158-05-0021', 'DIWA-AN', 'RPT_BASIC_PRIOR_BRGY_SHARE', '0', '0', '0');
INSERT INTO `itemaccount` (`objid`, `state`, `code`, `title`, `description`, `type`, `fund_objid`, `fund_code`, `fund_title`, `defaultvalue`, `valuetype`, `org_objid`, `org_name`, `parentid`, `generic`, `sortorder`, `hidefromlookup`) VALUES ('RPT_BASIC_PRIOR_BRGY_SHARE:158-05-0023', 'ACTIVE', '-', 'HILLTOP RPT BASIC PRIOR BARANGAY SHARE', 'HILLTOP RPT BASIC PRIOR BARANGAY SHARE', 'PAYABLE', 'GENERAL', '01', 'GENERAL', '0.00', 'ANY', '158-05-0023', 'HILLTOP', 'RPT_BASIC_PRIOR_BRGY_SHARE', '0', '0', '0');
INSERT INTO `itemaccount` (`objid`, `state`, `code`, `title`, `description`, `type`, `fund_objid`, `fund_code`, `fund_title`, `defaultvalue`, `valuetype`, `org_objid`, `org_name`, `parentid`, `generic`, `sortorder`, `hidefromlookup`) VALUES ('RPT_BASIC_PRIOR_BRGY_SHARE:158-05-0024', 'ACTIVE', '-', 'ILAYA RPT BASIC PRIOR BARANGAY SHARE', 'ILAYA RPT BASIC PRIOR BARANGAY SHARE', 'PAYABLE', 'GENERAL', '01', 'GENERAL', '0.00', 'ANY', '158-05-0024', 'ILAYA', 'RPT_BASIC_PRIOR_BRGY_SHARE', '0', '0', '0');
INSERT INTO `itemaccount` (`objid`, `state`, `code`, `title`, `description`, `type`, `fund_objid`, `fund_code`, `fund_title`, `defaultvalue`, `valuetype`, `org_objid`, `org_name`, `parentid`, `generic`, `sortorder`, `hidefromlookup`) VALUES ('RPT_BASIC_PRIOR_BRGY_SHARE:158-05-0035', 'ACTIVE', '-', 'OYAN RPT BASIC PRIOR BARANGAY SHARE', 'OYAN RPT BASIC PRIOR BARANGAY SHARE', 'PAYABLE', 'GENERAL', '01', 'GENERAL', '0.00', 'ANY', '158-05-0035', 'OYAN', 'RPT_BASIC_PRIOR_BRGY_SHARE', '0', '0', '0');
INSERT INTO `itemaccount` (`objid`, `state`, `code`, `title`, `description`, `type`, `fund_objid`, `fund_code`, `fund_title`, `defaultvalue`, `valuetype`, `org_objid`, `org_name`, `parentid`, `generic`, `sortorder`, `hidefromlookup`) VALUES ('RPT_BASIC_PRIOR_BRGY_SHARE:158-05-0039', 'ACTIVE', '-', 'SAN NICOLAS RPT BASIC PRIOR BARANGAY SHARE', 'SAN NICOLAS RPT BASIC PRIOR BARANGAY SHARE', 'PAYABLE', 'GENERAL', '01', 'GENERAL', '0.00', 'ANY', '158-05-0039', 'SAN NICOLAS', 'RPT_BASIC_PRIOR_BRGY_SHARE', '0', '0', '0');
INSERT INTO `itemaccount` (`objid`, `state`, `code`, `title`, `description`, `type`, `fund_objid`, `fund_code`, `fund_title`, `defaultvalue`, `valuetype`, `org_objid`, `org_name`, `parentid`, `generic`, `sortorder`, `hidefromlookup`) VALUES ('RPT_BASIC_PRIOR_BRGY_SHARE:158-05-0050', 'ACTIVE', '-', 'TAMION RPT BASIC PRIOR BARANGAY SHARE', 'TAMION RPT BASIC PRIOR BARANGAY SHARE', 'PAYABLE', 'GENERAL', '01', 'GENERAL', '0.00', 'ANY', '158-05-0050', 'TAMION', 'RPT_BASIC_PRIOR_BRGY_SHARE', '0', '0', '0');
INSERT INTO `itemaccount` (`objid`, `state`, `code`, `title`, `description`, `type`, `fund_objid`, `fund_code`, `fund_title`, `defaultvalue`, `valuetype`, `org_objid`, `org_name`, `parentid`, `generic`, `sortorder`, `hidefromlookup`) VALUES ('RPT_BASIC_PRIOR_BRGY_SHARE:158-06-0011', 'ACTIVE', '-', 'ASENIERO RPT BASIC PRIOR BARANGAY SHARE', 'ASENIERO RPT BASIC PRIOR BARANGAY SHARE', 'PAYABLE', 'GENERAL', '01', 'GENERAL', '0.00', 'ANY', '158-06-0011', 'ASENIERO', 'RPT_BASIC_PRIOR_BRGY_SHARE', '0', '0', '0');
INSERT INTO `itemaccount` (`objid`, `state`, `code`, `title`, `description`, `type`, `fund_objid`, `fund_code`, `fund_title`, `defaultvalue`, `valuetype`, `org_objid`, `org_name`, `parentid`, `generic`, `sortorder`, `hidefromlookup`) VALUES ('RPT_BASIC_PRIOR_BRGY_SHARE:158-06-0012', 'ACTIVE', '-', 'BA-AO RPT BASIC PRIOR BARANGAY SHARE', 'BA-AO RPT BASIC PRIOR BARANGAY SHARE', 'PAYABLE', 'GENERAL', '01', 'GENERAL', '0.00', 'ANY', '158-06-0012', 'BA-AO', 'RPT_BASIC_PRIOR_BRGY_SHARE', '0', '0', '0');
INSERT INTO `itemaccount` (`objid`, `state`, `code`, `title`, `description`, `type`, `fund_objid`, `fund_code`, `fund_title`, `defaultvalue`, `valuetype`, `org_objid`, `org_name`, `parentid`, `generic`, `sortorder`, `hidefromlookup`) VALUES ('RPT_BASIC_PRIOR_BRGY_SHARE:158-06-0019', 'ACTIVE', '-', 'DAMPALAN RPT BASIC PRIOR BARANGAY SHARE', 'DAMPALAN RPT BASIC PRIOR BARANGAY SHARE', 'PAYABLE', 'GENERAL', '01', 'GENERAL', '0.00', 'ANY', '158-06-0019', 'DAMPALAN', 'RPT_BASIC_PRIOR_BRGY_SHARE', '0', '0', '0');
INSERT INTO `itemaccount` (`objid`, `state`, `code`, `title`, `description`, `type`, `fund_objid`, `fund_code`, `fund_title`, `defaultvalue`, `valuetype`, `org_objid`, `org_name`, `parentid`, `generic`, `sortorder`, `hidefromlookup`) VALUES ('RPT_BASIC_PRIOR_BRGY_SHARE:158-06-0030', 'ACTIVE', '-', 'MASIDLAKON RPT BASIC PRIOR BARANGAY SHARE', 'MASIDLAKON RPT BASIC PRIOR BARANGAY SHARE', 'PAYABLE', 'GENERAL', '01', 'GENERAL', '0.00', 'ANY', '158-06-0030', 'MASIDLAKON', 'RPT_BASIC_PRIOR_BRGY_SHARE', '0', '0', '0');
INSERT INTO `itemaccount` (`objid`, `state`, `code`, `title`, `description`, `type`, `fund_objid`, `fund_code`, `fund_title`, `defaultvalue`, `valuetype`, `org_objid`, `org_name`, `parentid`, `generic`, `sortorder`, `hidefromlookup`) VALUES ('RPT_BASIC_PRIOR_BRGY_SHARE:158-06-0032', 'ACTIVE', '-', 'OPAO RPT BASIC PRIOR BARANGAY SHARE', 'OPAO RPT BASIC PRIOR BARANGAY SHARE', 'PAYABLE', 'GENERAL', '01', 'GENERAL', '0.00', 'ANY', '158-06-0032', 'OPAO', 'RPT_BASIC_PRIOR_BRGY_SHARE', '0', '0', '0');
INSERT INTO `itemaccount` (`objid`, `state`, `code`, `title`, `description`, `type`, `fund_objid`, `fund_code`, `fund_title`, `defaultvalue`, `valuetype`, `org_objid`, `org_name`, `parentid`, `generic`, `sortorder`, `hidefromlookup`) VALUES ('RPT_BASIC_PRIOR_BRGY_SHARE:158-06-0037', 'ACTIVE', '-', 'POTUNGAN RPT BASIC PRIOR BARANGAY SHARE', 'POTUNGAN RPT BASIC PRIOR BARANGAY SHARE', 'PAYABLE', 'GENERAL', '01', 'GENERAL', '0.00', 'ANY', '158-06-0037', 'POTUNGAN', 'RPT_BASIC_PRIOR_BRGY_SHARE', '0', '0', '0');
INSERT INTO `itemaccount` (`objid`, `state`, `code`, `title`, `description`, `type`, `fund_objid`, `fund_code`, `fund_title`, `defaultvalue`, `valuetype`, `org_objid`, `org_name`, `parentid`, `generic`, `sortorder`, `hidefromlookup`) VALUES ('RPT_BASIC_PRIOR_BRGY_SHARE:158-06-0038', 'ACTIVE', '-', 'SAN FRANCISCO RPT BASIC PRIOR BARANGAY SHARE', 'SAN FRANCISCO RPT BASIC PRIOR BARANGAY SHARE', 'PAYABLE', 'GENERAL', '01', 'GENERAL', '0.00', 'ANY', '158-06-0038', 'SAN FRANCISCO', 'RPT_BASIC_PRIOR_BRGY_SHARE', '0', '0', '0');
INSERT INTO `itemaccount` (`objid`, `state`, `code`, `title`, `description`, `type`, `fund_objid`, `fund_code`, `fund_title`, `defaultvalue`, `valuetype`, `org_objid`, `org_name`, `parentid`, `generic`, `sortorder`, `hidefromlookup`) VALUES ('RPT_BASIC_PRIOR_BRGY_SHARE:158-06-0044', 'ACTIVE', '-', 'SIGAYAN RPT BASIC PRIOR BARANGAY SHARE', 'SIGAYAN RPT BASIC PRIOR BARANGAY SHARE', 'PAYABLE', 'GENERAL', '01', 'GENERAL', '0.00', 'ANY', '158-06-0044', 'SIGAYAN', 'RPT_BASIC_PRIOR_BRGY_SHARE', '0', '0', '0');
INSERT INTO `itemaccount` (`objid`, `state`, `code`, `title`, `description`, `type`, `fund_objid`, `fund_code`, `fund_title`, `defaultvalue`, `valuetype`, `org_objid`, `org_name`, `parentid`, `generic`, `sortorder`, `hidefromlookup`) VALUES ('RPT_SEFINT_CURRENT', 'ACTIVE', '455-050', 'RPT SEF PENALTY CURRENT', 'RPT SEF PENALTY CURRENT', 'REVENUE', 'SEF', '02', 'SEF', '0.00', 'ANY', NULL, NULL, NULL, '0', '0', '0');
INSERT INTO `itemaccount` (`objid`, `state`, `code`, `title`, `description`, `type`, `fund_objid`, `fund_code`, `fund_title`, `defaultvalue`, `valuetype`, `org_objid`, `org_name`, `parentid`, `generic`, `sortorder`, `hidefromlookup`) VALUES ('RPT_SEFINT_CURRENT:158', 'ACTIVE', '-', 'DAPITAN CITY RPT SEF PENALTY CURRENT', 'DAPITAN CITY RPT SEF PENALTY CURRENT', 'REVENUE', 'SEF', '02', 'SEF', '0.00', 'ANY', '158', 'DAPITAN CITY', 'RPT_SEFINT_CURRENT', '0', '0', '0');
INSERT INTO `itemaccount` (`objid`, `state`, `code`, `title`, `description`, `type`, `fund_objid`, `fund_code`, `fund_title`, `defaultvalue`, `valuetype`, `org_objid`, `org_name`, `parentid`, `generic`, `sortorder`, `hidefromlookup`) VALUES ('RPT_SEFINT_PREVIOUS', 'ACTIVE', '455-050', 'RPT SEF PENALTY PREVIOUS', 'RPT SEF PENALTY PREVIOUS', 'REVENUE', 'SEF', '02', 'SEF', '0.00', 'ANY', NULL, NULL, NULL, '0', '0', '0');
INSERT INTO `itemaccount` (`objid`, `state`, `code`, `title`, `description`, `type`, `fund_objid`, `fund_code`, `fund_title`, `defaultvalue`, `valuetype`, `org_objid`, `org_name`, `parentid`, `generic`, `sortorder`, `hidefromlookup`) VALUES ('RPT_SEFINT_PREVIOUS:158', 'ACTIVE', '-', 'DAPITAN CITY RPT SEF PENALTY PREVIOUS', 'DAPITAN CITY RPT SEF PENALTY PREVIOUS', 'REVENUE', 'SEF', '02', 'SEF', '0.00', 'ANY', '158', 'DAPITAN CITY', 'RPT_SEFINT_PREVIOUS', '0', '0', '0');
INSERT INTO `itemaccount` (`objid`, `state`, `code`, `title`, `description`, `type`, `fund_objid`, `fund_code`, `fund_title`, `defaultvalue`, `valuetype`, `org_objid`, `org_name`, `parentid`, `generic`, `sortorder`, `hidefromlookup`) VALUES ('RPT_SEFINT_PRIOR', 'ACTIVE', '455-050', 'RPT SEF PENALTY PRIOR', 'RPT SEF PENALTY PRIOR', 'REVENUE', 'SEF', '02', 'SEF', '0.00', 'ANY', NULL, NULL, NULL, '0', '0', '0');
INSERT INTO `itemaccount` (`objid`, `state`, `code`, `title`, `description`, `type`, `fund_objid`, `fund_code`, `fund_title`, `defaultvalue`, `valuetype`, `org_objid`, `org_name`, `parentid`, `generic`, `sortorder`, `hidefromlookup`) VALUES ('RPT_SEFINT_PRIOR:158', 'ACTIVE', '-', 'DAPITAN CITY RPT SEF PENALTY PRIOR', 'DAPITAN CITY RPT SEF PENALTY PRIOR', 'REVENUE', 'SEF', '02', 'SEF', '0.00', 'ANY', '158', 'DAPITAN CITY', 'RPT_SEFINT_PRIOR', '0', '0', '0');
INSERT INTO `itemaccount` (`objid`, `state`, `code`, `title`, `description`, `type`, `fund_objid`, `fund_code`, `fund_title`, `defaultvalue`, `valuetype`, `org_objid`, `org_name`, `parentid`, `generic`, `sortorder`, `hidefromlookup`) VALUES ('RPT_SEF_ADVANCE', 'ACTIVE', '455-050', 'RPT SEF ADVANCE', 'RPT SEF ADVANCE', 'REVENUE', 'SEF', '02', 'SEF', '0.00', 'ANY', NULL, NULL, NULL, '0', '0', '0');
INSERT INTO `itemaccount` (`objid`, `state`, `code`, `title`, `description`, `type`, `fund_objid`, `fund_code`, `fund_title`, `defaultvalue`, `valuetype`, `org_objid`, `org_name`, `parentid`, `generic`, `sortorder`, `hidefromlookup`) VALUES ('RPT_SEF_ADVANCE:158', 'ACTIVE', '-', 'DAPITAN CITY RPT SEF ADVANCE', 'DAPITAN CITY RPT SEF ADVANCE', 'REVENUE', 'SEF', '02', 'SEF', '0.00', 'ANY', '158', 'DAPITAN CITY', 'RPT_SEF_ADVANCE', '0', '0', '0');
INSERT INTO `itemaccount` (`objid`, `state`, `code`, `title`, `description`, `type`, `fund_objid`, `fund_code`, `fund_title`, `defaultvalue`, `valuetype`, `org_objid`, `org_name`, `parentid`, `generic`, `sortorder`, `hidefromlookup`) VALUES ('RPT_SEF_CURRENT', 'ACTIVE', '455-050', 'RPT SEF CURRENT', 'RPT SEF CURRENT', 'REVENUE', 'SEF', '02', 'SEF', '0.00', 'ANY', NULL, NULL, NULL, '0', '0', '0');
INSERT INTO `itemaccount` (`objid`, `state`, `code`, `title`, `description`, `type`, `fund_objid`, `fund_code`, `fund_title`, `defaultvalue`, `valuetype`, `org_objid`, `org_name`, `parentid`, `generic`, `sortorder`, `hidefromlookup`) VALUES ('RPT_SEF_CURRENT:158', 'ACTIVE', '-', 'DAPITAN CITY RPT SEF CURRENT', 'DAPITAN CITY RPT SEF CURRENT', 'REVENUE', 'SEF', '02', 'SEF', '0.00', 'ANY', '158', 'DAPITAN CITY', 'RPT_SEF_CURRENT', '0', '0', '0');
INSERT INTO `itemaccount` (`objid`, `state`, `code`, `title`, `description`, `type`, `fund_objid`, `fund_code`, `fund_title`, `defaultvalue`, `valuetype`, `org_objid`, `org_name`, `parentid`, `generic`, `sortorder`, `hidefromlookup`) VALUES ('RPT_SEF_PREVIOUS', 'ACTIVE', '455-050', 'RPT SEF PREVIOUS', 'RPT SEF PREVIOUS', 'REVENUE', 'SEF', '02', 'SEF', '0.00', 'ANY', NULL, NULL, NULL, '0', '0', '0');
INSERT INTO `itemaccount` (`objid`, `state`, `code`, `title`, `description`, `type`, `fund_objid`, `fund_code`, `fund_title`, `defaultvalue`, `valuetype`, `org_objid`, `org_name`, `parentid`, `generic`, `sortorder`, `hidefromlookup`) VALUES ('RPT_SEF_PREVIOUS:158', 'ACTIVE', '-', 'DAPITAN CITY RPT SEF PREVIOUS', 'DAPITAN CITY RPT SEF PREVIOUS', 'REVENUE', 'SEF', '02', 'SEF', '0.00', 'ANY', '158', 'DAPITAN CITY', 'RPT_SEF_PREVIOUS', '0', '0', '0');
INSERT INTO `itemaccount` (`objid`, `state`, `code`, `title`, `description`, `type`, `fund_objid`, `fund_code`, `fund_title`, `defaultvalue`, `valuetype`, `org_objid`, `org_name`, `parentid`, `generic`, `sortorder`, `hidefromlookup`) VALUES ('RPT_SEF_PRIOR', 'ACTIVE', '455-050', 'RPT SEF PRIOR', 'RPT SEF PRIOR', 'REVENUE', 'SEF', '02', 'SEF', '0.00', 'ANY', NULL, NULL, NULL, '0', '0', '0');
INSERT INTO `itemaccount` (`objid`, `state`, `code`, `title`, `description`, `type`, `fund_objid`, `fund_code`, `fund_title`, `defaultvalue`, `valuetype`, `org_objid`, `org_name`, `parentid`, `generic`, `sortorder`, `hidefromlookup`) VALUES ('RPT_SEF_PRIOR:158', 'ACTIVE', '-', 'DAPITAN CITY RPT SEF PRIOR', 'DAPITAN CITY RPT SEF PRIOR', 'REVENUE', 'SEF', '02', 'SEF', '0.00', 'ANY', '158', 'DAPITAN CITY', 'RPT_SEF_PRIOR', '0', '0', '0');

INSERT INTO `itemaccount_tag` (`acctid`, `tag`, `objid`) VALUES ('RPT_BASICINT_CURRENT', 'rpt_basicint_current', 'RPT_BASICINT_CURRENT');
INSERT INTO `itemaccount_tag` (`acctid`, `tag`, `objid`) VALUES ('RPT_BASICINT_CURRENT_BRGY_SHARE', 'rpt_basicint_current', 'RPT_BASICINT_CURRENT_BRGY_SHARE');
INSERT INTO `itemaccount_tag` (`acctid`, `tag`, `objid`) VALUES ('RPT_BASICINT_PREVIOUS', 'rpt_basicint_previous', 'RPT_BASICINT_PREVIOUS');
INSERT INTO `itemaccount_tag` (`acctid`, `tag`, `objid`) VALUES ('RPT_BASICINT_PREVIOUS_BRGY_SHARE', 'rpt_basicint_previous', 'RPT_BASICINT_PREVIOUS_BRGY_SHARE');
INSERT INTO `itemaccount_tag` (`acctid`, `tag`, `objid`) VALUES ('RPT_BASICINT_PRIOR', 'rpt_basicint_prior', 'RPT_BASICINT_PRIOR');
INSERT INTO `itemaccount_tag` (`acctid`, `tag`, `objid`) VALUES ('RPT_BASICINT_PRIOR_BRGY_SHARE', 'rpt_basicint_prior', 'RPT_BASICINT_PRIOR_BRGY_SHARE');
INSERT INTO `itemaccount_tag` (`acctid`, `tag`, `objid`) VALUES ('RPT_BASIC_ADVANCE', 'rpt_basic_advance', 'RPT_BASIC_ADVANCE');
INSERT INTO `itemaccount_tag` (`acctid`, `tag`, `objid`) VALUES ('RPT_BASIC_ADVANCE_BRGY_SHARE', 'rpt_basic_advance', 'RPT_BASIC_ADVANCE_BRGY_SHARE');
INSERT INTO `itemaccount_tag` (`acctid`, `tag`, `objid`) VALUES ('RPT_BASIC_CURRENT', 'rpt_basic_current', 'RPT_BASIC_CURRENT');
INSERT INTO `itemaccount_tag` (`acctid`, `tag`, `objid`) VALUES ('RPT_BASIC_CURRENT_BRGY_SHARE', 'rpt_basic_current', 'RPT_BASIC_CURRENT_BRGY_SHARE');
INSERT INTO `itemaccount_tag` (`acctid`, `tag`, `objid`) VALUES ('RPT_BASIC_PREVIOUS', 'rpt_basic_previous', 'RPT_BASIC_PREVIOUS');
INSERT INTO `itemaccount_tag` (`acctid`, `tag`, `objid`) VALUES ('RPT_BASIC_PREVIOUS_BRGY_SHARE', 'rpt_basic_previous', 'RPT_BASIC_PREVIOUS_BRGY_SHARE');
INSERT INTO `itemaccount_tag` (`acctid`, `tag`, `objid`) VALUES ('RPT_BASIC_PRIOR', 'rpt_basic_prior', 'RPT_BASIC_PRIOR');
INSERT INTO `itemaccount_tag` (`acctid`, `tag`, `objid`) VALUES ('RPT_BASIC_PRIOR_BRGY_SHARE', 'rpt_basic_prior', 'RPT_BASIC_PRIOR_BRGY_SHARE');
INSERT INTO `itemaccount_tag` (`acctid`, `tag`, `objid`) VALUES ('RPT_SEFINT_CURRENT', 'rpt_sefint_current', 'RPT_SEFINT_CURRENT');
INSERT INTO `itemaccount_tag` (`acctid`, `tag`, `objid`) VALUES ('RPT_SEFINT_PREVIOUS', 'rpt_sefint_previous', 'RPT_SEFINT_PREVIOUS');
INSERT INTO `itemaccount_tag` (`acctid`, `tag`, `objid`) VALUES ('RPT_SEFINT_PRIOR', 'rpt_sefint_prior', 'RPT_SEFINT_PRIOR');
INSERT INTO `itemaccount_tag` (`acctid`, `tag`, `objid`) VALUES ('RPT_SEF_ADVANCE', 'rpt_sef_advance', 'RPT_SEF_ADVANCE');
INSERT INTO `itemaccount_tag` (`acctid`, `tag`, `objid`) VALUES ('RPT_SEF_CURRENT', 'rpt_sef_current', 'RPT_SEF_CURRENT');
INSERT INTO `itemaccount_tag` (`acctid`, `tag`, `objid`) VALUES ('RPT_SEF_PREVIOUS', 'rpt_sef_previous', 'RPT_SEF_PREVIOUS');
INSERT INTO `itemaccount_tag` (`acctid`, `tag`, `objid`) VALUES ('RPT_SEF_PRIOR', 'rpt_sef_prior', 'RPT_SEF_PRIOR');




delete from sys_rule_action_param where parentid in ( 
  select ra.objid 
  from sys_rule r, sys_rule_action ra 
  where r.ruleset in (
        select name  from sys_ruleset where domain in ('rpt', 'landtax')
    ) and ra.parentid=r.objid 
)
;

delete from sys_rule_actiondef_param where parentid in ( 
  select ra.objid from sys_ruleset_actiondef rsa 
    inner join sys_rule_actiondef ra on ra.objid=rsa.actiondef 
  where rsa.ruleset in (
        select name  from sys_ruleset where domain in ('rpt', 'landtax')
    )
);

delete from sys_rule_actiondef where objid in ( 
  select actiondef from sys_ruleset_actiondef where ruleset in (
        select name  from sys_ruleset where domain in ('rpt', 'landtax')
    )
);

delete from sys_rule_action where parentid in ( 
  select objid from sys_rule 
  where ruleset in (
        select name  from sys_ruleset where domain in ('rpt', 'landtax')
    )
)
;

delete from sys_rule_condition_constraint where parentid in ( 
  select rc.objid 
  from sys_rule r, sys_rule_condition rc 
  where r.ruleset in (
        select name  from sys_ruleset where domain in ('rpt', 'landtax')
    ) and rc.parentid=r.objid 
)
;

delete from sys_rule_condition_var where parentid in ( 
  select rc.objid 
  from sys_rule r, sys_rule_condition rc 
  where r.ruleset in (
        select name  from sys_ruleset where domain in ('rpt', 'landtax')
    ) and rc.parentid=r.objid 
)
;

delete from sys_rule_condition where parentid in ( 
  select objid from sys_rule where ruleset in (
        select name  from sys_ruleset where domain in ('rpt', 'landtax')
    )
)
;


delete from sys_rule_fact_field where parentid in (
	select objid from sys_rule_fact where domain in ('rpt', 'landtax')
)
;

delete  from sys_rule_fact where domain in ('rpt', 'landtax')
;

delete from sys_rule_deployed where objid in ( 
  select objid from sys_rule where ruleset in (
        select name  from sys_ruleset where domain in ('rpt', 'landtax')
    )
    
)
;

delete from sys_rule where ruleset in (
    select name  from sys_ruleset where domain in ('rpt', 'landtax')
)
;

delete from sys_ruleset_fact where ruleset in (
    select name  from sys_ruleset where domain in ('rpt', 'landtax')
)
;


delete from sys_ruleset_actiondef where ruleset in (
    select name  from sys_ruleset where domain in ('rpt', 'landtax')
)
;

delete from sys_rulegroup where ruleset in (
    select name  from sys_ruleset where domain in ('rpt', 'landtax')
)
;

delete from sys_ruleset where domain in ('rpt', 'landtax')
;






/* LANDTAX RULESETS AND RULES */
alter table sys_rule add _ukey varchar(255);

INSERT IGNORE INTO `sys_ruleset` (`name`, `title`, `packagename`, `domain`, `role`, `permission`) VALUES ('rptbilling', 'RPT Billing Rules', 'rptbilling', 'LANDTAX', 'RULE_AUTHOR', NULL);
INSERT IGNORE INTO `sys_ruleset` (`name`, `title`, `packagename`, `domain`, `role`, `permission`) VALUES ('rptledger', 'Ledger Billing Rules', 'rptledger', 'LANDTAX', 'RULE_AUTHOR', NULL);

INSERT IGNORE INTO `sys_rulegroup` (`name`, `ruleset`, `title`, `sortorder`) VALUES ('AFTER_DISCOUNT', 'rptbilling', 'After Discount Computation', '10');
INSERT IGNORE INTO `sys_rulegroup` (`name`, `ruleset`, `title`, `sortorder`) VALUES ('AFTER_PENALTY', 'rptbilling', 'After Penalty Computation', '8');
INSERT IGNORE INTO `sys_rulegroup` (`name`, `ruleset`, `title`, `sortorder`) VALUES ('AFTER_SUMMARY', 'rptbilling', 'After Summary', '21');
INSERT IGNORE INTO `sys_rulegroup` (`name`, `ruleset`, `title`, `sortorder`) VALUES ('AFTER_TAX', 'rptledger', 'Post Tax Computation', '3');
INSERT IGNORE INTO `sys_rulegroup` (`name`, `ruleset`, `title`, `sortorder`) VALUES ('BEFORE_SUMMARY', 'rptbilling', 'Before Summary ', '19');
INSERT IGNORE INTO `sys_rulegroup` (`name`, `ruleset`, `title`, `sortorder`) VALUES ('BRGY_SHARE', 'rptbilling', 'Barangay Share Computation', '25');
INSERT IGNORE INTO `sys_rulegroup` (`name`, `ruleset`, `title`, `sortorder`) VALUES ('DISCOUNT', 'rptbilling', 'Discount Computation', '9');
INSERT IGNORE INTO `sys_rulegroup` (`name`, `ruleset`, `title`, `sortorder`) VALUES ('INIT', 'rptbilling', 'Init', '0');
INSERT IGNORE INTO `sys_rulegroup` (`name`, `ruleset`, `title`, `sortorder`) VALUES ('INIT', 'rptledger', 'Init', '0');
INSERT IGNORE INTO `sys_rulegroup` (`name`, `ruleset`, `title`, `sortorder`) VALUES ('LEDGER_ITEM', 'rptledger', 'Ledger Item Posting', '1');
INSERT IGNORE INTO `sys_rulegroup` (`name`, `ruleset`, `title`, `sortorder`) VALUES ('LGU_SHARE', 'rptbilling', 'LGU Share Computation', '26');
INSERT IGNORE INTO `sys_rulegroup` (`name`, `ruleset`, `title`, `sortorder`) VALUES ('PENALTY', 'rptbilling', 'Penalty Computation', '7');
INSERT IGNORE INTO `sys_rulegroup` (`name`, `ruleset`, `title`, `sortorder`) VALUES ('PROV_SHARE', 'rptbilling', 'Province Share Computation', '27');
INSERT IGNORE INTO `sys_rulegroup` (`name`, `ruleset`, `title`, `sortorder`) VALUES ('SUMMARY', 'rptbilling', 'Summary', '20');
INSERT IGNORE INTO `sys_rulegroup` (`name`, `ruleset`, `title`, `sortorder`) VALUES ('TAX', 'rptledger', 'Tax Computation', '2');

INSERT IGNORE INTO `sys_ruleset_actiondef` (`ruleset`, `actiondef`) VALUES ('rptledger', 'rptis.landtax.actions.AddBasic');
INSERT IGNORE INTO `sys_ruleset_actiondef` (`ruleset`, `actiondef`) VALUES ('rptbilling', 'rptis.landtax.actions.AddBillItem');
INSERT IGNORE INTO `sys_ruleset_actiondef` (`ruleset`, `actiondef`) VALUES ('rptledger', 'rptis.landtax.actions.AddFireCode');
INSERT IGNORE INTO `sys_ruleset_actiondef` (`ruleset`, `actiondef`) VALUES ('rptledger', 'rptis.landtax.actions.AddIdleLand');
INSERT IGNORE INTO `sys_ruleset_actiondef` (`ruleset`, `actiondef`) VALUES ('rptledger', 'rptis.landtax.actions.AddSef');
INSERT IGNORE INTO `sys_ruleset_actiondef` (`ruleset`, `actiondef`) VALUES ('rptbilling', 'rptis.landtax.actions.AddShare');
INSERT IGNORE INTO `sys_ruleset_actiondef` (`ruleset`, `actiondef`) VALUES ('rptledger', 'rptis.landtax.actions.AddSocialHousing');
INSERT IGNORE INTO `sys_ruleset_actiondef` (`ruleset`, `actiondef`) VALUES ('rptbilling', 'rptis.landtax.actions.AggregateLedgerItem');
INSERT IGNORE INTO `sys_ruleset_actiondef` (`ruleset`, `actiondef`) VALUES ('rptbilling', 'rptis.landtax.actions.CalcDiscount');
INSERT IGNORE INTO `sys_ruleset_actiondef` (`ruleset`, `actiondef`) VALUES ('rptbilling', 'rptis.landtax.actions.CalcInterest');
INSERT IGNORE INTO `sys_ruleset_actiondef` (`ruleset`, `actiondef`) VALUES ('rptledger', 'rptis.landtax.actions.CalcTax');
INSERT IGNORE INTO `sys_ruleset_actiondef` (`ruleset`, `actiondef`) VALUES ('rptbilling', 'rptis.landtax.actions.CreateTaxSummary');
INSERT IGNORE INTO `sys_ruleset_actiondef` (`ruleset`, `actiondef`) VALUES ('rptbilling', 'rptis.landtax.actions.RemoveLedgerItem');
INSERT IGNORE INTO `sys_ruleset_actiondef` (`ruleset`, `actiondef`) VALUES ('rptbilling', 'rptis.landtax.actions.SetBillExpiryDate');
INSERT IGNORE INTO `sys_ruleset_actiondef` (`ruleset`, `actiondef`) VALUES ('rptbilling', 'rptis.landtax.actions.SplitByQtr');
INSERT IGNORE INTO `sys_ruleset_actiondef` (`ruleset`, `actiondef`) VALUES ('rptbilling', 'rptis.landtax.actions.SplitLedgerItem');
INSERT IGNORE INTO `sys_ruleset_actiondef` (`ruleset`, `actiondef`) VALUES ('rptledger', 'rptis.landtax.actions.UpdateAV');


INSERT IGNORE INTO `sys_ruleset_fact` (`ruleset`, `rulefact`) VALUES ('rptbilling', 'CurrentDate');
INSERT IGNORE INTO `sys_ruleset_fact` (`ruleset`, `rulefact`) VALUES ('rptledger', 'rptis.landtax.facts.AssessedValue');
INSERT IGNORE INTO `sys_ruleset_fact` (`ruleset`, `rulefact`) VALUES ('rptbilling', 'rptis.landtax.facts.Bill');
INSERT IGNORE INTO `sys_ruleset_fact` (`ruleset`, `rulefact`) VALUES ('rptledger', 'rptis.landtax.facts.Classification');
INSERT IGNORE INTO `sys_ruleset_fact` (`ruleset`, `rulefact`) VALUES ('rptbilling', 'rptis.landtax.facts.RPTBillItem');
INSERT IGNORE INTO `sys_ruleset_fact` (`ruleset`, `rulefact`) VALUES ('rptbilling', 'rptis.landtax.facts.RPTIncentive');
INSERT IGNORE INTO `sys_ruleset_fact` (`ruleset`, `rulefact`) VALUES ('rptbilling', 'rptis.landtax.facts.RPTLedgerFact');
INSERT IGNORE INTO `sys_ruleset_fact` (`ruleset`, `rulefact`) VALUES ('rptledger', 'rptis.landtax.facts.RPTLedgerFact');
INSERT IGNORE INTO `sys_ruleset_fact` (`ruleset`, `rulefact`) VALUES ('rptbilling', 'rptis.landtax.facts.RPTLedgerItemFact');
INSERT IGNORE INTO `sys_ruleset_fact` (`ruleset`, `rulefact`) VALUES ('rptledger', 'rptis.landtax.facts.RPTLedgerItemFact');
INSERT IGNORE INTO `sys_ruleset_fact` (`ruleset`, `rulefact`) VALUES ('rptbilling', 'rptis.landtax.facts.RPTLedgerTag');
INSERT IGNORE INTO `sys_ruleset_fact` (`ruleset`, `rulefact`) VALUES ('rptledger', 'rptis.landtax.facts.RPTLedgerTag');
INSERT IGNORE INTO `sys_ruleset_fact` (`ruleset`, `rulefact`) VALUES ('rptbilling', 'rptis.landtax.facts.RPTLedgerTaxSummaryFact');
INSERT IGNORE INTO `sys_ruleset_fact` (`ruleset`, `rulefact`) VALUES ('rptbilling', 'rptis.landtax.facts.ShareFact');

INSERT IGNORE INTO `sys_rule` (`objid`, `state`, `name`, `ruleset`, `rulegroup`, `title`, `description`, `salience`, `effectivefrom`, `effectiveto`, `dtfiled`, `user_objid`, `user_name`, `noloop`, `_ukey`) VALUES ('RUL-1a2d6e9b:1692d429304:-7779', 'DEPLOYED', 'BASIC_AND_SEF', 'rptledger', 'LEDGER_ITEM', 'BASIC_AND_SEF', NULL, '50000', NULL, NULL, '2019-02-27 12:48:06', 'USR-12b70fa0:16929d068ad:-7e8e', 'LANDTAX', '1', 'RUL-1a2d6e9b:1692d429304:-7779');
INSERT IGNORE INTO `sys_rule` (`objid`, `state`, `name`, `ruleset`, `rulegroup`, `title`, `description`, `salience`, `effectivefrom`, `effectiveto`, `dtfiled`, `user_objid`, `user_name`, `noloop`, `_ukey`) VALUES ('RUL-2a65218f:180558e7346:-77a0', 'DEPLOYED', 'DISCOUNT_CURRENT', 'rptbilling', 'DISCOUNT', 'DISCOUNT_CURRENT', NULL, '50000', NULL, NULL, '2022-04-23 16:56:17', 'USR7e15465b:14a51353b1a:-7fb7', 'ADMIN', '1', '');
INSERT IGNORE INTO `sys_rule` (`objid`, `state`, `name`, `ruleset`, `rulegroup`, `title`, `description`, `salience`, `effectivefrom`, `effectiveto`, `dtfiled`, `user_objid`, `user_name`, `noloop`, `_ukey`) VALUES ('RUL-2ede6703:16642adb9ce:-7ba0', 'DEPLOYED', 'EXPIRY_ADVANCE_BILLING', 'rptbilling', 'BEFORE_SUMMARY', 'EXPIRY ADVANCE BILLING', NULL, '5000', NULL, NULL, '2018-10-05 01:28:47', 'USR6bd70b1f:1662cdef89a:-7e3e', 'RAMESES', '1', 'RUL-2ede6703:16642adb9ce:-7ba0');
INSERT IGNORE INTO `sys_rule` (`objid`, `state`, `name`, `ruleset`, `rulegroup`, `title`, `description`, `salience`, `effectivefrom`, `effectiveto`, `dtfiled`, `user_objid`, `user_name`, `noloop`, `_ukey`) VALUES ('RUL1262ad19:166ae41b1fb:-7c88', 'DEPLOYED', 'TOTAL_PREVIOUS', 'rptbilling', 'SUMMARY', 'TOTAL PREVIOUS', NULL, '50000', NULL, NULL, '2018-10-25 22:55:00', 'USR6de55768:158e0e57805:-74f2', 'ADMIN', '1', 'RUL1262ad19:166ae41b1fb:-7c88');
INSERT IGNORE INTO `sys_rule` (`objid`, `state`, `name`, `ruleset`, `rulegroup`, `title`, `description`, `salience`, `effectivefrom`, `effectiveto`, `dtfiled`, `user_objid`, `user_name`, `noloop`, `_ukey`) VALUES ('RUL3e7cce43:16b25a6ae3b:-2657', 'DEPLOYED', 'PENALTY_1992_TO_LESS_CY', 'rptbilling', 'PENALTY', 'PENALTY_1992_TO_LESS_CY', NULL, '50000', NULL, NULL, '2019-06-05 03:46:36', 'USR-ADMIN', 'ADMIN', '1', 'RUL3e7cce43:16b25a6ae3b:-2657');
INSERT IGNORE INTO `sys_rule` (`objid`, `state`, `name`, `ruleset`, `rulegroup`, `title`, `description`, `salience`, `effectivefrom`, `effectiveto`, `dtfiled`, `user_objid`, `user_name`, `noloop`, `_ukey`) VALUES ('RUL3e7cce43:16b25a6ae3b:-2ade', 'DEPLOYED', 'PENALTY_1986_TO_1991', 'rptbilling', 'PENALTY', 'PENALTY_1986_TO_1991', NULL, '50000', NULL, NULL, '2019-06-05 03:43:12', 'USR-ADMIN', 'ADMIN', '1', 'RUL3e7cce43:16b25a6ae3b:-2ade');
INSERT IGNORE INTO `sys_rule` (`objid`, `state`, `name`, `ruleset`, `rulegroup`, `title`, `description`, `salience`, `effectivefrom`, `effectiveto`, `dtfiled`, `user_objid`, `user_name`, `noloop`, `_ukey`) VALUES ('RUL3e7cce43:16b25a6ae3b:-2c01', 'DEPLOYED', 'PENALTY_1985_BELOW', 'rptbilling', 'PENALTY', 'PENALTY_1985_BELOW', NULL, '50000', NULL, NULL, '2019-06-05 03:40:48', 'USR-ADMIN', 'ADMIN', '1', 'RUL3e7cce43:16b25a6ae3b:-2c01');
INSERT IGNORE INTO `sys_rule` (`objid`, `state`, `name`, `ruleset`, `rulegroup`, `title`, `description`, `salience`, `effectivefrom`, `effectiveto`, `dtfiled`, `user_objid`, `user_name`, `noloop`, `_ukey`) VALUES ('RUL483027b0:16be9375c61:-77e6', 'DEPLOYED', 'BASIC_AND_SEF_TAX', 'rptledger', 'TAX', 'BASIC AND SEF TAX', NULL, '50000', NULL, NULL, '2019-07-13 10:51:37', 'USR-ADMIN', 'ADMIN', '1', 'RUL483027b0:16be9375c61:-77e6');
INSERT IGNORE INTO `sys_rule` (`objid`, `state`, `name`, `ruleset`, `rulegroup`, `title`, `description`, `salience`, `effectivefrom`, `effectiveto`, `dtfiled`, `user_objid`, `user_name`, `noloop`, `_ukey`) VALUES ('RUL560f5a64:1735a1dbaf4:-788a', 'DEPLOYED', 'BACKTAX_ADJ', 'rptbilling', 'AFTER_PENALTY', 'BACKTAX ADJUSTMENT', NULL, '50000', NULL, NULL, '2020-07-17 11:00:23', 'USR74d5cecb:1504597ea1b:-7e0b', 'LEE', '1', 'RUL560f5a64:1735a1dbaf4:-788a');
INSERT IGNORE INTO `sys_rule` (`objid`, `state`, `name`, `ruleset`, `rulegroup`, `title`, `description`, `salience`, `effectivefrom`, `effectiveto`, `dtfiled`, `user_objid`, `user_name`, `noloop`, `_ukey`) VALUES ('RUL7e02b404:166ae687f42:-5511', 'DEPLOYED', 'PENALTY_CURRENT_YEAR', 'rptbilling', 'PENALTY', 'PENALTY_CURRENT_YEAR', NULL, '50000', NULL, NULL, '2018-10-25 23:53:42', 'USR6de55768:158e0e57805:-74f2', 'ADMIN', '1', 'RUL7e02b404:166ae687f42:-5511');
INSERT IGNORE INTO `sys_rule` (`objid`, `state`, `name`, `ruleset`, `rulegroup`, `title`, `description`, `salience`, `effectivefrom`, `effectiveto`, `dtfiled`, `user_objid`, `user_name`, `noloop`, `_ukey`) VALUES ('RULec9d7ab:166235c2e16:-255e', 'DEPLOYED', 'BUILD_BILL_ITEMS', 'rptbilling', 'AFTER_SUMMARY', 'BUILD BILL ITEMS', NULL, '50000', NULL, NULL, '2018-09-29 00:27:14', 'USR-ADMIN', 'ADMIN', '1', 'RULec9d7ab:166235c2e16:-255e');
INSERT IGNORE INTO `sys_rule` (`objid`, `state`, `name`, `ruleset`, `rulegroup`, `title`, `description`, `salience`, `effectivefrom`, `effectiveto`, `dtfiled`, `user_objid`, `user_name`, `noloop`, `_ukey`) VALUES ('RULec9d7ab:166235c2e16:-26bf', 'DEPLOYED', 'TOTAL_ADVANCE', 'rptbilling', 'SUMMARY', 'TOTAL ADVANCE', NULL, '50000', NULL, NULL, '2018-09-29 00:26:00', 'USR-ADMIN', 'ADMIN', '1', 'RULec9d7ab:166235c2e16:-26bf');
INSERT IGNORE INTO `sys_rule` (`objid`, `state`, `name`, `ruleset`, `rulegroup`, `title`, `description`, `salience`, `effectivefrom`, `effectiveto`, `dtfiled`, `user_objid`, `user_name`, `noloop`, `_ukey`) VALUES ('RULec9d7ab:166235c2e16:-26d0', 'DEPLOYED', 'TOTAL_CURRENT', 'rptbilling', 'SUMMARY', 'TOTAL_CURRENT', NULL, '50000', NULL, NULL, '2018-09-29 00:25:49', 'USR-ADMIN', 'ADMIN', '1', 'RULec9d7ab:166235c2e16:-26d0');
INSERT IGNORE INTO `sys_rule` (`objid`, `state`, `name`, `ruleset`, `rulegroup`, `title`, `description`, `salience`, `effectivefrom`, `effectiveto`, `dtfiled`, `user_objid`, `user_name`, `noloop`, `_ukey`) VALUES ('RULec9d7ab:166235c2e16:-2f1f', 'DEPLOYED', 'EXPIRY_DATE_DEFAULT', 'rptbilling', 'BEFORE_SUMMARY', 'EXPIRY DATE DEFAULT', NULL, '10000', NULL, NULL, '2018-09-29 00:17:38', 'USR-ADMIN', 'ADMIN', '1', 'RULec9d7ab:166235c2e16:-2f1f');
INSERT IGNORE INTO `sys_rule` (`objid`, `state`, `name`, `ruleset`, `rulegroup`, `title`, `description`, `salience`, `effectivefrom`, `effectiveto`, `dtfiled`, `user_objid`, `user_name`, `noloop`, `_ukey`) VALUES ('RULec9d7ab:166235c2e16:-319f', 'DEPLOYED', 'EXPIRY_DATE_ADVANCE_YEAR', 'rptbilling', 'BEFORE_SUMMARY', 'EXPIRY_DATE_ADVANCE_YEAR', NULL, '5000', NULL, NULL, '2018-09-29 00:14:01', 'USR-ADMIN', 'ADMIN', '1', 'RULec9d7ab:166235c2e16:-319f');
INSERT IGNORE INTO `sys_rule` (`objid`, `state`, `name`, `ruleset`, `rulegroup`, `title`, `description`, `salience`, `effectivefrom`, `effectiveto`, `dtfiled`, `user_objid`, `user_name`, `noloop`, `_ukey`) VALUES ('RULec9d7ab:166235c2e16:-3811', 'DEPLOYED', 'SPLIT_QUARTERLY_BILLED_ITEMS', 'rptbilling', 'BEFORE_SUMMARY', 'SPLIT QUARTERLY BILLED ITEMS', NULL, '50000', NULL, NULL, '2018-09-29 00:07:10', 'USR-ADMIN', 'ADMIN', '1', 'RULec9d7ab:166235c2e16:-3811');
INSERT IGNORE INTO `sys_rule` (`objid`, `state`, `name`, `ruleset`, `rulegroup`, `title`, `description`, `salience`, `effectivefrom`, `effectiveto`, `dtfiled`, `user_objid`, `user_name`, `noloop`, `_ukey`) VALUES ('RULec9d7ab:166235c2e16:-3c17', 'DEPLOYED', 'AGGREGATE_PREVIOUS_ITEMS', 'rptbilling', 'BEFORE_SUMMARY', 'AGGREGATE PREVIOUS ITEMS', NULL, '60000', NULL, NULL, '2018-09-29 00:05:33', 'USR-ADMIN', 'ADMIN', '1', 'RULec9d7ab:166235c2e16:-3c17');
INSERT IGNORE INTO `sys_rule` (`objid`, `state`, `name`, `ruleset`, `rulegroup`, `title`, `description`, `salience`, `effectivefrom`, `effectiveto`, `dtfiled`, `user_objid`, `user_name`, `noloop`, `_ukey`) VALUES ('RULec9d7ab:166235c2e16:-4197', 'DEPLOYED', 'DISCOUNT_ADVANCE', 'rptbilling', 'DISCOUNT', 'DISCOUNT_ADVANCE', NULL, '40000', NULL, NULL, '2018-09-29 00:02:22', 'USR-ADMIN', 'ADMIN', '1', 'RULec9d7ab:166235c2e16:-4197');
INSERT IGNORE INTO `sys_rule` (`objid`, `state`, `name`, `ruleset`, `rulegroup`, `title`, `description`, `salience`, `effectivefrom`, `effectiveto`, `dtfiled`, `user_objid`, `user_name`, `noloop`, `_ukey`) VALUES ('RULec9d7ab:166235c2e16:-5fcb', 'DEPLOYED', 'SPLIT_QTR', 'rptbilling', 'INIT', 'SPLIT_QTR', NULL, '50000', NULL, NULL, '2018-09-28 23:48:57', 'USR-ADMIN', 'ADMIN', '1', 'RULec9d7ab:166235c2e16:-5fcb');

INSERT IGNORE INTO `sys_rule_deployed` (`objid`, `ruletext`) VALUES ('RUL-1a2d6e9b:1692d429304:-7779', '\npackage rptledger.BASIC_AND_SEF;\nimport rptledger.*;\nimport java.util.*;\nimport com.rameses.rules.common.*;\n\nglobal RuleAction action;\n\nrule \"BASIC_AND_SEF\"\n	agenda-group \"LEDGER_ITEM\"\n	salience 50000\n	no-loop\n	when\n		\n		\n		AVINFO: rptis.landtax.facts.AssessedValue (  YR:year,AV:av ) \n		\n	then\n		Map bindings = new HashMap();\n		\n		bindings.put(\"AVINFO\", AVINFO );\n		\n		bindings.put(\"YR\", YR );\n		\n		bindings.put(\"AV\", AV );\n		\n	Map _p0 = new HashMap();\r\n_p0.put( \"avfact\", AVINFO );\r\n_p0.put( \"year\", YR );\r\n_p0.put( \"av\", (new ActionExpression(\"AV\", bindings)) );\r\naction.execute( \"add-sef\",_p0,drools);\r\nMap _p1 = new HashMap();\r\n_p1.put( \"avfact\", AVINFO );\r\n_p1.put( \"year\", YR );\r\n_p1.put( \"av\", (new ActionExpression(\"AV\", bindings)) );\r\naction.execute( \"add-basic\",_p1,drools);\r\n\nend\n\n\n	');
INSERT IGNORE INTO `sys_rule_deployed` (`objid`, `ruletext`) VALUES ('RUL-2a65218f:180558e7346:-77a0', '\npackage rptbilling.DISCOUNT_CURRENT;\nimport rptbilling.*;\nimport java.util.*;\nimport com.rameses.rules.common.*;\n\nglobal RuleAction action;\n\nrule \"DISCOUNT_CURRENT\"\n	agenda-group \"DISCOUNT\"\n	salience 50000\n	no-loop\n	when\n		\n		\n		 CurrentDate (  CY:year,CQTR:qtr ) \n		\n		RLI: rptis.landtax.facts.RPTLedgerItemFact (  year == CY,qtr >= CQTR,TAX:amtdue ) \n		\n	then\n		Map bindings = new HashMap();\n		\n		bindings.put(\"RLI\", RLI );\n		\n		bindings.put(\"CY\", CY );\n		\n		bindings.put(\"CQTR\", CQTR );\n		\n		bindings.put(\"TAX\", TAX );\n		\n	Map _p0 = new HashMap();\r\n_p0.put( \"rptledgeritem\", RLI );\r\n_p0.put( \"expr\", (new ActionExpression(\"@ROUND(TAX * 0.20)\", bindings)) );\r\naction.execute( \"calc-discount\",_p0,drools);\r\n\nend\n\n\n	');
INSERT IGNORE INTO `sys_rule_deployed` (`objid`, `ruletext`) VALUES ('RUL-2ede6703:16642adb9ce:-7ba0', '\npackage rptbilling.EXPIRY_ADVANCE_BILLING;\nimport rptbilling.*;\nimport java.util.*;\nimport com.rameses.rules.common.*;\n\nglobal RuleAction action;\n\nrule \"EXPIRY_ADVANCE_BILLING\"\n	agenda-group \"BEFORE_SUMMARY\"\n	salience 5000\n	no-loop\n	when\n		\n		\n		BILL: rptis.landtax.facts.Bill (  advancebill == true ,BILLDATE:billdate ) \n		\n	then\n		Map bindings = new HashMap();\n		\n		bindings.put(\"BILL\", BILL );\n		\n		bindings.put(\"BILLDATE\", BILLDATE );\n		\n	Map _p0 = new HashMap();\r\n_p0.put( \"bill\", BILL );\r\n_p0.put( \"expr\", (new ActionExpression(\"@MONTHEND( BILLDATE )\", bindings)) );\r\naction.execute( \"set-bill-expiry\",_p0,drools);\r\n\nend\n\n\n	');
INSERT IGNORE INTO `sys_rule_deployed` (`objid`, `ruletext`) VALUES ('RUL1262ad19:166ae41b1fb:-7c88', '\npackage rptbilling.TOTAL_PREVIOUS;\nimport rptbilling.*;\nimport java.util.*;\nimport com.rameses.rules.common.*;\n\nglobal RuleAction action;\n\nrule \"TOTAL_PREVIOUS\"\n	agenda-group \"SUMMARY\"\n	salience 50000\n	no-loop\n	when\n		\n		\n		 CurrentDate (  CY:year ) \n		\n		RLI: rptis.landtax.facts.RPTLedgerItemFact (  year < CY ) \n		\n	then\n		Map bindings = new HashMap();\n		\n		bindings.put(\"CY\", CY );\n		\n		bindings.put(\"RLI\", RLI );\n		\n	Map _p0 = new HashMap();\r\n_p0.put( \"rptledgeritem\", RLI );\r\n_p0.put( \"revperiod\", \"previous\" );\r\naction.execute( \"create-tax-summary\",_p0,drools);\r\n\nend\n\n\n	');
INSERT IGNORE INTO `sys_rule_deployed` (`objid`, `ruletext`) VALUES ('RUL3e7cce43:16b25a6ae3b:-2657', '\npackage rptbilling.PENALTY_1992_TO_LESS_CY;\nimport rptbilling.*;\nimport java.util.*;\nimport com.rameses.rules.common.*;\n\nglobal RuleAction action;\n\nrule \"PENALTY_1992_TO_LESS_CY\"\n	agenda-group \"PENALTY\"\n	salience 50000\n	no-loop\n	when\n		\n		\n		 CurrentDate (  CY:year ) \n		\n		RLI: rptis.landtax.facts.RPTLedgerItemFact (  year < CY,NMON:monthsfromjan,year >= 1992,TAX:amtdue ) \n		\n	then\n		Map bindings = new HashMap();\n		\n		bindings.put(\"CY\", CY );\n		\n		bindings.put(\"RLI\", RLI );\n		\n		bindings.put(\"NMON\", NMON );\n		\n		bindings.put(\"TAX\", TAX );\n		\n	Map _p0 = new HashMap();\r\n_p0.put( \"rptledgeritem\", RLI );\r\n_p0.put( \"expr\", (new ActionExpression(\"@ROUND(@IIF( NMON * 0.02 > 0.72, TAX * 0.72, TAX * NMON * 0.02))\", bindings)) );\r\naction.execute( \"calc-interest\",_p0,drools);\r\n\nend\n\n\n	');
INSERT IGNORE INTO `sys_rule_deployed` (`objid`, `ruletext`) VALUES ('RUL3e7cce43:16b25a6ae3b:-2ade', '\npackage rptbilling.PENALTY_1986_TO_1991;\nimport rptbilling.*;\nimport java.util.*;\nimport com.rameses.rules.common.*;\n\nglobal RuleAction action;\n\nrule \"PENALTY_1986_TO_1991\"\n	agenda-group \"PENALTY\"\n	salience 50000\n	no-loop\n	when\n		\n		\n		RLI: rptis.landtax.facts.RPTLedgerItemFact (  NMON:monthsfromjan,year >= 1986,TAX:amtdue,year <= 1991 ) \n		\n	then\n		Map bindings = new HashMap();\n		\n		bindings.put(\"RLI\", RLI );\n		\n		bindings.put(\"NMON\", NMON );\n		\n		bindings.put(\"TAX\", TAX );\n		\n	Map _p0 = new HashMap();\r\n_p0.put( \"rptledgeritem\", RLI );\r\n_p0.put( \"expr\", (new ActionExpression(\"@ROUND(TAX * NMON * 0.02)\", bindings)) );\r\naction.execute( \"calc-interest\",_p0,drools);\r\n\nend\n\n\n	');
INSERT IGNORE INTO `sys_rule_deployed` (`objid`, `ruletext`) VALUES ('RUL3e7cce43:16b25a6ae3b:-2c01', '\npackage rptbilling.PENALTY_1985_BELOW;\nimport rptbilling.*;\nimport java.util.*;\nimport com.rameses.rules.common.*;\n\nglobal RuleAction action;\n\nrule \"PENALTY_1985_BELOW\"\n	agenda-group \"PENALTY\"\n	salience 50000\n	no-loop\n	when\n		\n		\n		RLI: rptis.landtax.facts.RPTLedgerItemFact (  year <= 1985,NMON:monthsfromjan,TAX:amtdue ) \n		\n	then\n		Map bindings = new HashMap();\n		\n		bindings.put(\"RLI\", RLI );\n		\n		bindings.put(\"NMON\", NMON );\n		\n		bindings.put(\"TAX\", TAX );\n		\n	Map _p0 = new HashMap();\r\n_p0.put( \"rptledgeritem\", RLI );\r\n_p0.put( \"expr\", (new ActionExpression(\"@ROUND(TAX * 0.24)\", bindings)) );\r\naction.execute( \"calc-interest\",_p0,drools);\r\n\nend\n\n\n	');
INSERT IGNORE INTO `sys_rule_deployed` (`objid`, `ruletext`) VALUES ('RUL483027b0:16be9375c61:-77e6', '\npackage rptledger.BASIC_AND_SEF_TAX;\nimport rptledger.*;\nimport java.util.*;\nimport com.rameses.rules.common.*;\n\nglobal RuleAction action;\n\nrule \"BASIC_AND_SEF_TAX\"\n	agenda-group \"TAX\"\n	salience 50000\n	no-loop\n	when\n		\n		\n		RLI: rptis.landtax.facts.RPTLedgerItemFact (  AV:av ) \n		\n	then\n		Map bindings = new HashMap();\n		\n		bindings.put(\"RLI\", RLI );\n		\n		bindings.put(\"AV\", AV );\n		\n	Map _p0 = new HashMap();\r\n_p0.put( \"rptledgeritem\", RLI );\r\n_p0.put( \"expr\", (new ActionExpression(\"AV * 0.01\", bindings)) );\r\naction.execute( \"calc-tax\",_p0,drools);\r\n\nend\n\n\n	');
INSERT IGNORE INTO `sys_rule_deployed` (`objid`, `ruletext`) VALUES ('RUL560f5a64:1735a1dbaf4:-788a', '\npackage rptbilling.BACKTAX_ADJ;\nimport rptbilling.*;\nimport java.util.*;\nimport com.rameses.rules.common.*;\n\nglobal RuleAction action;\n\nrule \"BACKTAX_ADJ\"\n	agenda-group \"AFTER_PENALTY\"\n	salience 50000\n	no-loop\n	when\n		\n		\n		RLI: rptis.landtax.facts.RPTLedgerItemFact (  backtax == true  ) \n		\n	then\n		Map bindings = new HashMap();\n		\n		bindings.put(\"RLI\", RLI );\n		\n	Map _p0 = new HashMap();\r\n_p0.put( \"rptledgeritem\", RLI );\r\n_p0.put( \"expr\", (new ActionExpression(\"0\", bindings)) );\r\naction.execute( \"calc-interest\",_p0,drools);\r\n\nend\n\n\n	');
INSERT IGNORE INTO `sys_rule_deployed` (`objid`, `ruletext`) VALUES ('RUL7e02b404:166ae687f42:-5511', '\npackage rptbilling.PENALTY_CURRENT_YEAR;\nimport rptbilling.*;\nimport java.util.*;\nimport com.rameses.rules.common.*;\n\nglobal RuleAction action;\n\nrule \"PENALTY_CURRENT_YEAR\"\n	agenda-group \"PENALTY\"\n	salience 50000\n	no-loop\n	when\n		\n		\n		 CurrentDate (  CY:year,CQTR:qtr > 1 ) \n		\n		RLI: rptis.landtax.facts.RPTLedgerItemFact (  revtype matches \"basic|sef\",year == CY,TAX:amtdue,NMON:monthsfromjan ) \n		\n	then\n		Map bindings = new HashMap();\n		\n		bindings.put(\"CY\", CY );\n		\n		bindings.put(\"RLI\", RLI );\n		\n		bindings.put(\"CQTR\", CQTR );\n		\n		bindings.put(\"NMON\", NMON );\n		\n		bindings.put(\"TAX\", TAX );\n		\n	Map _p0 = new HashMap();\r\n_p0.put( \"rptledgeritem\", RLI );\r\n_p0.put( \"expr\", (new ActionExpression(\"TAX * NMON * 0.02\", bindings)) );\r\naction.execute( \"calc-interest\",_p0,drools);\r\n\nend\n\n\n	');
INSERT IGNORE INTO `sys_rule_deployed` (`objid`, `ruletext`) VALUES ('RULec9d7ab:166235c2e16:-255e', '\npackage rptbilling.BUILD_BILL_ITEMS;\nimport rptbilling.*;\nimport java.util.*;\nimport com.rameses.rules.common.*;\n\nglobal RuleAction action;\n\nrule \"BUILD_BILL_ITEMS\"\n	agenda-group \"AFTER_SUMMARY\"\n	salience 50000\n	no-loop\n	when\n		\n		\n		RLTS: rptis.landtax.facts.RPTLedgerTaxSummaryFact (   ) \n		\n	then\n		Map bindings = new HashMap();\n		\n		bindings.put(\"RLTS\", RLTS );\n		\n	Map _p0 = new HashMap();\r\n_p0.put( \"taxsummary\", RLTS );\r\naction.execute( \"add-billitem\",_p0,drools);\r\n\nend\n\n\n	');
INSERT IGNORE INTO `sys_rule_deployed` (`objid`, `ruletext`) VALUES ('RULec9d7ab:166235c2e16:-26bf', '\npackage rptbilling.TOTAL_ADVANCE;\nimport rptbilling.*;\nimport java.util.*;\nimport com.rameses.rules.common.*;\n\nglobal RuleAction action;\n\nrule \"TOTAL_ADVANCE\"\n	agenda-group \"SUMMARY\"\n	salience 50000\n	no-loop\n	when\n		\n		\n		 CurrentDate (  CY:year ) \n		\n		RLI: rptis.landtax.facts.RPTLedgerItemFact (  year > CY ) \n		\n	then\n		Map bindings = new HashMap();\n		\n		bindings.put(\"CY\", CY );\n		\n		bindings.put(\"RLI\", RLI );\n		\n	Map _p0 = new HashMap();\r\n_p0.put( \"rptledgeritem\", RLI );\r\n_p0.put( \"revperiod\", \"advance\" );\r\naction.execute( \"create-tax-summary\",_p0,drools);\r\n\nend\n\n\n	');
INSERT IGNORE INTO `sys_rule_deployed` (`objid`, `ruletext`) VALUES ('RULec9d7ab:166235c2e16:-26d0', '\npackage rptbilling.TOTAL_CURRENT;\nimport rptbilling.*;\nimport java.util.*;\nimport com.rameses.rules.common.*;\n\nglobal RuleAction action;\n\nrule \"TOTAL_CURRENT\"\n	agenda-group \"SUMMARY\"\n	salience 50000\n	no-loop\n	when\n		\n		\n		 CurrentDate (  CY:year ) \n		\n		RLI: rptis.landtax.facts.RPTLedgerItemFact (  year == CY ) \n		\n	then\n		Map bindings = new HashMap();\n		\n		bindings.put(\"CY\", CY );\n		\n		bindings.put(\"RLI\", RLI );\n		\n	Map _p0 = new HashMap();\r\n_p0.put( \"rptledgeritem\", RLI );\r\n_p0.put( \"revperiod\", \"current\" );\r\naction.execute( \"create-tax-summary\",_p0,drools);\r\n\nend\n\n\n	');
INSERT IGNORE INTO `sys_rule_deployed` (`objid`, `ruletext`) VALUES ('RULec9d7ab:166235c2e16:-2f1f', '\npackage rptbilling.EXPIRY_DATE_DEFAULT;\nimport rptbilling.*;\nimport java.util.*;\nimport com.rameses.rules.common.*;\n\nglobal RuleAction action;\n\nrule \"EXPIRY_DATE_DEFAULT\"\n	agenda-group \"BEFORE_SUMMARY\"\n	salience 10000\n	no-loop\n	when\n		\n		\n		BILL: rptis.landtax.facts.Bill (  CDATE:currentdate ) \n		\n	then\n		Map bindings = new HashMap();\n		\n		bindings.put(\"BILL\", BILL );\n		\n		bindings.put(\"CDATE\", CDATE );\n		\n	Map _p0 = new HashMap();\r\n_p0.put( \"bill\", BILL );\r\n_p0.put( \"expr\", (new ActionExpression(\"@MONTHEND( CDATE )\", bindings)) );\r\naction.execute( \"set-bill-expiry\",_p0,drools);\r\n\nend\n\n\n	');
INSERT IGNORE INTO `sys_rule_deployed` (`objid`, `ruletext`) VALUES ('RULec9d7ab:166235c2e16:-319f', '\npackage rptbilling.EXPIRY_DATE_ADVANCE_YEAR;\nimport rptbilling.*;\nimport java.util.*;\nimport com.rameses.rules.common.*;\n\nglobal RuleAction action;\n\nrule \"EXPIRY_DATE_ADVANCE_YEAR\"\n	agenda-group \"BEFORE_SUMMARY\"\n	salience 5000\n	no-loop\n	when\n		\n		\n		 CurrentDate (  CY:year ) \n		\n		RL: rptis.landtax.facts.RPTLedgerFact (  lastyearpaid == CY,lastqtrpaid == 4 ) \n		\n		BILL: rptis.landtax.facts.Bill (  billtoyear > CY ) \n		\n	then\n		Map bindings = new HashMap();\n		\n		bindings.put(\"CY\", CY );\n		\n		bindings.put(\"RL\", RL );\n		\n		bindings.put(\"BILL\", BILL );\n		\n	Map _p0 = new HashMap();\r\n_p0.put( \"bill\", BILL );\r\n_p0.put( \"expr\", (new ActionExpression(\"@MONTHEND(@DATE(CY, 12, 1));\", bindings)) );\r\naction.execute( \"set-bill-expiry\",_p0,drools);\r\n\nend\n\n\n	');
INSERT IGNORE INTO `sys_rule_deployed` (`objid`, `ruletext`) VALUES ('RULec9d7ab:166235c2e16:-3811', '\npackage rptbilling.SPLIT_QUARTERLY_BILLED_ITEMS;\nimport rptbilling.*;\nimport java.util.*;\nimport com.rameses.rules.common.*;\n\nglobal RuleAction action;\n\nrule \"SPLIT_QUARTERLY_BILLED_ITEMS\"\n	agenda-group \"BEFORE_SUMMARY\"\n	salience 50000\n	no-loop\n	when\n		\n		\n		RLI: rptis.landtax.facts.RPTLedgerItemFact (  qtrly == false ,revtype matches \"basic|sef\" ) \n		\n		BILL: rptis.landtax.facts.Bill (  forpayment == true  ) \n		\n	then\n		Map bindings = new HashMap();\n		\n		bindings.put(\"RLI\", RLI );\n		\n		bindings.put(\"BILL\", BILL );\n		\n	Map _p0 = new HashMap();\r\n_p0.put( \"rptledgeritem\", RLI );\r\naction.execute( \"split-bill-item\",_p0,drools);\r\n\nend\n\n\n	');
INSERT IGNORE INTO `sys_rule_deployed` (`objid`, `ruletext`) VALUES ('RULec9d7ab:166235c2e16:-3c17', '\npackage rptbilling.AGGREGATE_PREVIOUS_ITEMS;\nimport rptbilling.*;\nimport java.util.*;\nimport com.rameses.rules.common.*;\n\nglobal RuleAction action;\n\nrule \"AGGREGATE_PREVIOUS_ITEMS\"\n	agenda-group \"BEFORE_SUMMARY\"\n	salience 60000\n	no-loop\n	when\n		\n		\n		 CurrentDate (  CY:year ) \n		\n		RLI: rptis.landtax.facts.RPTLedgerItemFact (  year < CY,qtrly == true  ) \n		\n		BILL: rptis.landtax.facts.Bill (  forpayment == false  ) \n		\n	then\n		Map bindings = new HashMap();\n		\n		bindings.put(\"CY\", CY );\n		\n		bindings.put(\"RLI\", RLI );\n		\n		bindings.put(\"BILL\", BILL );\n		\n	Map _p0 = new HashMap();\r\n_p0.put( \"rptledgeritem\", RLI );\r\naction.execute( \"aggregate-bill-item\",_p0,drools);\r\n\nend\n\n\n	');
INSERT IGNORE INTO `sys_rule_deployed` (`objid`, `ruletext`) VALUES ('RULec9d7ab:166235c2e16:-4197', '\npackage rptbilling.DISCOUNT_ADVANCE;\nimport rptbilling.*;\nimport java.util.*;\nimport com.rameses.rules.common.*;\n\nglobal RuleAction action;\n\nrule \"DISCOUNT_ADVANCE\"\n	agenda-group \"DISCOUNT\"\n	salience 40000\n	no-loop\n	when\n		\n		\n		 CurrentDate (  CY:year ) \n		\n		RLI: rptis.landtax.facts.RPTLedgerItemFact (  year > CY,TAX:amtdue ) \n		\n	then\n		Map bindings = new HashMap();\n		\n		bindings.put(\"CY\", CY );\n		\n		bindings.put(\"RLI\", RLI );\n		\n		bindings.put(\"TAX\", TAX );\n		\n	Map _p0 = new HashMap();\r\n_p0.put( \"rptledgeritem\", RLI );\r\n_p0.put( \"expr\", (new ActionExpression(\"@ROUND(TAX * 0.20)\", bindings)) );\r\naction.execute( \"calc-discount\",_p0,drools);\r\n\nend\n\n\n	');
INSERT IGNORE INTO `sys_rule_deployed` (`objid`, `ruletext`) VALUES ('RULec9d7ab:166235c2e16:-5fcb', '\npackage rptbilling.SPLIT_QTR;\nimport rptbilling.*;\nimport java.util.*;\nimport com.rameses.rules.common.*;\n\nglobal RuleAction action;\n\nrule \"SPLIT_QTR\"\n	agenda-group \"INIT\"\n	salience 50000\n	no-loop\n	when\n		\n		\n		 CurrentDate (  CY:year ) \n		\n		RLI: rptis.landtax.facts.RPTLedgerItemFact (  year >= CY ) \n		\n	then\n		Map bindings = new HashMap();\n		\n		bindings.put(\"CY\", CY );\n		\n		bindings.put(\"RLI\", RLI );\n		\n	Map _p0 = new HashMap();\r\n_p0.put( \"rptledgeritem\", RLI );\r\naction.execute( \"split-by-qtr\",_p0,drools);\r\n\nend\n\n\n	');

INSERT IGNORE INTO `sys_rule_fact` (`objid`, `name`, `title`, `factclass`, `sortorder`, `handler`, `defaultvarname`, `dynamic`, `lookuphandler`, `lookupkey`, `lookupvalue`, `lookupdatatype`, `dynamicfieldname`, `builtinconstraints`, `domain`, `factsuperclass`) VALUES ('CurrentDate', 'CurrentDate', 'Current Date', 'CurrentDate', '1', '', '', NULL, '', '', '', '', '', '', 'LANDTAX', NULL);
INSERT IGNORE INTO `sys_rule_fact` (`objid`, `name`, `title`, `factclass`, `sortorder`, `handler`, `defaultvarname`, `dynamic`, `lookuphandler`, `lookupkey`, `lookupvalue`, `lookupdatatype`, `dynamicfieldname`, `builtinconstraints`, `domain`, `factsuperclass`) VALUES ('rptis.landtax.facts.AssessedValue', 'rptis.landtax.facts.AssessedValue', 'Assessed Value', 'rptis.landtax.facts.AssessedValue', '2', NULL, 'AVINFO', NULL, NULL, NULL, NULL, NULL, NULL, NULL, 'landtax', NULL);
INSERT IGNORE INTO `sys_rule_fact` (`objid`, `name`, `title`, `factclass`, `sortorder`, `handler`, `defaultvarname`, `dynamic`, `lookuphandler`, `lookupkey`, `lookupvalue`, `lookupdatatype`, `dynamicfieldname`, `builtinconstraints`, `domain`, `factsuperclass`) VALUES ('rptis.landtax.facts.Bill', 'rptis.landtax.facts.Bill', 'Bill', 'rptis.landtax.facts.Bill', '2', NULL, 'BILL', NULL, NULL, NULL, NULL, NULL, NULL, NULL, 'landtax', NULL);
INSERT IGNORE INTO `sys_rule_fact` (`objid`, `name`, `title`, `factclass`, `sortorder`, `handler`, `defaultvarname`, `dynamic`, `lookuphandler`, `lookupkey`, `lookupvalue`, `lookupdatatype`, `dynamicfieldname`, `builtinconstraints`, `domain`, `factsuperclass`) VALUES ('rptis.landtax.facts.Classification', 'rptis.landtax.facts.Classification', 'Classification', 'rptis.landtax.facts.Classification', '0', NULL, 'CLASS', NULL, NULL, NULL, NULL, NULL, NULL, NULL, 'landtax', NULL);
INSERT IGNORE INTO `sys_rule_fact` (`objid`, `name`, `title`, `factclass`, `sortorder`, `handler`, `defaultvarname`, `dynamic`, `lookuphandler`, `lookupkey`, `lookupvalue`, `lookupdatatype`, `dynamicfieldname`, `builtinconstraints`, `domain`, `factsuperclass`) VALUES ('rptis.landtax.facts.RPTBillItem', 'rptis.landtax.facts.RPTBillItem', 'Bill Item', 'rptis.landtax.facts.RPTBillItem', '3', NULL, 'BILLITEM', NULL, NULL, NULL, NULL, NULL, NULL, NULL, 'landtax', NULL);
INSERT IGNORE INTO `sys_rule_fact` (`objid`, `name`, `title`, `factclass`, `sortorder`, `handler`, `defaultvarname`, `dynamic`, `lookuphandler`, `lookupkey`, `lookupvalue`, `lookupdatatype`, `dynamicfieldname`, `builtinconstraints`, `domain`, `factsuperclass`) VALUES ('rptis.landtax.facts.RPTIncentive', 'rptis.landtax.facts.RPTIncentive', 'Incentive', 'rptis.landtax.facts.RPTIncentive', '10', NULL, 'INCENTIVE', NULL, NULL, NULL, NULL, NULL, NULL, NULL, 'landtax', NULL);
INSERT IGNORE INTO `sys_rule_fact` (`objid`, `name`, `title`, `factclass`, `sortorder`, `handler`, `defaultvarname`, `dynamic`, `lookuphandler`, `lookupkey`, `lookupvalue`, `lookupdatatype`, `dynamicfieldname`, `builtinconstraints`, `domain`, `factsuperclass`) VALUES ('rptis.landtax.facts.RPTLedgerFact', 'rptis.landtax.facts.RPTLedgerFact', 'Ledger', 'rptis.landtax.facts.RPTLedgerFact', '5', NULL, 'RL', '0', '', '', '', '', '', NULL, 'landtax', NULL);
INSERT IGNORE INTO `sys_rule_fact` (`objid`, `name`, `title`, `factclass`, `sortorder`, `handler`, `defaultvarname`, `dynamic`, `lookuphandler`, `lookupkey`, `lookupvalue`, `lookupdatatype`, `dynamicfieldname`, `builtinconstraints`, `domain`, `factsuperclass`) VALUES ('rptis.landtax.facts.RPTLedgerItemFact', 'rptis.landtax.facts.RPTLedgerItemFact', 'Ledger Item', 'rptis.landtax.facts.RPTLedgerItemFact', '6', NULL, 'RLI', NULL, '', '', '', '', '', NULL, 'landtax', NULL);
INSERT IGNORE INTO `sys_rule_fact` (`objid`, `name`, `title`, `factclass`, `sortorder`, `handler`, `defaultvarname`, `dynamic`, `lookuphandler`, `lookupkey`, `lookupvalue`, `lookupdatatype`, `dynamicfieldname`, `builtinconstraints`, `domain`, `factsuperclass`) VALUES ('rptis.landtax.facts.RPTLedgerTag', 'rptis.landtax.facts.RPTLedgerTag', 'Ledger Tag', 'rptis.landtax.facts.RPTLedgerTag', '20', NULL, NULL, NULL, NULL, NULL, NULL, NULL, NULL, NULL, 'LANDTAX', NULL);
INSERT IGNORE INTO `sys_rule_fact` (`objid`, `name`, `title`, `factclass`, `sortorder`, `handler`, `defaultvarname`, `dynamic`, `lookuphandler`, `lookupkey`, `lookupvalue`, `lookupdatatype`, `dynamicfieldname`, `builtinconstraints`, `domain`, `factsuperclass`) VALUES ('rptis.landtax.facts.RPTLedgerTaxSummaryFact', 'rptis.landtax.facts.RPTLedgerTaxSummaryFact', 'Tax Summary', 'rptis.landtax.facts.RPTLedgerTaxSummaryFact', '21', NULL, 'RLTS', NULL, '', '', '', '', '', NULL, 'landtax', NULL);
INSERT IGNORE INTO `sys_rule_fact` (`objid`, `name`, `title`, `factclass`, `sortorder`, `handler`, `defaultvarname`, `dynamic`, `lookuphandler`, `lookupkey`, `lookupvalue`, `lookupdatatype`, `dynamicfieldname`, `builtinconstraints`, `domain`, `factsuperclass`) VALUES ('rptis.landtax.facts.ShareFact', 'rptis.landtax.facts.ShareFact', 'Share', 'rptis.landtax.facts.ShareFact', '50', NULL, 'LSH', NULL, '', '', '', '', '', NULL, 'landtax', NULL);
INSERT IGNORE INTO `sys_rule_fact` (`objid`, `name`, `title`, `factclass`, `sortorder`, `handler`, `defaultvarname`, `dynamic`, `lookuphandler`, `lookupkey`, `lookupvalue`, `lookupdatatype`, `dynamicfieldname`, `builtinconstraints`, `domain`, `factsuperclass`) VALUES ('RULFACT17d6e7ce:141df4b60c2:-7c21', 'assessedvalue', 'Assessed Value Data', 'rptis.landtax.facts.AssessedValueFact', '20', NULL, NULL, NULL, '', '', '', '', '', NULL, 'LANDTAX', NULL);
INSERT IGNORE INTO `sys_rule_fact` (`objid`, `name`, `title`, `factclass`, `sortorder`, `handler`, `defaultvarname`, `dynamic`, `lookuphandler`, `lookupkey`, `lookupvalue`, `lookupdatatype`, `dynamicfieldname`, `builtinconstraints`, `domain`, `factsuperclass`) VALUES ('RULFACT357018a9:1452a5dcbf7:-793b', 'ShareInfoFact', 'LGU Share Info', 'rptis.landtax.facts.ShareInfoFact', '50', NULL, 'LSH', NULL, '', '', '', '', '', NULL, 'LANDTAX', NULL);
INSERT IGNORE INTO `sys_rule_fact` (`objid`, `name`, `title`, `factclass`, `sortorder`, `handler`, `defaultvarname`, `dynamic`, `lookuphandler`, `lookupkey`, `lookupvalue`, `lookupdatatype`, `dynamicfieldname`, `builtinconstraints`, `domain`, `factsuperclass`) VALUES ('RULFACT547c5381:1451ae1cd9c:-75e0', 'paymentoption', 'Payment Option', 'rptis.landtax.facts.PaymentOptionFact', '2', NULL, NULL, NULL, '', '', '', '', '', NULL, 'LANDTAX', NULL);

INSERT IGNORE INTO `sys_rule_fact_field` (`objid`, `parentid`, `name`, `title`, `datatype`, `sortorder`, `handler`, `lookuphandler`, `lookupkey`, `lookupvalue`, `lookupdatatype`, `multivalued`, `required`, `vardatatype`, `lovname`) VALUES ('CurrentDate.day', 'CurrentDate', 'day', 'Day', 'integer', '4', 'integer', '', '', '', '', NULL, NULL, 'integer', '');
INSERT IGNORE INTO `sys_rule_fact_field` (`objid`, `parentid`, `name`, `title`, `datatype`, `sortorder`, `handler`, `lookuphandler`, `lookupkey`, `lookupvalue`, `lookupdatatype`, `multivalued`, `required`, `vardatatype`, `lovname`) VALUES ('CurrentDate.month', 'CurrentDate', 'month', 'Month', 'integer', '3', 'integer', '', '', '', '', NULL, NULL, 'integer', '');
INSERT IGNORE INTO `sys_rule_fact_field` (`objid`, `parentid`, `name`, `title`, `datatype`, `sortorder`, `handler`, `lookuphandler`, `lookupkey`, `lookupvalue`, `lookupdatatype`, `multivalued`, `required`, `vardatatype`, `lovname`) VALUES ('CurrentDate.qtr', 'CurrentDate', 'qtr', 'Quarter', 'integer', '2', 'integer', '', '', '', '', NULL, NULL, 'integer', '');
INSERT IGNORE INTO `sys_rule_fact_field` (`objid`, `parentid`, `name`, `title`, `datatype`, `sortorder`, `handler`, `lookuphandler`, `lookupkey`, `lookupvalue`, `lookupdatatype`, `multivalued`, `required`, `vardatatype`, `lovname`) VALUES ('CurrentDate.year', 'CurrentDate', 'year', 'Year', 'integer', '1', 'integer', '', '', '', '', NULL, NULL, 'integer', '');
INSERT IGNORE INTO `sys_rule_fact_field` (`objid`, `parentid`, `name`, `title`, `datatype`, `sortorder`, `handler`, `lookuphandler`, `lookupkey`, `lookupvalue`, `lookupdatatype`, `multivalued`, `required`, `vardatatype`, `lovname`) VALUES ('FACTFLD-20603cf4:146f0c708c1:-7a25', 'RULFACT357018a9:1452a5dcbf7:-793b', 'lguid', 'LGU', 'string', '4', 'lookup', 'municipality:lookup', 'objid', 'name', NULL, NULL, NULL, 'string', NULL);
INSERT IGNORE INTO `sys_rule_fact_field` (`objid`, `parentid`, `name`, `title`, `datatype`, `sortorder`, `handler`, `lookuphandler`, `lookupkey`, `lookupvalue`, `lookupdatatype`, `multivalued`, `required`, `vardatatype`, `lovname`) VALUES ('FACTFLD17d6e7ce:141df4b60c2:-7c0c', 'RULFACT17d6e7ce:141df4b60c2:-7c21', 'assessedvalue', 'Assessed Value', 'decimal', '2', 'decimal', '', '', '', '', NULL, NULL, 'decimal', '');
INSERT IGNORE INTO `sys_rule_fact_field` (`objid`, `parentid`, `name`, `title`, `datatype`, `sortorder`, `handler`, `lookuphandler`, `lookupkey`, `lookupvalue`, `lookupdatatype`, `multivalued`, `required`, `vardatatype`, `lovname`) VALUES ('FACTFLD17d6e7ce:141df4b60c2:-7c13', 'RULFACT17d6e7ce:141df4b60c2:-7c21', 'year', 'Year', 'integer', '1', 'integer', '', '', '', '', NULL, NULL, 'integer', '');
INSERT IGNORE INTO `sys_rule_fact_field` (`objid`, `parentid`, `name`, `title`, `datatype`, `sortorder`, `handler`, `lookuphandler`, `lookupkey`, `lookupvalue`, `lookupdatatype`, `multivalued`, `required`, `vardatatype`, `lovname`) VALUES ('FACTFLD1be07afa:1452a9809e9:-332b', 'RULFACT357018a9:1452a5dcbf7:-793b', 'lgutype', 'LGU Type', 'string', '1', 'lov', '', '', '', '', NULL, '1', 'string', 'RPT_BILLING_LGU_TYPES');
INSERT IGNORE INTO `sys_rule_fact_field` (`objid`, `parentid`, `name`, `title`, `datatype`, `sortorder`, `handler`, `lookuphandler`, `lookupkey`, `lookupvalue`, `lookupdatatype`, `multivalued`, `required`, `vardatatype`, `lovname`) VALUES ('FACTFLD1be07afa:1452a9809e9:-3ee8', 'RULFACT357018a9:1452a5dcbf7:-793b', 'sefint', 'SEF Interest', 'decimal', '11', 'decimal', '', '', '', '', NULL, '0', 'decimal', '');
INSERT IGNORE INTO `sys_rule_fact_field` (`objid`, `parentid`, `name`, `title`, `datatype`, `sortorder`, `handler`, `lookuphandler`, `lookupkey`, `lookupvalue`, `lookupdatatype`, `multivalued`, `required`, `vardatatype`, `lovname`) VALUES ('FACTFLD1be07afa:1452a9809e9:-3f01', 'RULFACT357018a9:1452a5dcbf7:-793b', 'sefdisc', 'SEF Discount', 'decimal', '10', 'decimal', '', '', '', '', NULL, '0', 'decimal', '');
INSERT IGNORE INTO `sys_rule_fact_field` (`objid`, `parentid`, `name`, `title`, `datatype`, `sortorder`, `handler`, `lookuphandler`, `lookupkey`, `lookupvalue`, `lookupdatatype`, `multivalued`, `required`, `vardatatype`, `lovname`) VALUES ('FACTFLD1be07afa:1452a9809e9:-3f1a', 'RULFACT357018a9:1452a5dcbf7:-793b', 'sef', 'SEF', 'decimal', '9', 'decimal', '', '', '', '', NULL, '0', 'decimal', '');
INSERT IGNORE INTO `sys_rule_fact_field` (`objid`, `parentid`, `name`, `title`, `datatype`, `sortorder`, `handler`, `lookuphandler`, `lookupkey`, `lookupvalue`, `lookupdatatype`, `multivalued`, `required`, `vardatatype`, `lovname`) VALUES ('FACTFLD1be07afa:1452a9809e9:-3f33', 'RULFACT357018a9:1452a5dcbf7:-793b', 'basicint', 'Basic Interest', 'decimal', '8', 'decimal', '', '', '', '', NULL, '0', 'decimal', '');
INSERT IGNORE INTO `sys_rule_fact_field` (`objid`, `parentid`, `name`, `title`, `datatype`, `sortorder`, `handler`, `lookuphandler`, `lookupkey`, `lookupvalue`, `lookupdatatype`, `multivalued`, `required`, `vardatatype`, `lovname`) VALUES ('FACTFLD1be07afa:1452a9809e9:-3f4c', 'RULFACT357018a9:1452a5dcbf7:-793b', 'basicdisc', 'Basic Discount', 'decimal', '7', 'decimal', '', '', '', '', NULL, '0', 'decimal', '');
INSERT IGNORE INTO `sys_rule_fact_field` (`objid`, `parentid`, `name`, `title`, `datatype`, `sortorder`, `handler`, `lookuphandler`, `lookupkey`, `lookupvalue`, `lookupdatatype`, `multivalued`, `required`, `vardatatype`, `lovname`) VALUES ('FACTFLD1be07afa:1452a9809e9:-3f65', 'RULFACT357018a9:1452a5dcbf7:-793b', 'basic', 'Basic', 'decimal', '6', 'decimal', '', '', '', '', NULL, '0', 'decimal', '');
INSERT IGNORE INTO `sys_rule_fact_field` (`objid`, `parentid`, `name`, `title`, `datatype`, `sortorder`, `handler`, `lookuphandler`, `lookupkey`, `lookupvalue`, `lookupdatatype`, `multivalued`, `required`, `vardatatype`, `lovname`) VALUES ('FACTFLD1be07afa:1452a9809e9:-45b2', 'RULFACT357018a9:1452a5dcbf7:-793b', 'revperiod', 'Revenue Period', 'string', '3', 'lov', '', '', '', '', NULL, '1', 'string', 'RPT_REVENUE_PERIODS');
INSERT IGNORE INTO `sys_rule_fact_field` (`objid`, `parentid`, `name`, `title`, `datatype`, `sortorder`, `handler`, `lookuphandler`, `lookupkey`, `lookupvalue`, `lookupdatatype`, `multivalued`, `required`, `vardatatype`, `lovname`) VALUES ('FACTFLD1be07afa:1452a9809e9:-608c', 'RULFACT357018a9:1452a5dcbf7:-793b', 'barangay', 'Barangay', 'string', '5', 'lookup', 'barangay:lookup', 'objid', 'name', '', NULL, NULL, 'string', '');
INSERT IGNORE INTO `sys_rule_fact_field` (`objid`, `parentid`, `name`, `title`, `datatype`, `sortorder`, `handler`, `lookuphandler`, `lookupkey`, `lookupvalue`, `lookupdatatype`, `multivalued`, `required`, `vardatatype`, `lovname`) VALUES ('FACTFLD2701c487:141e346f838:-7f2e', 'RULFACT17d6e7ce:141df4b60c2:-7c21', 'rptledger', 'RPT Ledger', 'string', '3', 'var', '', '', '', '', NULL, NULL, 'rptis.landtax.facts.RPTLedgerFact', '');
INSERT IGNORE INTO `sys_rule_fact_field` (`objid`, `parentid`, `name`, `title`, `datatype`, `sortorder`, `handler`, `lookuphandler`, `lookupkey`, `lookupvalue`, `lookupdatatype`, `multivalued`, `required`, `vardatatype`, `lovname`) VALUES ('FACTFLD357018a9:1452a5dcbf7:-7765', 'RULFACT357018a9:1452a5dcbf7:-793b', 'sharetype', 'Share Type', 'string', '2', 'lov', '', '', '', '', NULL, '0', 'string', 'RPT_BILLING_SHARE_TYPES');
INSERT IGNORE INTO `sys_rule_fact_field` (`objid`, `parentid`, `name`, `title`, `datatype`, `sortorder`, `handler`, `lookuphandler`, `lookupkey`, `lookupvalue`, `lookupdatatype`, `multivalued`, `required`, `vardatatype`, `lovname`) VALUES ('FACTFLD441bb08f:1436c079bff:-7fc1', 'RULFACT17d6e7ce:141df4b60c2:-7c21', 'qtrlyav', 'Quarterly Assessed Value', 'decimal', '4', 'decimal', '', '', '', '', NULL, NULL, 'decimal', '');
INSERT IGNORE INTO `sys_rule_fact_field` (`objid`, `parentid`, `name`, `title`, `datatype`, `sortorder`, `handler`, `lookuphandler`, `lookupkey`, `lookupvalue`, `lookupdatatype`, `multivalued`, `required`, `vardatatype`, `lovname`) VALUES ('FACTFLD547c5381:1451ae1cd9c:-75c6', 'RULFACT547c5381:1451ae1cd9c:-75e0', 'type', 'Type', 'string', '1', 'lov', '', '', '', '', NULL, NULL, 'string', 'RPT_BILLING_PAYMENT_OPTIONS');
INSERT IGNORE INTO `sys_rule_fact_field` (`objid`, `parentid`, `name`, `title`, `datatype`, `sortorder`, `handler`, `lookuphandler`, `lookupkey`, `lookupvalue`, `lookupdatatype`, `multivalued`, `required`, `vardatatype`, `lovname`) VALUES ('rptis.landtax.facts.AssessedValue.actualuse', 'rptis.landtax.facts.AssessedValue', 'actualuse', 'Actual Use', 'string', '4', 'var', 'propertyclassification:lookup', 'objid', 'name', NULL, NULL, '0', 'rptis.landtax.facts.Classification', NULL);
INSERT IGNORE INTO `sys_rule_fact_field` (`objid`, `parentid`, `name`, `title`, `datatype`, `sortorder`, `handler`, `lookuphandler`, `lookupkey`, `lookupvalue`, `lookupdatatype`, `multivalued`, `required`, `vardatatype`, `lovname`) VALUES ('rptis.landtax.facts.AssessedValue.av', 'rptis.landtax.facts.AssessedValue', 'av', 'Assessed Value', 'decimal', '6', 'decimal', NULL, NULL, NULL, NULL, NULL, '1', 'decimal', NULL);
INSERT IGNORE INTO `sys_rule_fact_field` (`objid`, `parentid`, `name`, `title`, `datatype`, `sortorder`, `handler`, `lookuphandler`, `lookupkey`, `lookupvalue`, `lookupdatatype`, `multivalued`, `required`, `vardatatype`, `lovname`) VALUES ('rptis.landtax.facts.AssessedValue.basicav', 'rptis.landtax.facts.AssessedValue', 'basicav', 'Basic Assessed Value', 'decimal', '7', 'decimal', NULL, NULL, NULL, NULL, NULL, NULL, 'decimal', NULL);
INSERT IGNORE INTO `sys_rule_fact_field` (`objid`, `parentid`, `name`, `title`, `datatype`, `sortorder`, `handler`, `lookuphandler`, `lookupkey`, `lookupvalue`, `lookupdatatype`, `multivalued`, `required`, `vardatatype`, `lovname`) VALUES ('rptis.landtax.facts.AssessedValue.classification', 'rptis.landtax.facts.AssessedValue', 'classification', 'Classification', 'string', '3', 'var', 'propertyclassification:lookup', 'objid', 'name', NULL, NULL, NULL, 'rptis.landtax.facts.Classification', NULL);
INSERT IGNORE INTO `sys_rule_fact_field` (`objid`, `parentid`, `name`, `title`, `datatype`, `sortorder`, `handler`, `lookuphandler`, `lookupkey`, `lookupvalue`, `lookupdatatype`, `multivalued`, `required`, `vardatatype`, `lovname`) VALUES ('rptis.landtax.facts.AssessedValue.idleland', 'rptis.landtax.facts.AssessedValue', 'idleland', 'Is Idle Land?', 'boolean', '9', 'boolean', NULL, NULL, NULL, NULL, NULL, NULL, 'boolean', NULL);
INSERT IGNORE INTO `sys_rule_fact_field` (`objid`, `parentid`, `name`, `title`, `datatype`, `sortorder`, `handler`, `lookuphandler`, `lookupkey`, `lookupvalue`, `lookupdatatype`, `multivalued`, `required`, `vardatatype`, `lovname`) VALUES ('rptis.landtax.facts.AssessedValue.rputype', 'rptis.landtax.facts.AssessedValue', 'rputype', 'Property Type', 'string', '1', 'lov', NULL, NULL, NULL, NULL, NULL, NULL, 'string', 'RPT_RPUTYPES');
INSERT IGNORE INTO `sys_rule_fact_field` (`objid`, `parentid`, `name`, `title`, `datatype`, `sortorder`, `handler`, `lookuphandler`, `lookupkey`, `lookupvalue`, `lookupdatatype`, `multivalued`, `required`, `vardatatype`, `lovname`) VALUES ('rptis.landtax.facts.AssessedValue.sefav', 'rptis.landtax.facts.AssessedValue', 'sefav', 'SEF Assessed Value', 'decimal', '8', 'decimal', NULL, NULL, NULL, NULL, NULL, NULL, 'decimal', NULL);
INSERT IGNORE INTO `sys_rule_fact_field` (`objid`, `parentid`, `name`, `title`, `datatype`, `sortorder`, `handler`, `lookuphandler`, `lookupkey`, `lookupvalue`, `lookupdatatype`, `multivalued`, `required`, `vardatatype`, `lovname`) VALUES ('rptis.landtax.facts.AssessedValue.txntype', 'rptis.landtax.facts.AssessedValue', 'txntype', 'Transaction Type', 'string', '2', 'lov', NULL, NULL, NULL, NULL, NULL, NULL, 'string', 'RPT_TXN_TYPES');
INSERT IGNORE INTO `sys_rule_fact_field` (`objid`, `parentid`, `name`, `title`, `datatype`, `sortorder`, `handler`, `lookuphandler`, `lookupkey`, `lookupvalue`, `lookupdatatype`, `multivalued`, `required`, `vardatatype`, `lovname`) VALUES ('rptis.landtax.facts.AssessedValue.year', 'rptis.landtax.facts.AssessedValue', 'year', 'Year', 'integer', '5', 'integer', NULL, NULL, NULL, NULL, NULL, '1', 'integer', NULL);
INSERT IGNORE INTO `sys_rule_fact_field` (`objid`, `parentid`, `name`, `title`, `datatype`, `sortorder`, `handler`, `lookuphandler`, `lookupkey`, `lookupvalue`, `lookupdatatype`, `multivalued`, `required`, `vardatatype`, `lovname`) VALUES ('rptis.landtax.facts.Bill.advancebill', 'rptis.landtax.facts.Bill', 'advancebill', 'Is Advance Billing?', 'boolean', '6', 'boolean', NULL, NULL, NULL, NULL, NULL, NULL, 'boolean', NULL);
INSERT IGNORE INTO `sys_rule_fact_field` (`objid`, `parentid`, `name`, `title`, `datatype`, `sortorder`, `handler`, `lookuphandler`, `lookupkey`, `lookupvalue`, `lookupdatatype`, `multivalued`, `required`, `vardatatype`, `lovname`) VALUES ('rptis.landtax.facts.Bill.billdate', 'rptis.landtax.facts.Bill', 'billdate', 'Bill Date', 'date', '5', 'date', NULL, NULL, NULL, NULL, NULL, NULL, 'date', NULL);
INSERT IGNORE INTO `sys_rule_fact_field` (`objid`, `parentid`, `name`, `title`, `datatype`, `sortorder`, `handler`, `lookuphandler`, `lookupkey`, `lookupvalue`, `lookupdatatype`, `multivalued`, `required`, `vardatatype`, `lovname`) VALUES ('rptis.landtax.facts.Bill.billtoqtr', 'rptis.landtax.facts.Bill', 'billtoqtr', 'Quarter', 'integer', '2', 'integer', NULL, NULL, NULL, NULL, NULL, '0', 'integer', NULL);
INSERT IGNORE INTO `sys_rule_fact_field` (`objid`, `parentid`, `name`, `title`, `datatype`, `sortorder`, `handler`, `lookuphandler`, `lookupkey`, `lookupvalue`, `lookupdatatype`, `multivalued`, `required`, `vardatatype`, `lovname`) VALUES ('rptis.landtax.facts.Bill.billtoyear', 'rptis.landtax.facts.Bill', 'billtoyear', 'Year', 'integer', '1', 'integer', NULL, NULL, NULL, NULL, NULL, NULL, 'integer', NULL);
INSERT IGNORE INTO `sys_rule_fact_field` (`objid`, `parentid`, `name`, `title`, `datatype`, `sortorder`, `handler`, `lookuphandler`, `lookupkey`, `lookupvalue`, `lookupdatatype`, `multivalued`, `required`, `vardatatype`, `lovname`) VALUES ('rptis.landtax.facts.Bill.currentdate', 'rptis.landtax.facts.Bill', 'currentdate', 'Current Date', 'date', '3', 'date', NULL, NULL, NULL, NULL, NULL, NULL, 'date', NULL);
INSERT IGNORE INTO `sys_rule_fact_field` (`objid`, `parentid`, `name`, `title`, `datatype`, `sortorder`, `handler`, `lookuphandler`, `lookupkey`, `lookupvalue`, `lookupdatatype`, `multivalued`, `required`, `vardatatype`, `lovname`) VALUES ('rptis.landtax.facts.Bill.forpayment', 'rptis.landtax.facts.Bill', 'forpayment', 'Is for Payment?', 'boolean', '4', 'boolean', NULL, NULL, NULL, NULL, NULL, NULL, 'boolean', NULL);
INSERT IGNORE INTO `sys_rule_fact_field` (`objid`, `parentid`, `name`, `title`, `datatype`, `sortorder`, `handler`, `lookuphandler`, `lookupkey`, `lookupvalue`, `lookupdatatype`, `multivalued`, `required`, `vardatatype`, `lovname`) VALUES ('rptis.landtax.facts.Classification.objid', 'rptis.landtax.facts.Classification', 'objid', 'Classification', 'string', '1', 'lookup', 'propertyclassification:lookup', 'objid', 'name', NULL, NULL, NULL, 'string', NULL);
INSERT IGNORE INTO `sys_rule_fact_field` (`objid`, `parentid`, `name`, `title`, `datatype`, `sortorder`, `handler`, `lookuphandler`, `lookupkey`, `lookupvalue`, `lookupdatatype`, `multivalued`, `required`, `vardatatype`, `lovname`) VALUES ('rptis.landtax.facts.RPTBillItem.amount', 'rptis.landtax.facts.RPTBillItem', 'amount', 'Amount', 'decimal', '5', 'decimal', NULL, NULL, NULL, NULL, NULL, NULL, 'decimal', NULL);
INSERT IGNORE INTO `sys_rule_fact_field` (`objid`, `parentid`, `name`, `title`, `datatype`, `sortorder`, `handler`, `lookuphandler`, `lookupkey`, `lookupvalue`, `lookupdatatype`, `multivalued`, `required`, `vardatatype`, `lovname`) VALUES ('rptis.landtax.facts.RPTBillItem.parentacctid', 'rptis.landtax.facts.RPTBillItem', 'parentacctid', 'Account', 'string', '1', 'lookup', 'revenueitem:lookup', 'objid', 'title', NULL, NULL, NULL, 'string', NULL);
INSERT IGNORE INTO `sys_rule_fact_field` (`objid`, `parentid`, `name`, `title`, `datatype`, `sortorder`, `handler`, `lookuphandler`, `lookupkey`, `lookupvalue`, `lookupdatatype`, `multivalued`, `required`, `vardatatype`, `lovname`) VALUES ('rptis.landtax.facts.RPTBillItem.revperiod', 'rptis.landtax.facts.RPTBillItem', 'revperiod', 'Revenue Period', 'string', '3', 'lov', NULL, NULL, NULL, NULL, NULL, NULL, 'string', 'RPT_REVENUE_PERIODS');
INSERT IGNORE INTO `sys_rule_fact_field` (`objid`, `parentid`, `name`, `title`, `datatype`, `sortorder`, `handler`, `lookuphandler`, `lookupkey`, `lookupvalue`, `lookupdatatype`, `multivalued`, `required`, `vardatatype`, `lovname`) VALUES ('rptis.landtax.facts.RPTBillItem.revtype', 'rptis.landtax.facts.RPTBillItem', 'revtype', 'Revenue Type', 'string', '2', 'lov', NULL, NULL, NULL, NULL, NULL, NULL, 'string', 'RPT_BILLING_REVENUE_TYPES');
INSERT IGNORE INTO `sys_rule_fact_field` (`objid`, `parentid`, `name`, `title`, `datatype`, `sortorder`, `handler`, `lookuphandler`, `lookupkey`, `lookupvalue`, `lookupdatatype`, `multivalued`, `required`, `vardatatype`, `lovname`) VALUES ('rptis.landtax.facts.RPTBillItem.sharetype', 'rptis.landtax.facts.RPTBillItem', 'sharetype', 'Share Type', 'string', '4', 'lov', NULL, NULL, NULL, NULL, NULL, NULL, 'string', 'RPT_BILLING_LGU_TYPES');
INSERT IGNORE INTO `sys_rule_fact_field` (`objid`, `parentid`, `name`, `title`, `datatype`, `sortorder`, `handler`, `lookuphandler`, `lookupkey`, `lookupvalue`, `lookupdatatype`, `multivalued`, `required`, `vardatatype`, `lovname`) VALUES ('rptis.landtax.facts.RPTIncentive.basicrate', 'rptis.landtax.facts.RPTIncentive', 'basicrate', 'Basic Rate', 'decimal', '2', 'decimal', NULL, NULL, NULL, NULL, NULL, NULL, 'decimal', NULL);
INSERT IGNORE INTO `sys_rule_fact_field` (`objid`, `parentid`, `name`, `title`, `datatype`, `sortorder`, `handler`, `lookuphandler`, `lookupkey`, `lookupvalue`, `lookupdatatype`, `multivalued`, `required`, `vardatatype`, `lovname`) VALUES ('rptis.landtax.facts.RPTIncentive.fromyear', 'rptis.landtax.facts.RPTIncentive', 'fromyear', 'From Year', 'integer', '4', 'integer', NULL, NULL, NULL, NULL, NULL, NULL, 'integer', NULL);
INSERT IGNORE INTO `sys_rule_fact_field` (`objid`, `parentid`, `name`, `title`, `datatype`, `sortorder`, `handler`, `lookuphandler`, `lookupkey`, `lookupvalue`, `lookupdatatype`, `multivalued`, `required`, `vardatatype`, `lovname`) VALUES ('rptis.landtax.facts.RPTIncentive.rptledger', 'rptis.landtax.facts.RPTIncentive', 'rptledger', 'Ledger', 'string', '1', 'var', NULL, NULL, NULL, NULL, NULL, NULL, 'rptis.landtax.facts.RPTLedgerFact', NULL);
INSERT IGNORE INTO `sys_rule_fact_field` (`objid`, `parentid`, `name`, `title`, `datatype`, `sortorder`, `handler`, `lookuphandler`, `lookupkey`, `lookupvalue`, `lookupdatatype`, `multivalued`, `required`, `vardatatype`, `lovname`) VALUES ('rptis.landtax.facts.RPTIncentive.sefrate', 'rptis.landtax.facts.RPTIncentive', 'sefrate', 'SEF Rate', 'decimal', '3', 'decimal', NULL, NULL, NULL, NULL, NULL, NULL, 'decimal', NULL);
INSERT IGNORE INTO `sys_rule_fact_field` (`objid`, `parentid`, `name`, `title`, `datatype`, `sortorder`, `handler`, `lookuphandler`, `lookupkey`, `lookupvalue`, `lookupdatatype`, `multivalued`, `required`, `vardatatype`, `lovname`) VALUES ('rptis.landtax.facts.RPTIncentive.toyear', 'rptis.landtax.facts.RPTIncentive', 'toyear', 'To Year', 'integer', '5', 'integer', NULL, NULL, NULL, NULL, NULL, NULL, 'integer', NULL);
INSERT IGNORE INTO `sys_rule_fact_field` (`objid`, `parentid`, `name`, `title`, `datatype`, `sortorder`, `handler`, `lookuphandler`, `lookupkey`, `lookupvalue`, `lookupdatatype`, `multivalued`, `required`, `vardatatype`, `lovname`) VALUES ('rptis.landtax.facts.RPTLedgerFact.barangay', 'rptis.landtax.facts.RPTLedgerFact', 'barangay', 'Barangay', 'string', '8', 'lookup', 'barangay:lookup', 'objid', 'name', '', NULL, NULL, 'string', '');
INSERT IGNORE INTO `sys_rule_fact_field` (`objid`, `parentid`, `name`, `title`, `datatype`, `sortorder`, `handler`, `lookuphandler`, `lookupkey`, `lookupvalue`, `lookupdatatype`, `multivalued`, `required`, `vardatatype`, `lovname`) VALUES ('rptis.landtax.facts.RPTLedgerFact.barangayid', 'rptis.landtax.facts.RPTLedgerFact', 'barangayid', 'Barangay ID', 'string', '12', 'lookup', 'barangay:lookup', 'objid', 'name', NULL, NULL, NULL, 'string', NULL);
INSERT IGNORE INTO `sys_rule_fact_field` (`objid`, `parentid`, `name`, `title`, `datatype`, `sortorder`, `handler`, `lookuphandler`, `lookupkey`, `lookupvalue`, `lookupdatatype`, `multivalued`, `required`, `vardatatype`, `lovname`) VALUES ('rptis.landtax.facts.RPTLedgerFact.firstqtrpaidontime', 'rptis.landtax.facts.RPTLedgerFact', 'firstqtrpaidontime', '1st Qtr is Paid On-Time', 'boolean', '4', 'boolean', '', '', '', '', NULL, NULL, 'boolean', '');
INSERT IGNORE INTO `sys_rule_fact_field` (`objid`, `parentid`, `name`, `title`, `datatype`, `sortorder`, `handler`, `lookuphandler`, `lookupkey`, `lookupvalue`, `lookupdatatype`, `multivalued`, `required`, `vardatatype`, `lovname`) VALUES ('rptis.landtax.facts.RPTLedgerFact.lastqtrpaid', 'rptis.landtax.facts.RPTLedgerFact', 'lastqtrpaid', 'Last Qtr Paid', 'integer', '3', 'integer', '', '', '', '', NULL, NULL, 'integer', '');
INSERT IGNORE INTO `sys_rule_fact_field` (`objid`, `parentid`, `name`, `title`, `datatype`, `sortorder`, `handler`, `lookuphandler`, `lookupkey`, `lookupvalue`, `lookupdatatype`, `multivalued`, `required`, `vardatatype`, `lovname`) VALUES ('rptis.landtax.facts.RPTLedgerFact.lastyearpaid', 'rptis.landtax.facts.RPTLedgerFact', 'lastyearpaid', 'Last Year Paid', 'integer', '2', 'integer', '', '', '', '', NULL, NULL, 'integer', '');
INSERT IGNORE INTO `sys_rule_fact_field` (`objid`, `parentid`, `name`, `title`, `datatype`, `sortorder`, `handler`, `lookuphandler`, `lookupkey`, `lookupvalue`, `lookupdatatype`, `multivalued`, `required`, `vardatatype`, `lovname`) VALUES ('rptis.landtax.facts.RPTLedgerFact.lguid', 'rptis.landtax.facts.RPTLedgerFact', 'lguid', 'LGU ID', 'string', '11', 'lookup', 'municipality:lookup', 'objid', 'name', NULL, NULL, NULL, 'string', NULL);
INSERT IGNORE INTO `sys_rule_fact_field` (`objid`, `parentid`, `name`, `title`, `datatype`, `sortorder`, `handler`, `lookuphandler`, `lookupkey`, `lookupvalue`, `lookupdatatype`, `multivalued`, `required`, `vardatatype`, `lovname`) VALUES ('rptis.landtax.facts.RPTLedgerFact.missedpayment', 'rptis.landtax.facts.RPTLedgerFact', 'missedpayment', 'Has missed current year Quarterly Payment?', 'boolean', '7', 'boolean', NULL, NULL, NULL, NULL, NULL, NULL, 'boolean', NULL);
INSERT IGNORE INTO `sys_rule_fact_field` (`objid`, `parentid`, `name`, `title`, `datatype`, `sortorder`, `handler`, `lookuphandler`, `lookupkey`, `lookupvalue`, `lookupdatatype`, `multivalued`, `required`, `vardatatype`, `lovname`) VALUES ('rptis.landtax.facts.RPTLedgerFact.objid', 'rptis.landtax.facts.RPTLedgerFact', 'objid', 'Objid', 'string', '1', 'lookup', 'rptledger:lookup', 'objid', 'tdno', NULL, NULL, NULL, 'string', NULL);
INSERT IGNORE INTO `sys_rule_fact_field` (`objid`, `parentid`, `name`, `title`, `datatype`, `sortorder`, `handler`, `lookuphandler`, `lookupkey`, `lookupvalue`, `lookupdatatype`, `multivalued`, `required`, `vardatatype`, `lovname`) VALUES ('rptis.landtax.facts.RPTLedgerFact.parentlguid', 'rptis.landtax.facts.RPTLedgerFact', 'parentlguid', 'Parent LGU', 'string', '10', 'lookup', 'province:lookup', 'objid', 'name', NULL, NULL, NULL, 'string', NULL);
INSERT IGNORE INTO `sys_rule_fact_field` (`objid`, `parentid`, `name`, `title`, `datatype`, `sortorder`, `handler`, `lookuphandler`, `lookupkey`, `lookupvalue`, `lookupdatatype`, `multivalued`, `required`, `vardatatype`, `lovname`) VALUES ('rptis.landtax.facts.RPTLedgerFact.qtrlypaymentpaidontime', 'rptis.landtax.facts.RPTLedgerFact', 'qtrlypaymentpaidontime', 'Quarterly Payment is Paid On-Time', 'boolean', '5', 'boolean', '', '', '', '', NULL, NULL, 'boolean', '');
INSERT IGNORE INTO `sys_rule_fact_field` (`objid`, `parentid`, `name`, `title`, `datatype`, `sortorder`, `handler`, `lookuphandler`, `lookupkey`, `lookupvalue`, `lookupdatatype`, `multivalued`, `required`, `vardatatype`, `lovname`) VALUES ('rptis.landtax.facts.RPTLedgerFact.rputype', 'rptis.landtax.facts.RPTLedgerFact', 'rputype', 'Property Type', 'string', '9', 'lov', '', '', '', '', NULL, NULL, 'string', 'RPT_RPUTYPES');
INSERT IGNORE INTO `sys_rule_fact_field` (`objid`, `parentid`, `name`, `title`, `datatype`, `sortorder`, `handler`, `lookuphandler`, `lookupkey`, `lookupvalue`, `lookupdatatype`, `multivalued`, `required`, `vardatatype`, `lovname`) VALUES ('rptis.landtax.facts.RPTLedgerFact.undercompromise', 'rptis.landtax.facts.RPTLedgerFact', 'undercompromise', 'Is under Compromise?', 'boolean', '6', 'boolean', NULL, NULL, NULL, NULL, NULL, NULL, 'boolean', NULL);
INSERT IGNORE INTO `sys_rule_fact_field` (`objid`, `parentid`, `name`, `title`, `datatype`, `sortorder`, `handler`, `lookuphandler`, `lookupkey`, `lookupvalue`, `lookupdatatype`, `multivalued`, `required`, `vardatatype`, `lovname`) VALUES ('rptis.landtax.facts.RPTLedgerItemFact.actualuse', 'rptis.landtax.facts.RPTLedgerItemFact', 'actualuse', 'Actual Use', 'string', '9', 'lookup', 'propertyclassification:lookup', 'objid', 'name', NULL, NULL, NULL, 'string', NULL);
INSERT IGNORE INTO `sys_rule_fact_field` (`objid`, `parentid`, `name`, `title`, `datatype`, `sortorder`, `handler`, `lookuphandler`, `lookupkey`, `lookupvalue`, `lookupdatatype`, `multivalued`, `required`, `vardatatype`, `lovname`) VALUES ('rptis.landtax.facts.RPTLedgerItemFact.amtdue', 'rptis.landtax.facts.RPTLedgerItemFact', 'amtdue', 'Tax', 'decimal', '21', 'decimal', '', '', '', '', NULL, NULL, 'decimal', '');
INSERT IGNORE INTO `sys_rule_fact_field` (`objid`, `parentid`, `name`, `title`, `datatype`, `sortorder`, `handler`, `lookuphandler`, `lookupkey`, `lookupvalue`, `lookupdatatype`, `multivalued`, `required`, `vardatatype`, `lovname`) VALUES ('rptis.landtax.facts.RPTLedgerItemFact.av', 'rptis.landtax.facts.RPTLedgerItemFact', 'av', 'Assessed Value', 'decimal', '4', 'decimal', '', '', '', '', NULL, NULL, 'decimal', '');
INSERT IGNORE INTO `sys_rule_fact_field` (`objid`, `parentid`, `name`, `title`, `datatype`, `sortorder`, `handler`, `lookuphandler`, `lookupkey`, `lookupvalue`, `lookupdatatype`, `multivalued`, `required`, `vardatatype`, `lovname`) VALUES ('rptis.landtax.facts.RPTLedgerItemFact.backtax', 'rptis.landtax.facts.RPTLedgerItemFact', 'backtax', 'Is Back Tax?', 'boolean', '18', 'boolean', '', '', '', '', NULL, NULL, 'boolean', '');
INSERT IGNORE INTO `sys_rule_fact_field` (`objid`, `parentid`, `name`, `title`, `datatype`, `sortorder`, `handler`, `lookuphandler`, `lookupkey`, `lookupvalue`, `lookupdatatype`, `multivalued`, `required`, `vardatatype`, `lovname`) VALUES ('rptis.landtax.facts.RPTLedgerItemFact.basicav', 'rptis.landtax.facts.RPTLedgerItemFact', 'basicav', 'AV for Basic', 'decimal', '5', 'decimal', NULL, NULL, NULL, NULL, NULL, NULL, 'decimal', NULL);
INSERT IGNORE INTO `sys_rule_fact_field` (`objid`, `parentid`, `name`, `title`, `datatype`, `sortorder`, `handler`, `lookuphandler`, `lookupkey`, `lookupvalue`, `lookupdatatype`, `multivalued`, `required`, `vardatatype`, `lovname`) VALUES ('rptis.landtax.facts.RPTLedgerItemFact.classification', 'rptis.landtax.facts.RPTLedgerItemFact', 'classification', 'Classification', 'string', '8', 'lookup', 'propertyclassification:lookup', 'objid', 'name', '', '0', NULL, 'string', '');
INSERT IGNORE INTO `sys_rule_fact_field` (`objid`, `parentid`, `name`, `title`, `datatype`, `sortorder`, `handler`, `lookuphandler`, `lookupkey`, `lookupvalue`, `lookupdatatype`, `multivalued`, `required`, `vardatatype`, `lovname`) VALUES ('rptis.landtax.facts.RPTLedgerItemFact.discount', 'rptis.landtax.facts.RPTLedgerItemFact', 'discount', 'Discount', 'decimal', '23', 'decimal', NULL, NULL, NULL, NULL, NULL, NULL, 'decimal', NULL);
INSERT IGNORE INTO `sys_rule_fact_field` (`objid`, `parentid`, `name`, `title`, `datatype`, `sortorder`, `handler`, `lookuphandler`, `lookupkey`, `lookupvalue`, `lookupdatatype`, `multivalued`, `required`, `vardatatype`, `lovname`) VALUES ('rptis.landtax.facts.RPTLedgerItemFact.fullypaid', 'rptis.landtax.facts.RPTLedgerItemFact', 'fullypaid', 'Is Fully Paid?', 'boolean', '13', 'boolean', NULL, NULL, NULL, NULL, NULL, NULL, 'boolean', NULL);
INSERT IGNORE INTO `sys_rule_fact_field` (`objid`, `parentid`, `name`, `title`, `datatype`, `sortorder`, `handler`, `lookuphandler`, `lookupkey`, `lookupvalue`, `lookupdatatype`, `multivalued`, `required`, `vardatatype`, `lovname`) VALUES ('rptis.landtax.facts.RPTLedgerItemFact.idleland', 'rptis.landtax.facts.RPTLedgerItemFact', 'idleland', 'Is Idle Land?', 'boolean', '12', 'boolean', NULL, NULL, NULL, NULL, NULL, NULL, 'boolean', NULL);
INSERT IGNORE INTO `sys_rule_fact_field` (`objid`, `parentid`, `name`, `title`, `datatype`, `sortorder`, `handler`, `lookuphandler`, `lookupkey`, `lookupvalue`, `lookupdatatype`, `multivalued`, `required`, `vardatatype`, `lovname`) VALUES ('rptis.landtax.facts.RPTLedgerItemFact.interest', 'rptis.landtax.facts.RPTLedgerItemFact', 'interest', 'Interest', 'decimal', '22', 'decimal', '', '', '', '', NULL, NULL, 'decimal', '');
INSERT IGNORE INTO `sys_rule_fact_field` (`objid`, `parentid`, `name`, `title`, `datatype`, `sortorder`, `handler`, `lookuphandler`, `lookupkey`, `lookupvalue`, `lookupdatatype`, `multivalued`, `required`, `vardatatype`, `lovname`) VALUES ('rptis.landtax.facts.RPTLedgerItemFact.monthsfromjan', 'rptis.landtax.facts.RPTLedgerItemFact', 'monthsfromjan', 'Number of Months from January', 'integer', '17', 'integer', '', '', '', '', NULL, NULL, 'integer', '');
INSERT IGNORE INTO `sys_rule_fact_field` (`objid`, `parentid`, `name`, `title`, `datatype`, `sortorder`, `handler`, `lookuphandler`, `lookupkey`, `lookupvalue`, `lookupdatatype`, `multivalued`, `required`, `vardatatype`, `lovname`) VALUES ('rptis.landtax.facts.RPTLedgerItemFact.monthsfromqtr', 'rptis.landtax.facts.RPTLedgerItemFact', 'monthsfromqtr', 'Number of Months From Quarter', 'integer', '16', 'integer', '', '', '', '', NULL, NULL, 'integer', '');
INSERT IGNORE INTO `sys_rule_fact_field` (`objid`, `parentid`, `name`, `title`, `datatype`, `sortorder`, `handler`, `lookuphandler`, `lookupkey`, `lookupvalue`, `lookupdatatype`, `multivalued`, `required`, `vardatatype`, `lovname`) VALUES ('rptis.landtax.facts.RPTLedgerItemFact.originalav', 'rptis.landtax.facts.RPTLedgerItemFact', 'originalav', 'Original AV', 'decimal', '10', 'decimal', '', '', '', '', NULL, NULL, 'decimal', '');
INSERT IGNORE INTO `sys_rule_fact_field` (`objid`, `parentid`, `name`, `title`, `datatype`, `sortorder`, `handler`, `lookuphandler`, `lookupkey`, `lookupvalue`, `lookupdatatype`, `multivalued`, `required`, `vardatatype`, `lovname`) VALUES ('rptis.landtax.facts.RPTLedgerItemFact.qtr', 'rptis.landtax.facts.RPTLedgerItemFact', 'qtr', 'Qtr', 'integer', '2', 'integer', '', '', '', '', NULL, NULL, 'integer', '');
INSERT IGNORE INTO `sys_rule_fact_field` (`objid`, `parentid`, `name`, `title`, `datatype`, `sortorder`, `handler`, `lookuphandler`, `lookupkey`, `lookupvalue`, `lookupdatatype`, `multivalued`, `required`, `vardatatype`, `lovname`) VALUES ('rptis.landtax.facts.RPTLedgerItemFact.qtrly', 'rptis.landtax.facts.RPTLedgerItemFact', 'qtrly', 'Is quarterly computed?', 'boolean', '24', 'boolean', NULL, NULL, NULL, NULL, NULL, NULL, 'boolean', NULL);
INSERT IGNORE INTO `sys_rule_fact_field` (`objid`, `parentid`, `name`, `title`, `datatype`, `sortorder`, `handler`, `lookuphandler`, `lookupkey`, `lookupvalue`, `lookupdatatype`, `multivalued`, `required`, `vardatatype`, `lovname`) VALUES ('rptis.landtax.facts.RPTLedgerItemFact.qtrlypaymentavailed', 'rptis.landtax.facts.RPTLedgerItemFact', 'qtrlypaymentavailed', 'Is Quarterly Payment?', 'boolean', '14', 'boolean', NULL, NULL, NULL, NULL, NULL, NULL, 'boolean', NULL);
INSERT IGNORE INTO `sys_rule_fact_field` (`objid`, `parentid`, `name`, `title`, `datatype`, `sortorder`, `handler`, `lookuphandler`, `lookupkey`, `lookupvalue`, `lookupdatatype`, `multivalued`, `required`, `vardatatype`, `lovname`) VALUES ('rptis.landtax.facts.RPTLedgerItemFact.reclassed', 'rptis.landtax.facts.RPTLedgerItemFact', 'reclassed', 'Is Reclassed?', 'boolean', '11', 'boolean', '', '', '', '', NULL, NULL, 'boolean', '');
INSERT IGNORE INTO `sys_rule_fact_field` (`objid`, `parentid`, `name`, `title`, `datatype`, `sortorder`, `handler`, `lookuphandler`, `lookupkey`, `lookupvalue`, `lookupdatatype`, `multivalued`, `required`, `vardatatype`, `lovname`) VALUES ('rptis.landtax.facts.RPTLedgerItemFact.revperiod', 'rptis.landtax.facts.RPTLedgerItemFact', 'revperiod', 'Revenue Period', 'string', '20', 'lov', '', '', '', '', NULL, NULL, 'string', 'RPT_REVENUE_PERIODS');
INSERT IGNORE INTO `sys_rule_fact_field` (`objid`, `parentid`, `name`, `title`, `datatype`, `sortorder`, `handler`, `lookuphandler`, `lookupkey`, `lookupvalue`, `lookupdatatype`, `multivalued`, `required`, `vardatatype`, `lovname`) VALUES ('rptis.landtax.facts.RPTLedgerItemFact.revtype', 'rptis.landtax.facts.RPTLedgerItemFact', 'revtype', 'Revenue Type', 'string', '19', 'lov', NULL, NULL, NULL, NULL, NULL, NULL, 'string', 'RPT_BILLING_REVENUE_TYPES');
INSERT IGNORE INTO `sys_rule_fact_field` (`objid`, `parentid`, `name`, `title`, `datatype`, `sortorder`, `handler`, `lookuphandler`, `lookupkey`, `lookupvalue`, `lookupdatatype`, `multivalued`, `required`, `vardatatype`, `lovname`) VALUES ('rptis.landtax.facts.RPTLedgerItemFact.rptledger', 'rptis.landtax.facts.RPTLedgerItemFact', 'rptledger', 'RPT Ledger', 'string', '3', 'var', '', '', '', '', NULL, '0', 'rptis.landtax.facts.RPTLedgerFact', '');
INSERT IGNORE INTO `sys_rule_fact_field` (`objid`, `parentid`, `name`, `title`, `datatype`, `sortorder`, `handler`, `lookuphandler`, `lookupkey`, `lookupvalue`, `lookupdatatype`, `multivalued`, `required`, `vardatatype`, `lovname`) VALUES ('rptis.landtax.facts.RPTLedgerItemFact.sefav', 'rptis.landtax.facts.RPTLedgerItemFact', 'sefav', 'AV for SEF', 'decimal', '6', 'decimal', NULL, NULL, NULL, NULL, NULL, NULL, 'decimal', NULL);
INSERT IGNORE INTO `sys_rule_fact_field` (`objid`, `parentid`, `name`, `title`, `datatype`, `sortorder`, `handler`, `lookuphandler`, `lookupkey`, `lookupvalue`, `lookupdatatype`, `multivalued`, `required`, `vardatatype`, `lovname`) VALUES ('rptis.landtax.facts.RPTLedgerItemFact.taxdifference', 'rptis.landtax.facts.RPTLedgerItemFact', 'taxdifference', 'Is Tax Difference?', 'boolean', '15', 'boolean', NULL, NULL, NULL, NULL, NULL, NULL, 'boolean', NULL);
INSERT IGNORE INTO `sys_rule_fact_field` (`objid`, `parentid`, `name`, `title`, `datatype`, `sortorder`, `handler`, `lookuphandler`, `lookupkey`, `lookupvalue`, `lookupdatatype`, `multivalued`, `required`, `vardatatype`, `lovname`) VALUES ('rptis.landtax.facts.RPTLedgerItemFact.txntype', 'rptis.landtax.facts.RPTLedgerItemFact', 'txntype', 'Txn Type', 'string', '7', 'lov', '', '', '', '', NULL, NULL, 'string', 'RPT_TXN_TYPES');
INSERT IGNORE INTO `sys_rule_fact_field` (`objid`, `parentid`, `name`, `title`, `datatype`, `sortorder`, `handler`, `lookuphandler`, `lookupkey`, `lookupvalue`, `lookupdatatype`, `multivalued`, `required`, `vardatatype`, `lovname`) VALUES ('rptis.landtax.facts.RPTLedgerItemFact.year', 'rptis.landtax.facts.RPTLedgerItemFact', 'year', 'Year', 'integer', '1', 'integer', '', '', '', '', NULL, NULL, 'integer', '');
INSERT IGNORE INTO `sys_rule_fact_field` (`objid`, `parentid`, `name`, `title`, `datatype`, `sortorder`, `handler`, `lookuphandler`, `lookupkey`, `lookupvalue`, `lookupdatatype`, `multivalued`, `required`, `vardatatype`, `lovname`) VALUES ('rptis.landtax.facts.RPTLedgerTag.tag', 'rptis.landtax.facts.RPTLedgerTag', 'tag', 'Tag', 'string', '1', 'string', NULL, NULL, NULL, NULL, NULL, NULL, 'string', NULL);
INSERT IGNORE INTO `sys_rule_fact_field` (`objid`, `parentid`, `name`, `title`, `datatype`, `sortorder`, `handler`, `lookuphandler`, `lookupkey`, `lookupvalue`, `lookupdatatype`, `multivalued`, `required`, `vardatatype`, `lovname`) VALUES ('rptis.landtax.facts.RPTLedgerTaxSummaryFact.amount', 'rptis.landtax.facts.RPTLedgerTaxSummaryFact', 'amount', 'Amount', 'decimal', '6', 'decimal', '', '', '', '', NULL, '0', 'decimal', '');
INSERT IGNORE INTO `sys_rule_fact_field` (`objid`, `parentid`, `name`, `title`, `datatype`, `sortorder`, `handler`, `lookuphandler`, `lookupkey`, `lookupvalue`, `lookupdatatype`, `multivalued`, `required`, `vardatatype`, `lovname`) VALUES ('rptis.landtax.facts.RPTLedgerTaxSummaryFact.discount', 'rptis.landtax.facts.RPTLedgerTaxSummaryFact', 'discount', 'Discount', 'decimal', '7', 'decimal', '', '', '', '', NULL, '0', 'decimal', '');
INSERT IGNORE INTO `sys_rule_fact_field` (`objid`, `parentid`, `name`, `title`, `datatype`, `sortorder`, `handler`, `lookuphandler`, `lookupkey`, `lookupvalue`, `lookupdatatype`, `multivalued`, `required`, `vardatatype`, `lovname`) VALUES ('rptis.landtax.facts.RPTLedgerTaxSummaryFact.firecode', 'rptis.landtax.facts.RPTLedgerTaxSummaryFact', 'firecode', 'Fire Code', 'decimal', '10', 'decimal', '', '', '', '', NULL, NULL, 'decimal', '');
INSERT IGNORE INTO `sys_rule_fact_field` (`objid`, `parentid`, `name`, `title`, `datatype`, `sortorder`, `handler`, `lookuphandler`, `lookupkey`, `lookupvalue`, `lookupdatatype`, `multivalued`, `required`, `vardatatype`, `lovname`) VALUES ('rptis.landtax.facts.RPTLedgerTaxSummaryFact.interest', 'rptis.landtax.facts.RPTLedgerTaxSummaryFact', 'interest', 'Interest', 'decimal', '8', 'decimal', '', '', '', '', NULL, '0', 'decimal', '');
INSERT IGNORE INTO `sys_rule_fact_field` (`objid`, `parentid`, `name`, `title`, `datatype`, `sortorder`, `handler`, `lookuphandler`, `lookupkey`, `lookupvalue`, `lookupdatatype`, `multivalued`, `required`, `vardatatype`, `lovname`) VALUES ('rptis.landtax.facts.RPTLedgerTaxSummaryFact.ledger', 'rptis.landtax.facts.RPTLedgerTaxSummaryFact', 'ledger', 'Ledger', 'string', '1', 'var', NULL, NULL, NULL, NULL, NULL, NULL, 'rptis.landtax.facts.RPTLedgerFact', NULL);
INSERT IGNORE INTO `sys_rule_fact_field` (`objid`, `parentid`, `name`, `title`, `datatype`, `sortorder`, `handler`, `lookuphandler`, `lookupkey`, `lookupvalue`, `lookupdatatype`, `multivalued`, `required`, `vardatatype`, `lovname`) VALUES ('rptis.landtax.facts.RPTLedgerTaxSummaryFact.objid', 'rptis.landtax.facts.RPTLedgerTaxSummaryFact', 'objid', 'Variable Name', 'string', '2', 'lookup', 'rptparameter:lookup', 'name', 'name', '', NULL, '0', 'string', '');
INSERT IGNORE INTO `sys_rule_fact_field` (`objid`, `parentid`, `name`, `title`, `datatype`, `sortorder`, `handler`, `lookuphandler`, `lookupkey`, `lookupvalue`, `lookupdatatype`, `multivalued`, `required`, `vardatatype`, `lovname`) VALUES ('rptis.landtax.facts.RPTLedgerTaxSummaryFact.revperiod', 'rptis.landtax.facts.RPTLedgerTaxSummaryFact', 'revperiod', 'Revenue Period', 'string', '5', 'lov', NULL, NULL, NULL, NULL, NULL, '0', 'string', 'RPT_REVENUE_PERIODS');
INSERT IGNORE INTO `sys_rule_fact_field` (`objid`, `parentid`, `name`, `title`, `datatype`, `sortorder`, `handler`, `lookuphandler`, `lookupkey`, `lookupvalue`, `lookupdatatype`, `multivalued`, `required`, `vardatatype`, `lovname`) VALUES ('rptis.landtax.facts.RPTLedgerTaxSummaryFact.revtype', 'rptis.landtax.facts.RPTLedgerTaxSummaryFact', 'revtype', 'Revenue Type', 'string', '4', 'lov', NULL, NULL, NULL, NULL, NULL, NULL, 'string', 'RPT_BILLING_REVENUE_TYPES');
INSERT IGNORE INTO `sys_rule_fact_field` (`objid`, `parentid`, `name`, `title`, `datatype`, `sortorder`, `handler`, `lookuphandler`, `lookupkey`, `lookupvalue`, `lookupdatatype`, `multivalued`, `required`, `vardatatype`, `lovname`) VALUES ('rptis.landtax.facts.RPTLedgerTaxSummaryFact.rptledger', 'rptis.landtax.facts.RPTLedgerTaxSummaryFact', 'rptledger', 'RPT Ledger', 'string', '3', 'var', '', '', '', '', NULL, NULL, 'rptis.landtax.facts.RPTLedgerFact', '');
INSERT IGNORE INTO `sys_rule_fact_field` (`objid`, `parentid`, `name`, `title`, `datatype`, `sortorder`, `handler`, `lookuphandler`, `lookupkey`, `lookupvalue`, `lookupdatatype`, `multivalued`, `required`, `vardatatype`, `lovname`) VALUES ('rptis.landtax.facts.RPTLedgerTaxSummaryFact.sef', 'rptis.landtax.facts.RPTLedgerTaxSummaryFact', 'sef', 'SEF', 'decimal', '7', 'decimal', '', '', '', '', NULL, '0', 'decimal', '');
INSERT IGNORE INTO `sys_rule_fact_field` (`objid`, `parentid`, `name`, `title`, `datatype`, `sortorder`, `handler`, `lookuphandler`, `lookupkey`, `lookupvalue`, `lookupdatatype`, `multivalued`, `required`, `vardatatype`, `lovname`) VALUES ('rptis.landtax.facts.RPTLedgerTaxSummaryFact.sefdisc', 'rptis.landtax.facts.RPTLedgerTaxSummaryFact', 'sefdisc', 'SEF Discount', 'decimal', '8', 'decimal', '', '', '', '', NULL, '0', 'decimal', '');
INSERT IGNORE INTO `sys_rule_fact_field` (`objid`, `parentid`, `name`, `title`, `datatype`, `sortorder`, `handler`, `lookuphandler`, `lookupkey`, `lookupvalue`, `lookupdatatype`, `multivalued`, `required`, `vardatatype`, `lovname`) VALUES ('rptis.landtax.facts.RPTLedgerTaxSummaryFact.sefint', 'rptis.landtax.facts.RPTLedgerTaxSummaryFact', 'sefint', 'SEF Interest', 'decimal', '9', 'decimal', '', '', '', '', NULL, '0', 'decimal', '');
INSERT IGNORE INTO `sys_rule_fact_field` (`objid`, `parentid`, `name`, `title`, `datatype`, `sortorder`, `handler`, `lookuphandler`, `lookupkey`, `lookupvalue`, `lookupdatatype`, `multivalued`, `required`, `vardatatype`, `lovname`) VALUES ('rptis.landtax.facts.RPTLedgerTaxSummaryFact.sh', 'rptis.landtax.facts.RPTLedgerTaxSummaryFact', 'sh', 'Socialized Housing Tax', 'decimal', '11', 'decimal', NULL, NULL, NULL, NULL, NULL, NULL, 'decimal', NULL);
INSERT IGNORE INTO `sys_rule_fact_field` (`objid`, `parentid`, `name`, `title`, `datatype`, `sortorder`, `handler`, `lookuphandler`, `lookupkey`, `lookupvalue`, `lookupdatatype`, `multivalued`, `required`, `vardatatype`, `lovname`) VALUES ('rptis.landtax.facts.RPTLedgerTaxSummaryFact.shdisc', 'rptis.landtax.facts.RPTLedgerTaxSummaryFact', 'shdisc', 'Socialized Housing Discount', 'decimal', '13', 'decimal', NULL, NULL, NULL, NULL, NULL, NULL, 'decimal', NULL);
INSERT IGNORE INTO `sys_rule_fact_field` (`objid`, `parentid`, `name`, `title`, `datatype`, `sortorder`, `handler`, `lookuphandler`, `lookupkey`, `lookupvalue`, `lookupdatatype`, `multivalued`, `required`, `vardatatype`, `lovname`) VALUES ('rptis.landtax.facts.RPTLedgerTaxSummaryFact.shint', 'rptis.landtax.facts.RPTLedgerTaxSummaryFact', 'shint', 'Socialized Housing Interest', 'decimal', '12', 'decimal', NULL, NULL, NULL, NULL, NULL, NULL, 'decimal', NULL);
INSERT IGNORE INTO `sys_rule_fact_field` (`objid`, `parentid`, `name`, `title`, `datatype`, `sortorder`, `handler`, `lookuphandler`, `lookupkey`, `lookupvalue`, `lookupdatatype`, `multivalued`, `required`, `vardatatype`, `lovname`) VALUES ('rptis.landtax.facts.ShareFact.amount', 'rptis.landtax.facts.ShareFact', 'amount', 'Amount', 'decimal', '6', 'decimal', NULL, NULL, NULL, NULL, NULL, NULL, 'decimal', NULL);
INSERT IGNORE INTO `sys_rule_fact_field` (`objid`, `parentid`, `name`, `title`, `datatype`, `sortorder`, `handler`, `lookuphandler`, `lookupkey`, `lookupvalue`, `lookupdatatype`, `multivalued`, `required`, `vardatatype`, `lovname`) VALUES ('rptis.landtax.facts.ShareFact.barangay', 'rptis.landtax.facts.ShareFact', 'barangay', 'Barangay', 'string', '7', 'lookup', 'barangay:lookup', 'objid', 'name', '', NULL, NULL, 'string', '');
INSERT IGNORE INTO `sys_rule_fact_field` (`objid`, `parentid`, `name`, `title`, `datatype`, `sortorder`, `handler`, `lookuphandler`, `lookupkey`, `lookupvalue`, `lookupdatatype`, `multivalued`, `required`, `vardatatype`, `lovname`) VALUES ('rptis.landtax.facts.ShareFact.basic', 'rptis.landtax.facts.ShareFact', 'basic', 'Basic', 'decimal', '6', 'decimal', '', '', '', '', NULL, '0', 'decimal', '');
INSERT IGNORE INTO `sys_rule_fact_field` (`objid`, `parentid`, `name`, `title`, `datatype`, `sortorder`, `handler`, `lookuphandler`, `lookupkey`, `lookupvalue`, `lookupdatatype`, `multivalued`, `required`, `vardatatype`, `lovname`) VALUES ('rptis.landtax.facts.ShareFact.basicdisc', 'rptis.landtax.facts.ShareFact', 'basicdisc', 'Basic Discount', 'decimal', '7', 'decimal', '', '', '', '', NULL, '0', 'decimal', '');
INSERT IGNORE INTO `sys_rule_fact_field` (`objid`, `parentid`, `name`, `title`, `datatype`, `sortorder`, `handler`, `lookuphandler`, `lookupkey`, `lookupvalue`, `lookupdatatype`, `multivalued`, `required`, `vardatatype`, `lovname`) VALUES ('rptis.landtax.facts.ShareFact.basicint', 'rptis.landtax.facts.ShareFact', 'basicint', 'Basic Interest', 'decimal', '8', 'decimal', '', '', '', '', NULL, '0', 'decimal', '');
INSERT IGNORE INTO `sys_rule_fact_field` (`objid`, `parentid`, `name`, `title`, `datatype`, `sortorder`, `handler`, `lookuphandler`, `lookupkey`, `lookupvalue`, `lookupdatatype`, `multivalued`, `required`, `vardatatype`, `lovname`) VALUES ('rptis.landtax.facts.ShareFact.discount', 'rptis.landtax.facts.ShareFact', 'discount', 'Discount', 'decimal', '8', 'decimal', NULL, NULL, NULL, NULL, NULL, NULL, 'decimal', NULL);
INSERT IGNORE INTO `sys_rule_fact_field` (`objid`, `parentid`, `name`, `title`, `datatype`, `sortorder`, `handler`, `lookuphandler`, `lookupkey`, `lookupvalue`, `lookupdatatype`, `multivalued`, `required`, `vardatatype`, `lovname`) VALUES ('rptis.landtax.facts.ShareFact.lguid', 'rptis.landtax.facts.ShareFact', 'lguid', 'LGU', 'string', '5', 'lookup', 'municipality:lookup', 'objid', 'name', NULL, NULL, NULL, 'string', NULL);
INSERT IGNORE INTO `sys_rule_fact_field` (`objid`, `parentid`, `name`, `title`, `datatype`, `sortorder`, `handler`, `lookuphandler`, `lookupkey`, `lookupvalue`, `lookupdatatype`, `multivalued`, `required`, `vardatatype`, `lovname`) VALUES ('rptis.landtax.facts.ShareFact.lgutype', 'rptis.landtax.facts.ShareFact', 'lgutype', 'LGU Type', 'string', '1', 'lov', '', '', '', '', NULL, '1', 'string', 'RPT_BILLING_LGU_TYPES');
INSERT IGNORE INTO `sys_rule_fact_field` (`objid`, `parentid`, `name`, `title`, `datatype`, `sortorder`, `handler`, `lookuphandler`, `lookupkey`, `lookupvalue`, `lookupdatatype`, `multivalued`, `required`, `vardatatype`, `lovname`) VALUES ('rptis.landtax.facts.ShareFact.revperiod', 'rptis.landtax.facts.ShareFact', 'revperiod', 'Revenue Period', 'string', '4', 'lov', '', '', '', '', NULL, '1', 'string', 'RPT_REVENUE_PERIODS');
INSERT IGNORE INTO `sys_rule_fact_field` (`objid`, `parentid`, `name`, `title`, `datatype`, `sortorder`, `handler`, `lookuphandler`, `lookupkey`, `lookupvalue`, `lookupdatatype`, `multivalued`, `required`, `vardatatype`, `lovname`) VALUES ('rptis.landtax.facts.ShareFact.revtype', 'rptis.landtax.facts.ShareFact', 'revtype', 'Revenue Type', 'string', '3', 'lov', NULL, NULL, NULL, NULL, NULL, '1', 'string', 'RPT_BILLING_REVENUE_TYPES');
INSERT IGNORE INTO `sys_rule_fact_field` (`objid`, `parentid`, `name`, `title`, `datatype`, `sortorder`, `handler`, `lookuphandler`, `lookupkey`, `lookupvalue`, `lookupdatatype`, `multivalued`, `required`, `vardatatype`, `lovname`) VALUES ('rptis.landtax.facts.ShareFact.sef', 'rptis.landtax.facts.ShareFact', 'sef', 'SEF', 'decimal', '9', 'decimal', '', '', '', '', NULL, '0', 'decimal', '');
INSERT IGNORE INTO `sys_rule_fact_field` (`objid`, `parentid`, `name`, `title`, `datatype`, `sortorder`, `handler`, `lookuphandler`, `lookupkey`, `lookupvalue`, `lookupdatatype`, `multivalued`, `required`, `vardatatype`, `lovname`) VALUES ('rptis.landtax.facts.ShareFact.sefdisc', 'rptis.landtax.facts.ShareFact', 'sefdisc', 'SEF Discount', 'decimal', '10', 'decimal', '', '', '', '', NULL, '0', 'decimal', '');
INSERT IGNORE INTO `sys_rule_fact_field` (`objid`, `parentid`, `name`, `title`, `datatype`, `sortorder`, `handler`, `lookuphandler`, `lookupkey`, `lookupvalue`, `lookupdatatype`, `multivalued`, `required`, `vardatatype`, `lovname`) VALUES ('rptis.landtax.facts.ShareFact.sefint', 'rptis.landtax.facts.ShareFact', 'sefint', 'SEF Interest', 'decimal', '11', 'decimal', '', '', '', '', NULL, '0', 'decimal', '');
INSERT IGNORE INTO `sys_rule_fact_field` (`objid`, `parentid`, `name`, `title`, `datatype`, `sortorder`, `handler`, `lookuphandler`, `lookupkey`, `lookupvalue`, `lookupdatatype`, `multivalued`, `required`, `vardatatype`, `lovname`) VALUES ('rptis.landtax.facts.ShareFact.sh', 'rptis.landtax.facts.ShareFact', 'sh', 'Socialized Housing Tax', 'decimal', '12', 'decimal', NULL, NULL, NULL, NULL, NULL, NULL, 'decimal', NULL);
INSERT IGNORE INTO `sys_rule_fact_field` (`objid`, `parentid`, `name`, `title`, `datatype`, `sortorder`, `handler`, `lookuphandler`, `lookupkey`, `lookupvalue`, `lookupdatatype`, `multivalued`, `required`, `vardatatype`, `lovname`) VALUES ('rptis.landtax.facts.ShareFact.sharetype', 'rptis.landtax.facts.ShareFact', 'sharetype', 'Share Type', 'string', '2', 'lov', '', '', '', '', NULL, '1', 'string', 'RPT_BILLING_SHARE_TYPES');
INSERT IGNORE INTO `sys_rule_fact_field` (`objid`, `parentid`, `name`, `title`, `datatype`, `sortorder`, `handler`, `lookuphandler`, `lookupkey`, `lookupvalue`, `lookupdatatype`, `multivalued`, `required`, `vardatatype`, `lovname`) VALUES ('rptis.landtax.facts.ShareFact.shdisc', 'rptis.landtax.facts.ShareFact', 'shdisc', 'Socialized Housing Discount', 'decimal', '14', 'decimal', NULL, NULL, NULL, NULL, NULL, NULL, 'decimal', NULL);
INSERT IGNORE INTO `sys_rule_fact_field` (`objid`, `parentid`, `name`, `title`, `datatype`, `sortorder`, `handler`, `lookuphandler`, `lookupkey`, `lookupvalue`, `lookupdatatype`, `multivalued`, `required`, `vardatatype`, `lovname`) VALUES ('rptis.landtax.facts.ShareFact.shint', 'rptis.landtax.facts.ShareFact', 'shint', 'Socialized Housing Interest', 'decimal', '13', 'decimal', NULL, NULL, NULL, NULL, NULL, NULL, 'decimal', NULL);

INSERT IGNORE INTO `sys_rule_condition` (`objid`, `parentid`, `fact_name`, `fact_objid`, `varname`, `pos`, `ruletext`, `displaytext`, `dynamic_datatype`, `dynamic_key`, `dynamic_value`, `notexist`) VALUES ('RC-17442746:16be936f033:-7e86', 'RUL483027b0:16be9375c61:-77e6', 'rptis.landtax.facts.RPTLedgerItemFact', 'rptis.landtax.facts.RPTLedgerItemFact', 'RLI', '0', NULL, NULL, NULL, NULL, NULL, '0');
INSERT IGNORE INTO `sys_rule_condition` (`objid`, `parentid`, `fact_name`, `fact_objid`, `varname`, `pos`, `ruletext`, `displaytext`, `dynamic_datatype`, `dynamic_key`, `dynamic_value`, `notexist`) VALUES ('RC-287581a5:180558e600d:-7d5d', 'RUL-2a65218f:180558e7346:-77a0', 'rptis.landtax.facts.RPTLedgerItemFact', 'rptis.landtax.facts.RPTLedgerItemFact', 'RLI', '1', NULL, NULL, NULL, NULL, NULL, '0');
INSERT IGNORE INTO `sys_rule_condition` (`objid`, `parentid`, `fact_name`, `fact_objid`, `varname`, `pos`, `ruletext`, `displaytext`, `dynamic_datatype`, `dynamic_key`, `dynamic_value`, `notexist`) VALUES ('RC-287581a5:180558e600d:-7d61', 'RUL-2a65218f:180558e7346:-77a0', 'CurrentDate', 'CurrentDate', NULL, '0', NULL, NULL, NULL, NULL, NULL, '0');
INSERT IGNORE INTO `sys_rule_condition` (`objid`, `parentid`, `fact_name`, `fact_objid`, `varname`, `pos`, `ruletext`, `displaytext`, `dynamic_datatype`, `dynamic_key`, `dynamic_value`, `notexist`) VALUES ('RC122cd182:16b250d7a42:-123b', 'RUL3e7cce43:16b25a6ae3b:-2c01', 'rptis.landtax.facts.RPTLedgerItemFact', 'rptis.landtax.facts.RPTLedgerItemFact', 'RLI', '1', NULL, NULL, NULL, NULL, NULL, '0');
INSERT IGNORE INTO `sys_rule_condition` (`objid`, `parentid`, `fact_name`, `fact_objid`, `varname`, `pos`, `ruletext`, `displaytext`, `dynamic_datatype`, `dynamic_key`, `dynamic_value`, `notexist`) VALUES ('RC122cd182:16b250d7a42:-8f9', 'RUL3e7cce43:16b25a6ae3b:-2657', 'CurrentDate', 'CurrentDate', NULL, '0', NULL, NULL, NULL, NULL, NULL, '0');
INSERT IGNORE INTO `sys_rule_condition` (`objid`, `parentid`, `fact_name`, `fact_objid`, `varname`, `pos`, `ruletext`, `displaytext`, `dynamic_datatype`, `dynamic_key`, `dynamic_value`, `notexist`) VALUES ('RC122cd182:16b250d7a42:-8fe', 'RUL3e7cce43:16b25a6ae3b:-2657', 'rptis.landtax.facts.RPTLedgerItemFact', 'rptis.landtax.facts.RPTLedgerItemFact', 'RLI', '1', NULL, NULL, NULL, NULL, NULL, '0');
INSERT IGNORE INTO `sys_rule_condition` (`objid`, `parentid`, `fact_name`, `fact_objid`, `varname`, `pos`, `ruletext`, `displaytext`, `dynamic_datatype`, `dynamic_key`, `dynamic_value`, `notexist`) VALUES ('RC122cd182:16b250d7a42:-e9f', 'RUL3e7cce43:16b25a6ae3b:-2ade', 'rptis.landtax.facts.RPTLedgerItemFact', 'rptis.landtax.facts.RPTLedgerItemFact', 'RLI', '1', NULL, NULL, NULL, NULL, NULL, '0');
INSERT IGNORE INTO `sys_rule_condition` (`objid`, `parentid`, `fact_name`, `fact_objid`, `varname`, `pos`, `ruletext`, `displaytext`, `dynamic_datatype`, `dynamic_key`, `dynamic_value`, `notexist`) VALUES ('RC440e47f4:166ae4152f1:-7fbe', 'RUL1262ad19:166ae41b1fb:-7c88', 'CurrentDate', 'CurrentDate', NULL, '0', NULL, NULL, NULL, NULL, NULL, '0');
INSERT IGNORE INTO `sys_rule_condition` (`objid`, `parentid`, `fact_name`, `fact_objid`, `varname`, `pos`, `ruletext`, `displaytext`, `dynamic_datatype`, `dynamic_key`, `dynamic_value`, `notexist`) VALUES ('RC440e47f4:166ae4152f1:-7fc0', 'RUL1262ad19:166ae41b1fb:-7c88', 'rptis.landtax.facts.RPTLedgerItemFact', 'rptis.landtax.facts.RPTLedgerItemFact', 'RLI', '1', NULL, NULL, NULL, NULL, NULL, '0');
INSERT IGNORE INTO `sys_rule_condition` (`objid`, `parentid`, `fact_name`, `fact_objid`, `varname`, `pos`, `ruletext`, `displaytext`, `dynamic_datatype`, `dynamic_key`, `dynamic_value`, `notexist`) VALUES ('RC70978a15:166ae6875d1:-7f22', 'RUL7e02b404:166ae687f42:-5511', 'rptis.landtax.facts.RPTLedgerItemFact', 'rptis.landtax.facts.RPTLedgerItemFact', 'RLI', '1', NULL, NULL, NULL, NULL, NULL, '0');
INSERT IGNORE INTO `sys_rule_condition` (`objid`, `parentid`, `fact_name`, `fact_objid`, `varname`, `pos`, `ruletext`, `displaytext`, `dynamic_datatype`, `dynamic_key`, `dynamic_value`, `notexist`) VALUES ('RC70978a15:166ae6875d1:-7f24', 'RUL7e02b404:166ae687f42:-5511', 'CurrentDate', 'CurrentDate', NULL, '0', NULL, NULL, NULL, NULL, NULL, '0');
INSERT IGNORE INTO `sys_rule_condition` (`objid`, `parentid`, `fact_name`, `fact_objid`, `varname`, `pos`, `ruletext`, `displaytext`, `dynamic_datatype`, `dynamic_key`, `dynamic_value`, `notexist`) VALUES ('RC7280357:166235c1be7:-7fad', 'RULec9d7ab:166235c2e16:-26bf', 'CurrentDate', 'CurrentDate', NULL, '0', NULL, NULL, NULL, NULL, NULL, '0');
INSERT IGNORE INTO `sys_rule_condition` (`objid`, `parentid`, `fact_name`, `fact_objid`, `varname`, `pos`, `ruletext`, `displaytext`, `dynamic_datatype`, `dynamic_key`, `dynamic_value`, `notexist`) VALUES ('RC7280357:166235c1be7:-7faf', 'RULec9d7ab:166235c2e16:-26bf', 'rptis.landtax.facts.RPTLedgerItemFact', 'rptis.landtax.facts.RPTLedgerItemFact', 'RLI', '1', NULL, NULL, NULL, NULL, NULL, '0');
INSERT IGNORE INTO `sys_rule_condition` (`objid`, `parentid`, `fact_name`, `fact_objid`, `varname`, `pos`, `ruletext`, `displaytext`, `dynamic_datatype`, `dynamic_key`, `dynamic_value`, `notexist`) VALUES ('RC7280357:166235c1be7:-7fb4', 'RULec9d7ab:166235c2e16:-26d0', 'CurrentDate', 'CurrentDate', NULL, '0', NULL, NULL, NULL, NULL, NULL, '0');
INSERT IGNORE INTO `sys_rule_condition` (`objid`, `parentid`, `fact_name`, `fact_objid`, `varname`, `pos`, `ruletext`, `displaytext`, `dynamic_datatype`, `dynamic_key`, `dynamic_value`, `notexist`) VALUES ('RC7280357:166235c1be7:-7fb6', 'RULec9d7ab:166235c2e16:-26d0', 'rptis.landtax.facts.RPTLedgerItemFact', 'rptis.landtax.facts.RPTLedgerItemFact', 'RLI', '1', NULL, NULL, NULL, NULL, NULL, '0');
INSERT IGNORE INTO `sys_rule_condition` (`objid`, `parentid`, `fact_name`, `fact_objid`, `varname`, `pos`, `ruletext`, `displaytext`, `dynamic_datatype`, `dynamic_key`, `dynamic_value`, `notexist`) VALUES ('RC7280357:166235c1be7:-7fbb', 'RULec9d7ab:166235c2e16:-319f', 'CurrentDate', 'CurrentDate', NULL, '0', NULL, NULL, NULL, NULL, NULL, '0');
INSERT IGNORE INTO `sys_rule_condition` (`objid`, `parentid`, `fact_name`, `fact_objid`, `varname`, `pos`, `ruletext`, `displaytext`, `dynamic_datatype`, `dynamic_key`, `dynamic_value`, `notexist`) VALUES ('RC7280357:166235c1be7:-7fbd', 'RULec9d7ab:166235c2e16:-319f', 'rptis.landtax.facts.RPTLedgerFact', 'rptis.landtax.facts.RPTLedgerFact', 'RL', '1', NULL, NULL, NULL, NULL, NULL, '0');
INSERT IGNORE INTO `sys_rule_condition` (`objid`, `parentid`, `fact_name`, `fact_objid`, `varname`, `pos`, `ruletext`, `displaytext`, `dynamic_datatype`, `dynamic_key`, `dynamic_value`, `notexist`) VALUES ('RC7280357:166235c1be7:-7fc0', 'RULec9d7ab:166235c2e16:-319f', 'rptis.landtax.facts.Bill', 'rptis.landtax.facts.Bill', 'BILL', '2', NULL, NULL, NULL, NULL, NULL, '0');
INSERT IGNORE INTO `sys_rule_condition` (`objid`, `parentid`, `fact_name`, `fact_objid`, `varname`, `pos`, `ruletext`, `displaytext`, `dynamic_datatype`, `dynamic_key`, `dynamic_value`, `notexist`) VALUES ('RC7280357:166235c1be7:-7fc7', 'RULec9d7ab:166235c2e16:-3811', 'rptis.landtax.facts.RPTLedgerItemFact', 'rptis.landtax.facts.RPTLedgerItemFact', 'RLI', '1', NULL, NULL, NULL, NULL, NULL, '0');
INSERT IGNORE INTO `sys_rule_condition` (`objid`, `parentid`, `fact_name`, `fact_objid`, `varname`, `pos`, `ruletext`, `displaytext`, `dynamic_datatype`, `dynamic_key`, `dynamic_value`, `notexist`) VALUES ('RC7280357:166235c1be7:-7fc9', 'RULec9d7ab:166235c2e16:-3811', 'rptis.landtax.facts.Bill', 'rptis.landtax.facts.Bill', 'BILL', '2', NULL, NULL, NULL, NULL, NULL, '0');
INSERT IGNORE INTO `sys_rule_condition` (`objid`, `parentid`, `fact_name`, `fact_objid`, `varname`, `pos`, `ruletext`, `displaytext`, `dynamic_datatype`, `dynamic_key`, `dynamic_value`, `notexist`) VALUES ('RC7280357:166235c1be7:-7fcf', 'RULec9d7ab:166235c2e16:-4197', 'CurrentDate', 'CurrentDate', NULL, '0', NULL, NULL, NULL, NULL, NULL, '0');
INSERT IGNORE INTO `sys_rule_condition` (`objid`, `parentid`, `fact_name`, `fact_objid`, `varname`, `pos`, `ruletext`, `displaytext`, `dynamic_datatype`, `dynamic_key`, `dynamic_value`, `notexist`) VALUES ('RC7280357:166235c1be7:-7fd4', 'RULec9d7ab:166235c2e16:-4197', 'rptis.landtax.facts.RPTLedgerItemFact', 'rptis.landtax.facts.RPTLedgerItemFact', 'RLI', '1', NULL, NULL, NULL, NULL, NULL, '0');
INSERT IGNORE INTO `sys_rule_condition` (`objid`, `parentid`, `fact_name`, `fact_objid`, `varname`, `pos`, `ruletext`, `displaytext`, `dynamic_datatype`, `dynamic_key`, `dynamic_value`, `notexist`) VALUES ('RCOND-1a2d6e9b:1692d429304:-7748', 'RUL-1a2d6e9b:1692d429304:-7779', 'rptis.landtax.facts.AssessedValue', 'rptis.landtax.facts.AssessedValue', 'AVINFO', '0', NULL, NULL, NULL, NULL, NULL, '0');
INSERT IGNORE INTO `sys_rule_condition` (`objid`, `parentid`, `fact_name`, `fact_objid`, `varname`, `pos`, `ruletext`, `displaytext`, `dynamic_datatype`, `dynamic_key`, `dynamic_value`, `notexist`) VALUES ('RCOND-2ede6703:16642adb9ce:-7a39', 'RUL-2ede6703:16642adb9ce:-7ba0', 'rptis.landtax.facts.Bill', 'rptis.landtax.facts.Bill', 'BILL', '0', NULL, NULL, NULL, NULL, NULL, '0');
INSERT IGNORE INTO `sys_rule_condition` (`objid`, `parentid`, `fact_name`, `fact_objid`, `varname`, `pos`, `ruletext`, `displaytext`, `dynamic_datatype`, `dynamic_key`, `dynamic_value`, `notexist`) VALUES ('RCOND560f5a64:1735a1dbaf4:-7826', 'RUL560f5a64:1735a1dbaf4:-788a', 'rptis.landtax.facts.RPTLedgerItemFact', 'rptis.landtax.facts.RPTLedgerItemFact', 'RLI', '0', NULL, NULL, NULL, NULL, NULL, '0');
INSERT IGNORE INTO `sys_rule_condition` (`objid`, `parentid`, `fact_name`, `fact_objid`, `varname`, `pos`, `ruletext`, `displaytext`, `dynamic_datatype`, `dynamic_key`, `dynamic_value`, `notexist`) VALUES ('RCONDec9d7ab:166235c2e16:-24fc', 'RULec9d7ab:166235c2e16:-255e', 'rptis.landtax.facts.RPTLedgerTaxSummaryFact', 'rptis.landtax.facts.RPTLedgerTaxSummaryFact', 'RLTS', '0', NULL, NULL, NULL, NULL, NULL, '0');
INSERT IGNORE INTO `sys_rule_condition` (`objid`, `parentid`, `fact_name`, `fact_objid`, `varname`, `pos`, `ruletext`, `displaytext`, `dynamic_datatype`, `dynamic_key`, `dynamic_value`, `notexist`) VALUES ('RCONDec9d7ab:166235c2e16:-2ec7', 'RULec9d7ab:166235c2e16:-2f1f', 'rptis.landtax.facts.Bill', 'rptis.landtax.facts.Bill', 'BILL', '0', NULL, NULL, NULL, NULL, NULL, '0');
INSERT IGNORE INTO `sys_rule_condition` (`objid`, `parentid`, `fact_name`, `fact_objid`, `varname`, `pos`, `ruletext`, `displaytext`, `dynamic_datatype`, `dynamic_key`, `dynamic_value`, `notexist`) VALUES ('RCONDec9d7ab:166235c2e16:-3905', 'RULec9d7ab:166235c2e16:-3c17', 'rptis.landtax.facts.Bill', 'rptis.landtax.facts.Bill', 'BILL', '2', NULL, NULL, NULL, NULL, NULL, '0');
INSERT IGNORE INTO `sys_rule_condition` (`objid`, `parentid`, `fact_name`, `fact_objid`, `varname`, `pos`, `ruletext`, `displaytext`, `dynamic_datatype`, `dynamic_key`, `dynamic_value`, `notexist`) VALUES ('RCONDec9d7ab:166235c2e16:-3b0b', 'RULec9d7ab:166235c2e16:-3c17', 'rptis.landtax.facts.RPTLedgerItemFact', 'rptis.landtax.facts.RPTLedgerItemFact', 'RLI', '1', NULL, NULL, NULL, NULL, NULL, '0');
INSERT IGNORE INTO `sys_rule_condition` (`objid`, `parentid`, `fact_name`, `fact_objid`, `varname`, `pos`, `ruletext`, `displaytext`, `dynamic_datatype`, `dynamic_key`, `dynamic_value`, `notexist`) VALUES ('RCONDec9d7ab:166235c2e16:-3baa', 'RULec9d7ab:166235c2e16:-3c17', 'CurrentDate', 'CurrentDate', NULL, '0', NULL, NULL, NULL, NULL, NULL, '0');
INSERT IGNORE INTO `sys_rule_condition` (`objid`, `parentid`, `fact_name`, `fact_objid`, `varname`, `pos`, `ruletext`, `displaytext`, `dynamic_datatype`, `dynamic_key`, `dynamic_value`, `notexist`) VALUES ('RCONDec9d7ab:166235c2e16:-5e7c', 'RULec9d7ab:166235c2e16:-5fcb', 'rptis.landtax.facts.RPTLedgerItemFact', 'rptis.landtax.facts.RPTLedgerItemFact', 'RLI', '1', NULL, NULL, NULL, NULL, NULL, '0');
INSERT IGNORE INTO `sys_rule_condition` (`objid`, `parentid`, `fact_name`, `fact_objid`, `varname`, `pos`, `ruletext`, `displaytext`, `dynamic_datatype`, `dynamic_key`, `dynamic_value`, `notexist`) VALUES ('RCONDec9d7ab:166235c2e16:-5f7f', 'RULec9d7ab:166235c2e16:-5fcb', 'CurrentDate', 'CurrentDate', NULL, '0', NULL, NULL, NULL, NULL, NULL, '0');

INSERT IGNORE INTO `sys_rule_condition_var` (`objid`, `parentid`, `ruleid`, `varname`, `datatype`, `pos`) VALUES ('RC-17442746:16be936f033:-7e86', 'RC-17442746:16be936f033:-7e86', 'RUL483027b0:16be9375c61:-77e6', 'RLI', 'rptis.landtax.facts.RPTLedgerItemFact', '0');
INSERT IGNORE INTO `sys_rule_condition_var` (`objid`, `parentid`, `ruleid`, `varname`, `datatype`, `pos`) VALUES ('RC-287581a5:180558e600d:-7d5d', 'RC-287581a5:180558e600d:-7d5d', 'RUL-2a65218f:180558e7346:-77a0', 'RLI', 'rptis.landtax.facts.RPTLedgerItemFact', '1');
INSERT IGNORE INTO `sys_rule_condition_var` (`objid`, `parentid`, `ruleid`, `varname`, `datatype`, `pos`) VALUES ('RC122cd182:16b250d7a42:-123b', 'RC122cd182:16b250d7a42:-123b', 'RUL3e7cce43:16b25a6ae3b:-2c01', 'RLI', 'rptis.landtax.facts.RPTLedgerItemFact', '1');
INSERT IGNORE INTO `sys_rule_condition_var` (`objid`, `parentid`, `ruleid`, `varname`, `datatype`, `pos`) VALUES ('RC122cd182:16b250d7a42:-8fe', 'RC122cd182:16b250d7a42:-8fe', 'RUL3e7cce43:16b25a6ae3b:-2657', 'RLI', 'rptis.landtax.facts.RPTLedgerItemFact', '1');
INSERT IGNORE INTO `sys_rule_condition_var` (`objid`, `parentid`, `ruleid`, `varname`, `datatype`, `pos`) VALUES ('RC122cd182:16b250d7a42:-e9f', 'RC122cd182:16b250d7a42:-e9f', 'RUL3e7cce43:16b25a6ae3b:-2ade', 'RLI', 'rptis.landtax.facts.RPTLedgerItemFact', '1');
INSERT IGNORE INTO `sys_rule_condition_var` (`objid`, `parentid`, `ruleid`, `varname`, `datatype`, `pos`) VALUES ('RC440e47f4:166ae4152f1:-7fc0', 'RC440e47f4:166ae4152f1:-7fc0', 'RUL1262ad19:166ae41b1fb:-7c88', 'RLI', 'rptis.landtax.facts.RPTLedgerItemFact', '1');
INSERT IGNORE INTO `sys_rule_condition_var` (`objid`, `parentid`, `ruleid`, `varname`, `datatype`, `pos`) VALUES ('RC70978a15:166ae6875d1:-7f22', 'RC70978a15:166ae6875d1:-7f22', 'RUL7e02b404:166ae687f42:-5511', 'RLI', 'rptis.landtax.facts.RPTLedgerItemFact', '1');
INSERT IGNORE INTO `sys_rule_condition_var` (`objid`, `parentid`, `ruleid`, `varname`, `datatype`, `pos`) VALUES ('RC7280357:166235c1be7:-7faf', 'RC7280357:166235c1be7:-7faf', 'RULec9d7ab:166235c2e16:-26bf', 'RLI', 'rptis.landtax.facts.RPTLedgerItemFact', '1');
INSERT IGNORE INTO `sys_rule_condition_var` (`objid`, `parentid`, `ruleid`, `varname`, `datatype`, `pos`) VALUES ('RC7280357:166235c1be7:-7fb6', 'RC7280357:166235c1be7:-7fb6', 'RULec9d7ab:166235c2e16:-26d0', 'RLI', 'rptis.landtax.facts.RPTLedgerItemFact', '1');
INSERT IGNORE INTO `sys_rule_condition_var` (`objid`, `parentid`, `ruleid`, `varname`, `datatype`, `pos`) VALUES ('RC7280357:166235c1be7:-7fbd', 'RC7280357:166235c1be7:-7fbd', 'RULec9d7ab:166235c2e16:-319f', 'RL', 'rptis.landtax.facts.RPTLedgerFact', '1');
INSERT IGNORE INTO `sys_rule_condition_var` (`objid`, `parentid`, `ruleid`, `varname`, `datatype`, `pos`) VALUES ('RC7280357:166235c1be7:-7fc0', 'RC7280357:166235c1be7:-7fc0', 'RULec9d7ab:166235c2e16:-319f', 'BILL', 'rptis.landtax.facts.Bill', '2');
INSERT IGNORE INTO `sys_rule_condition_var` (`objid`, `parentid`, `ruleid`, `varname`, `datatype`, `pos`) VALUES ('RC7280357:166235c1be7:-7fc7', 'RC7280357:166235c1be7:-7fc7', 'RULec9d7ab:166235c2e16:-3811', 'RLI', 'rptis.landtax.facts.RPTLedgerItemFact', '1');
INSERT IGNORE INTO `sys_rule_condition_var` (`objid`, `parentid`, `ruleid`, `varname`, `datatype`, `pos`) VALUES ('RC7280357:166235c1be7:-7fc9', 'RC7280357:166235c1be7:-7fc9', 'RULec9d7ab:166235c2e16:-3811', 'BILL', 'rptis.landtax.facts.Bill', '2');
INSERT IGNORE INTO `sys_rule_condition_var` (`objid`, `parentid`, `ruleid`, `varname`, `datatype`, `pos`) VALUES ('RC7280357:166235c1be7:-7fd4', 'RC7280357:166235c1be7:-7fd4', 'RULec9d7ab:166235c2e16:-4197', 'RLI', 'rptis.landtax.facts.RPTLedgerItemFact', '1');
INSERT IGNORE INTO `sys_rule_condition_var` (`objid`, `parentid`, `ruleid`, `varname`, `datatype`, `pos`) VALUES ('RCC-17442746:16be936f033:-7e83', 'RC-17442746:16be936f033:-7e86', 'RUL483027b0:16be9375c61:-77e6', 'AV', 'decimal', '0');
INSERT IGNORE INTO `sys_rule_condition_var` (`objid`, `parentid`, `ruleid`, `varname`, `datatype`, `pos`) VALUES ('RCC-287581a5:180558e600d:-7d5b', 'RC-287581a5:180558e600d:-7d5d', 'RUL-2a65218f:180558e7346:-77a0', 'TAX', 'decimal', '3');
INSERT IGNORE INTO `sys_rule_condition_var` (`objid`, `parentid`, `ruleid`, `varname`, `datatype`, `pos`) VALUES ('RCC-287581a5:180558e600d:-7d60', 'RC-287581a5:180558e600d:-7d61', 'RUL-2a65218f:180558e7346:-77a0', 'CY', 'integer', '1');
INSERT IGNORE INTO `sys_rule_condition_var` (`objid`, `parentid`, `ruleid`, `varname`, `datatype`, `pos`) VALUES ('RCC122cd182:16b250d7a42:-1239', 'RC122cd182:16b250d7a42:-123b', 'RUL3e7cce43:16b25a6ae3b:-2c01', 'NMON', 'integer', '2');
INSERT IGNORE INTO `sys_rule_condition_var` (`objid`, `parentid`, `ruleid`, `varname`, `datatype`, `pos`) VALUES ('RCC122cd182:16b250d7a42:-123a', 'RC122cd182:16b250d7a42:-123b', 'RUL3e7cce43:16b25a6ae3b:-2c01', 'TAX', 'decimal', '3');
INSERT IGNORE INTO `sys_rule_condition_var` (`objid`, `parentid`, `ruleid`, `varname`, `datatype`, `pos`) VALUES ('RCC122cd182:16b250d7a42:-8f8', 'RC122cd182:16b250d7a42:-8f9', 'RUL3e7cce43:16b25a6ae3b:-2657', 'CY', 'integer', '0');
INSERT IGNORE INTO `sys_rule_condition_var` (`objid`, `parentid`, `ruleid`, `varname`, `datatype`, `pos`) VALUES ('RCC122cd182:16b250d7a42:-8fc', 'RC122cd182:16b250d7a42:-8fe', 'RUL3e7cce43:16b25a6ae3b:-2657', 'NMON', 'integer', '2');
INSERT IGNORE INTO `sys_rule_condition_var` (`objid`, `parentid`, `ruleid`, `varname`, `datatype`, `pos`) VALUES ('RCC122cd182:16b250d7a42:-8fd', 'RC122cd182:16b250d7a42:-8fe', 'RUL3e7cce43:16b25a6ae3b:-2657', 'TAX', 'decimal', '3');
INSERT IGNORE INTO `sys_rule_condition_var` (`objid`, `parentid`, `ruleid`, `varname`, `datatype`, `pos`) VALUES ('RCC122cd182:16b250d7a42:-e9d', 'RC122cd182:16b250d7a42:-e9f', 'RUL3e7cce43:16b25a6ae3b:-2ade', 'NMON', 'integer', '2');
INSERT IGNORE INTO `sys_rule_condition_var` (`objid`, `parentid`, `ruleid`, `varname`, `datatype`, `pos`) VALUES ('RCC122cd182:16b250d7a42:-e9e', 'RC122cd182:16b250d7a42:-e9f', 'RUL3e7cce43:16b25a6ae3b:-2ade', 'TAX', 'decimal', '3');
INSERT IGNORE INTO `sys_rule_condition_var` (`objid`, `parentid`, `ruleid`, `varname`, `datatype`, `pos`) VALUES ('RCC440e47f4:166ae4152f1:-7fbd', 'RC440e47f4:166ae4152f1:-7fbe', 'RUL1262ad19:166ae41b1fb:-7c88', 'CY', 'integer', '0');
INSERT IGNORE INTO `sys_rule_condition_var` (`objid`, `parentid`, `ruleid`, `varname`, `datatype`, `pos`) VALUES ('RCC70978a15:166ae6875d1:-7f23', 'RC70978a15:166ae6875d1:-7f24', 'RUL7e02b404:166ae687f42:-5511', 'CY', 'integer', '0');
INSERT IGNORE INTO `sys_rule_condition_var` (`objid`, `parentid`, `ruleid`, `varname`, `datatype`, `pos`) VALUES ('RCC7280357:166235c1be7:-7fac', 'RC7280357:166235c1be7:-7fad', 'RULec9d7ab:166235c2e16:-26bf', 'CY', 'integer', '0');
INSERT IGNORE INTO `sys_rule_condition_var` (`objid`, `parentid`, `ruleid`, `varname`, `datatype`, `pos`) VALUES ('RCC7280357:166235c1be7:-7fb3', 'RC7280357:166235c1be7:-7fb4', 'RULec9d7ab:166235c2e16:-26d0', 'CY', 'integer', '0');
INSERT IGNORE INTO `sys_rule_condition_var` (`objid`, `parentid`, `ruleid`, `varname`, `datatype`, `pos`) VALUES ('RCC7280357:166235c1be7:-7fba', 'RC7280357:166235c1be7:-7fbb', 'RULec9d7ab:166235c2e16:-319f', 'CY', 'integer', '0');
INSERT IGNORE INTO `sys_rule_condition_var` (`objid`, `parentid`, `ruleid`, `varname`, `datatype`, `pos`) VALUES ('RCC7280357:166235c1be7:-7fcd', 'RC7280357:166235c1be7:-7fcf', 'RULec9d7ab:166235c2e16:-4197', 'CY', 'integer', '0');
INSERT IGNORE INTO `sys_rule_condition_var` (`objid`, `parentid`, `ruleid`, `varname`, `datatype`, `pos`) VALUES ('RCC7280357:166235c1be7:-7fd3', 'RC7280357:166235c1be7:-7fd4', 'RULec9d7ab:166235c2e16:-4197', 'TAX', 'decimal', '3');
INSERT IGNORE INTO `sys_rule_condition_var` (`objid`, `parentid`, `ruleid`, `varname`, `datatype`, `pos`) VALUES ('RCOND-1a2d6e9b:1692d429304:-7748', 'RCOND-1a2d6e9b:1692d429304:-7748', 'RUL-1a2d6e9b:1692d429304:-7779', 'AVINFO', 'rptis.landtax.facts.AssessedValue', '0');
INSERT IGNORE INTO `sys_rule_condition_var` (`objid`, `parentid`, `ruleid`, `varname`, `datatype`, `pos`) VALUES ('RCOND-2ede6703:16642adb9ce:-7a39', 'RCOND-2ede6703:16642adb9ce:-7a39', 'RUL-2ede6703:16642adb9ce:-7ba0', 'BILL', 'rptis.landtax.facts.Bill', '0');
INSERT IGNORE INTO `sys_rule_condition_var` (`objid`, `parentid`, `ruleid`, `varname`, `datatype`, `pos`) VALUES ('RCOND560f5a64:1735a1dbaf4:-7826', 'RCOND560f5a64:1735a1dbaf4:-7826', 'RUL560f5a64:1735a1dbaf4:-788a', 'RLI', 'rptis.landtax.facts.RPTLedgerItemFact', '0');
INSERT IGNORE INTO `sys_rule_condition_var` (`objid`, `parentid`, `ruleid`, `varname`, `datatype`, `pos`) VALUES ('RCONDec9d7ab:166235c2e16:-24fc', 'RCONDec9d7ab:166235c2e16:-24fc', 'RULec9d7ab:166235c2e16:-255e', 'RLTS', 'rptis.landtax.facts.RPTLedgerTaxSummaryFact', '0');
INSERT IGNORE INTO `sys_rule_condition_var` (`objid`, `parentid`, `ruleid`, `varname`, `datatype`, `pos`) VALUES ('RCONDec9d7ab:166235c2e16:-2ec7', 'RCONDec9d7ab:166235c2e16:-2ec7', 'RULec9d7ab:166235c2e16:-2f1f', 'BILL', 'rptis.landtax.facts.Bill', '0');
INSERT IGNORE INTO `sys_rule_condition_var` (`objid`, `parentid`, `ruleid`, `varname`, `datatype`, `pos`) VALUES ('RCONDec9d7ab:166235c2e16:-3905', 'RCONDec9d7ab:166235c2e16:-3905', 'RULec9d7ab:166235c2e16:-3c17', 'BILL', 'rptis.landtax.facts.Bill', '2');
INSERT IGNORE INTO `sys_rule_condition_var` (`objid`, `parentid`, `ruleid`, `varname`, `datatype`, `pos`) VALUES ('RCONDec9d7ab:166235c2e16:-3b0b', 'RCONDec9d7ab:166235c2e16:-3b0b', 'RULec9d7ab:166235c2e16:-3c17', 'RLI', 'rptis.landtax.facts.RPTLedgerItemFact', '1');
INSERT IGNORE INTO `sys_rule_condition_var` (`objid`, `parentid`, `ruleid`, `varname`, `datatype`, `pos`) VALUES ('RCONDec9d7ab:166235c2e16:-5e7c', 'RCONDec9d7ab:166235c2e16:-5e7c', 'RULec9d7ab:166235c2e16:-5fcb', 'RLI', 'rptis.landtax.facts.RPTLedgerItemFact', '1');
INSERT IGNORE INTO `sys_rule_condition_var` (`objid`, `parentid`, `ruleid`, `varname`, `datatype`, `pos`) VALUES ('RCONST-1a2d6e9b:1692d429304:-7746', 'RCOND-1a2d6e9b:1692d429304:-7748', 'RUL-1a2d6e9b:1692d429304:-7779', 'AV', 'decimal', '1');
INSERT IGNORE INTO `sys_rule_condition_var` (`objid`, `parentid`, `ruleid`, `varname`, `datatype`, `pos`) VALUES ('RCONST-1a2d6e9b:1692d429304:-7747', 'RCOND-1a2d6e9b:1692d429304:-7748', 'RUL-1a2d6e9b:1692d429304:-7779', 'YR', 'integer', '0');
INSERT IGNORE INTO `sys_rule_condition_var` (`objid`, `parentid`, `ruleid`, `varname`, `datatype`, `pos`) VALUES ('RCONST-24ff7cfb:1675d220a6c:-56ab', 'RC70978a15:166ae6875d1:-7f22', 'RUL7e02b404:166ae687f42:-5511', 'NMON', 'integer', '4');
INSERT IGNORE INTO `sys_rule_condition_var` (`objid`, `parentid`, `ruleid`, `varname`, `datatype`, `pos`) VALUES ('RCONST-2a65218f:180558e7346:-7670', 'RC-287581a5:180558e600d:-7d61', 'RUL-2a65218f:180558e7346:-77a0', 'CQTR', 'integer', '1');
INSERT IGNORE INTO `sys_rule_condition_var` (`objid`, `parentid`, `ruleid`, `varname`, `datatype`, `pos`) VALUES ('RCONST-2ede6703:16642adb9ce:-79c8', 'RCOND-2ede6703:16642adb9ce:-7a39', 'RUL-2ede6703:16642adb9ce:-7ba0', 'BILLDATE', 'date', '1');
INSERT IGNORE INTO `sys_rule_condition_var` (`objid`, `parentid`, `ruleid`, `varname`, `datatype`, `pos`) VALUES ('RCONST5ffbdc02:166e7b2c367:-641c', 'RC70978a15:166ae6875d1:-7f22', 'RUL7e02b404:166ae687f42:-5511', 'TAX', 'decimal', '4');
INSERT IGNORE INTO `sys_rule_condition_var` (`objid`, `parentid`, `ruleid`, `varname`, `datatype`, `pos`) VALUES ('RCONST7e02b404:166ae687f42:-54ad', 'RC70978a15:166ae6875d1:-7f24', 'RUL7e02b404:166ae687f42:-5511', 'CQTR', 'integer', '1');
INSERT IGNORE INTO `sys_rule_condition_var` (`objid`, `parentid`, `ruleid`, `varname`, `datatype`, `pos`) VALUES ('RCONSTec9d7ab:166235c2e16:-2ea1', 'RCONDec9d7ab:166235c2e16:-2ec7', 'RULec9d7ab:166235c2e16:-2f1f', 'CDATE', 'date', '0');
INSERT IGNORE INTO `sys_rule_condition_var` (`objid`, `parentid`, `ruleid`, `varname`, `datatype`, `pos`) VALUES ('RCONSTec9d7ab:166235c2e16:-3b8e', 'RCONDec9d7ab:166235c2e16:-3baa', 'RULec9d7ab:166235c2e16:-3c17', 'CY', 'integer', '0');
INSERT IGNORE INTO `sys_rule_condition_var` (`objid`, `parentid`, `ruleid`, `varname`, `datatype`, `pos`) VALUES ('RCONSTec9d7ab:166235c2e16:-5f63', 'RCONDec9d7ab:166235c2e16:-5f7f', 'RULec9d7ab:166235c2e16:-5fcb', 'CY', 'integer', '0');

INSERT IGNORE INTO `sys_rule_condition_constraint` (`objid`, `parentid`, `field_objid`, `fieldname`, `varname`, `operator_caption`, `operator_symbol`, `usevar`, `var_objid`, `var_name`, `decimalvalue`, `intvalue`, `stringvalue`, `listvalue`, `datevalue`, `pos`) VALUES ('RCC-17442746:16be936f033:-7e83', 'RC-17442746:16be936f033:-7e86', 'rptis.landtax.facts.RPTLedgerItemFact.av', 'av', 'AV', NULL, NULL, NULL, NULL, NULL, NULL, NULL, NULL, NULL, NULL, '0');
INSERT IGNORE INTO `sys_rule_condition_constraint` (`objid`, `parentid`, `field_objid`, `fieldname`, `varname`, `operator_caption`, `operator_symbol`, `usevar`, `var_objid`, `var_name`, `decimalvalue`, `intvalue`, `stringvalue`, `listvalue`, `datevalue`, `pos`) VALUES ('RCC-287581a5:180558e600d:-7d5b', 'RC-287581a5:180558e600d:-7d5d', 'rptis.landtax.facts.RPTLedgerItemFact.amtdue', 'amtdue', 'TAX', NULL, NULL, NULL, NULL, NULL, NULL, NULL, NULL, NULL, NULL, '3');
INSERT IGNORE INTO `sys_rule_condition_constraint` (`objid`, `parentid`, `field_objid`, `fieldname`, `varname`, `operator_caption`, `operator_symbol`, `usevar`, `var_objid`, `var_name`, `decimalvalue`, `intvalue`, `stringvalue`, `listvalue`, `datevalue`, `pos`) VALUES ('RCC-287581a5:180558e600d:-7d5c', 'RC-287581a5:180558e600d:-7d5d', 'rptis.landtax.facts.RPTLedgerItemFact.year', 'year', NULL, 'equal to', '==', '1', 'RCC-287581a5:180558e600d:-7d60', 'CY', NULL, NULL, NULL, NULL, NULL, '0');
INSERT IGNORE INTO `sys_rule_condition_constraint` (`objid`, `parentid`, `field_objid`, `fieldname`, `varname`, `operator_caption`, `operator_symbol`, `usevar`, `var_objid`, `var_name`, `decimalvalue`, `intvalue`, `stringvalue`, `listvalue`, `datevalue`, `pos`) VALUES ('RCC-287581a5:180558e600d:-7d60', 'RC-287581a5:180558e600d:-7d61', 'CurrentDate.year', 'year', 'CY', NULL, NULL, NULL, NULL, NULL, NULL, NULL, NULL, NULL, NULL, '1');
INSERT IGNORE INTO `sys_rule_condition_constraint` (`objid`, `parentid`, `field_objid`, `fieldname`, `varname`, `operator_caption`, `operator_symbol`, `usevar`, `var_objid`, `var_name`, `decimalvalue`, `intvalue`, `stringvalue`, `listvalue`, `datevalue`, `pos`) VALUES ('RCC122cd182:16b250d7a42:-1238', 'RC122cd182:16b250d7a42:-123b', 'rptis.landtax.facts.RPTLedgerItemFact.year', 'year', NULL, 'less than or equal to', '<=', '0', NULL, NULL, NULL, '1985', NULL, NULL, NULL, '0');
INSERT IGNORE INTO `sys_rule_condition_constraint` (`objid`, `parentid`, `field_objid`, `fieldname`, `varname`, `operator_caption`, `operator_symbol`, `usevar`, `var_objid`, `var_name`, `decimalvalue`, `intvalue`, `stringvalue`, `listvalue`, `datevalue`, `pos`) VALUES ('RCC122cd182:16b250d7a42:-1239', 'RC122cd182:16b250d7a42:-123b', 'rptis.landtax.facts.RPTLedgerItemFact.monthsfromjan', 'monthsfromjan', 'NMON', NULL, NULL, NULL, NULL, NULL, NULL, NULL, NULL, NULL, NULL, '2');
INSERT IGNORE INTO `sys_rule_condition_constraint` (`objid`, `parentid`, `field_objid`, `fieldname`, `varname`, `operator_caption`, `operator_symbol`, `usevar`, `var_objid`, `var_name`, `decimalvalue`, `intvalue`, `stringvalue`, `listvalue`, `datevalue`, `pos`) VALUES ('RCC122cd182:16b250d7a42:-123a', 'RC122cd182:16b250d7a42:-123b', 'rptis.landtax.facts.RPTLedgerItemFact.amtdue', 'amtdue', 'TAX', NULL, NULL, NULL, NULL, NULL, NULL, NULL, NULL, NULL, NULL, '3');
INSERT IGNORE INTO `sys_rule_condition_constraint` (`objid`, `parentid`, `field_objid`, `fieldname`, `varname`, `operator_caption`, `operator_symbol`, `usevar`, `var_objid`, `var_name`, `decimalvalue`, `intvalue`, `stringvalue`, `listvalue`, `datevalue`, `pos`) VALUES ('RCC122cd182:16b250d7a42:-8f8', 'RC122cd182:16b250d7a42:-8f9', 'CurrentDate.year', 'year', 'CY', NULL, NULL, NULL, NULL, NULL, NULL, NULL, NULL, NULL, NULL, '0');
INSERT IGNORE INTO `sys_rule_condition_constraint` (`objid`, `parentid`, `field_objid`, `fieldname`, `varname`, `operator_caption`, `operator_symbol`, `usevar`, `var_objid`, `var_name`, `decimalvalue`, `intvalue`, `stringvalue`, `listvalue`, `datevalue`, `pos`) VALUES ('RCC122cd182:16b250d7a42:-8fa', 'RC122cd182:16b250d7a42:-8fe', 'rptis.landtax.facts.RPTLedgerItemFact.year', 'year', NULL, 'greater than or equal to', '>=', NULL, NULL, NULL, NULL, '1992', NULL, NULL, NULL, '3');
INSERT IGNORE INTO `sys_rule_condition_constraint` (`objid`, `parentid`, `field_objid`, `fieldname`, `varname`, `operator_caption`, `operator_symbol`, `usevar`, `var_objid`, `var_name`, `decimalvalue`, `intvalue`, `stringvalue`, `listvalue`, `datevalue`, `pos`) VALUES ('RCC122cd182:16b250d7a42:-8fb', 'RC122cd182:16b250d7a42:-8fe', 'rptis.landtax.facts.RPTLedgerItemFact.year', 'year', NULL, 'less than', '<', '1', 'RCC122cd182:16b250d7a42:-8f8', 'CY', NULL, NULL, NULL, NULL, NULL, '0');
INSERT IGNORE INTO `sys_rule_condition_constraint` (`objid`, `parentid`, `field_objid`, `fieldname`, `varname`, `operator_caption`, `operator_symbol`, `usevar`, `var_objid`, `var_name`, `decimalvalue`, `intvalue`, `stringvalue`, `listvalue`, `datevalue`, `pos`) VALUES ('RCC122cd182:16b250d7a42:-8fc', 'RC122cd182:16b250d7a42:-8fe', 'rptis.landtax.facts.RPTLedgerItemFact.monthsfromjan', 'monthsfromjan', 'NMON', NULL, NULL, NULL, NULL, NULL, NULL, NULL, NULL, NULL, NULL, '2');
INSERT IGNORE INTO `sys_rule_condition_constraint` (`objid`, `parentid`, `field_objid`, `fieldname`, `varname`, `operator_caption`, `operator_symbol`, `usevar`, `var_objid`, `var_name`, `decimalvalue`, `intvalue`, `stringvalue`, `listvalue`, `datevalue`, `pos`) VALUES ('RCC122cd182:16b250d7a42:-8fd', 'RC122cd182:16b250d7a42:-8fe', 'rptis.landtax.facts.RPTLedgerItemFact.amtdue', 'amtdue', 'TAX', NULL, NULL, NULL, NULL, NULL, NULL, NULL, NULL, NULL, NULL, '3');
INSERT IGNORE INTO `sys_rule_condition_constraint` (`objid`, `parentid`, `field_objid`, `fieldname`, `varname`, `operator_caption`, `operator_symbol`, `usevar`, `var_objid`, `var_name`, `decimalvalue`, `intvalue`, `stringvalue`, `listvalue`, `datevalue`, `pos`) VALUES ('RCC122cd182:16b250d7a42:-e9b', 'RC122cd182:16b250d7a42:-e9f', 'rptis.landtax.facts.RPTLedgerItemFact.year', 'year', NULL, 'greater than or equal to', '>=', NULL, NULL, NULL, NULL, '1986', NULL, NULL, NULL, '3');
INSERT IGNORE INTO `sys_rule_condition_constraint` (`objid`, `parentid`, `field_objid`, `fieldname`, `varname`, `operator_caption`, `operator_symbol`, `usevar`, `var_objid`, `var_name`, `decimalvalue`, `intvalue`, `stringvalue`, `listvalue`, `datevalue`, `pos`) VALUES ('RCC122cd182:16b250d7a42:-e9d', 'RC122cd182:16b250d7a42:-e9f', 'rptis.landtax.facts.RPTLedgerItemFact.monthsfromjan', 'monthsfromjan', 'NMON', NULL, NULL, NULL, NULL, NULL, NULL, NULL, NULL, NULL, NULL, '2');
INSERT IGNORE INTO `sys_rule_condition_constraint` (`objid`, `parentid`, `field_objid`, `fieldname`, `varname`, `operator_caption`, `operator_symbol`, `usevar`, `var_objid`, `var_name`, `decimalvalue`, `intvalue`, `stringvalue`, `listvalue`, `datevalue`, `pos`) VALUES ('RCC122cd182:16b250d7a42:-e9e', 'RC122cd182:16b250d7a42:-e9f', 'rptis.landtax.facts.RPTLedgerItemFact.amtdue', 'amtdue', 'TAX', NULL, NULL, NULL, NULL, NULL, NULL, NULL, NULL, NULL, NULL, '3');
INSERT IGNORE INTO `sys_rule_condition_constraint` (`objid`, `parentid`, `field_objid`, `fieldname`, `varname`, `operator_caption`, `operator_symbol`, `usevar`, `var_objid`, `var_name`, `decimalvalue`, `intvalue`, `stringvalue`, `listvalue`, `datevalue`, `pos`) VALUES ('RCC440e47f4:166ae4152f1:-7fbd', 'RC440e47f4:166ae4152f1:-7fbe', 'CurrentDate.year', 'year', 'CY', NULL, NULL, NULL, NULL, NULL, NULL, NULL, NULL, NULL, NULL, '0');
INSERT IGNORE INTO `sys_rule_condition_constraint` (`objid`, `parentid`, `field_objid`, `fieldname`, `varname`, `operator_caption`, `operator_symbol`, `usevar`, `var_objid`, `var_name`, `decimalvalue`, `intvalue`, `stringvalue`, `listvalue`, `datevalue`, `pos`) VALUES ('RCC440e47f4:166ae4152f1:-7fbf', 'RC440e47f4:166ae4152f1:-7fc0', 'rptis.landtax.facts.RPTLedgerItemFact.year', 'year', NULL, 'less than', '<', '1', 'RCC440e47f4:166ae4152f1:-7fbd', 'CY', NULL, NULL, NULL, NULL, NULL, '0');
INSERT IGNORE INTO `sys_rule_condition_constraint` (`objid`, `parentid`, `field_objid`, `fieldname`, `varname`, `operator_caption`, `operator_symbol`, `usevar`, `var_objid`, `var_name`, `decimalvalue`, `intvalue`, `stringvalue`, `listvalue`, `datevalue`, `pos`) VALUES ('RCC70978a15:166ae6875d1:-7f1d', 'RC70978a15:166ae6875d1:-7f22', 'rptis.landtax.facts.RPTLedgerItemFact.revtype', 'revtype', NULL, 'is any of the ff.', 'matches', NULL, NULL, NULL, NULL, NULL, NULL, '[\"basic\",\"sef\"]', NULL, '0');
INSERT IGNORE INTO `sys_rule_condition_constraint` (`objid`, `parentid`, `field_objid`, `fieldname`, `varname`, `operator_caption`, `operator_symbol`, `usevar`, `var_objid`, `var_name`, `decimalvalue`, `intvalue`, `stringvalue`, `listvalue`, `datevalue`, `pos`) VALUES ('RCC70978a15:166ae6875d1:-7f23', 'RC70978a15:166ae6875d1:-7f24', 'CurrentDate.year', 'year', 'CY', NULL, NULL, NULL, NULL, NULL, NULL, NULL, NULL, NULL, NULL, '0');
INSERT IGNORE INTO `sys_rule_condition_constraint` (`objid`, `parentid`, `field_objid`, `fieldname`, `varname`, `operator_caption`, `operator_symbol`, `usevar`, `var_objid`, `var_name`, `decimalvalue`, `intvalue`, `stringvalue`, `listvalue`, `datevalue`, `pos`) VALUES ('RCC7280357:166235c1be7:-7fac', 'RC7280357:166235c1be7:-7fad', 'CurrentDate.year', 'year', 'CY', NULL, NULL, NULL, NULL, NULL, NULL, NULL, NULL, NULL, NULL, '0');
INSERT IGNORE INTO `sys_rule_condition_constraint` (`objid`, `parentid`, `field_objid`, `fieldname`, `varname`, `operator_caption`, `operator_symbol`, `usevar`, `var_objid`, `var_name`, `decimalvalue`, `intvalue`, `stringvalue`, `listvalue`, `datevalue`, `pos`) VALUES ('RCC7280357:166235c1be7:-7fae', 'RC7280357:166235c1be7:-7faf', 'rptis.landtax.facts.RPTLedgerItemFact.year', 'year', NULL, 'greater than', '>', '1', 'RCC7280357:166235c1be7:-7fac', 'CY', NULL, NULL, NULL, NULL, NULL, '0');
INSERT IGNORE INTO `sys_rule_condition_constraint` (`objid`, `parentid`, `field_objid`, `fieldname`, `varname`, `operator_caption`, `operator_symbol`, `usevar`, `var_objid`, `var_name`, `decimalvalue`, `intvalue`, `stringvalue`, `listvalue`, `datevalue`, `pos`) VALUES ('RCC7280357:166235c1be7:-7fb3', 'RC7280357:166235c1be7:-7fb4', 'CurrentDate.year', 'year', 'CY', NULL, NULL, NULL, NULL, NULL, NULL, NULL, NULL, NULL, NULL, '0');
INSERT IGNORE INTO `sys_rule_condition_constraint` (`objid`, `parentid`, `field_objid`, `fieldname`, `varname`, `operator_caption`, `operator_symbol`, `usevar`, `var_objid`, `var_name`, `decimalvalue`, `intvalue`, `stringvalue`, `listvalue`, `datevalue`, `pos`) VALUES ('RCC7280357:166235c1be7:-7fb5', 'RC7280357:166235c1be7:-7fb6', 'rptis.landtax.facts.RPTLedgerItemFact.year', 'year', NULL, 'equal to', '==', '1', 'RCC7280357:166235c1be7:-7fb3', 'CY', NULL, NULL, NULL, NULL, NULL, '0');
INSERT IGNORE INTO `sys_rule_condition_constraint` (`objid`, `parentid`, `field_objid`, `fieldname`, `varname`, `operator_caption`, `operator_symbol`, `usevar`, `var_objid`, `var_name`, `decimalvalue`, `intvalue`, `stringvalue`, `listvalue`, `datevalue`, `pos`) VALUES ('RCC7280357:166235c1be7:-7fba', 'RC7280357:166235c1be7:-7fbb', 'CurrentDate.year', 'year', 'CY', NULL, NULL, NULL, NULL, NULL, NULL, NULL, NULL, NULL, NULL, '0');
INSERT IGNORE INTO `sys_rule_condition_constraint` (`objid`, `parentid`, `field_objid`, `fieldname`, `varname`, `operator_caption`, `operator_symbol`, `usevar`, `var_objid`, `var_name`, `decimalvalue`, `intvalue`, `stringvalue`, `listvalue`, `datevalue`, `pos`) VALUES ('RCC7280357:166235c1be7:-7fbc', 'RC7280357:166235c1be7:-7fbd', 'rptis.landtax.facts.RPTLedgerFact.lastyearpaid', 'lastyearpaid', NULL, 'equal to', '==', '1', 'RCC7280357:166235c1be7:-7fba', 'CY', NULL, NULL, NULL, NULL, NULL, '0');
INSERT IGNORE INTO `sys_rule_condition_constraint` (`objid`, `parentid`, `field_objid`, `fieldname`, `varname`, `operator_caption`, `operator_symbol`, `usevar`, `var_objid`, `var_name`, `decimalvalue`, `intvalue`, `stringvalue`, `listvalue`, `datevalue`, `pos`) VALUES ('RCC7280357:166235c1be7:-7fbf', 'RC7280357:166235c1be7:-7fc0', 'rptis.landtax.facts.Bill.billtoyear', 'billtoyear', NULL, 'greater than', '>', '1', 'RCC7280357:166235c1be7:-7fba', 'CY', NULL, NULL, NULL, NULL, NULL, '1');
INSERT IGNORE INTO `sys_rule_condition_constraint` (`objid`, `parentid`, `field_objid`, `fieldname`, `varname`, `operator_caption`, `operator_symbol`, `usevar`, `var_objid`, `var_name`, `decimalvalue`, `intvalue`, `stringvalue`, `listvalue`, `datevalue`, `pos`) VALUES ('RCC7280357:166235c1be7:-7fc6', 'RC7280357:166235c1be7:-7fc7', 'rptis.landtax.facts.RPTLedgerItemFact.qtrly', 'qtrly', NULL, 'not true', '== false', NULL, NULL, NULL, NULL, NULL, NULL, NULL, NULL, '1');
INSERT IGNORE INTO `sys_rule_condition_constraint` (`objid`, `parentid`, `field_objid`, `fieldname`, `varname`, `operator_caption`, `operator_symbol`, `usevar`, `var_objid`, `var_name`, `decimalvalue`, `intvalue`, `stringvalue`, `listvalue`, `datevalue`, `pos`) VALUES ('RCC7280357:166235c1be7:-7fc8', 'RC7280357:166235c1be7:-7fc9', 'rptis.landtax.facts.Bill.forpayment', 'forpayment', NULL, 'is true', '== true', NULL, NULL, NULL, NULL, NULL, NULL, NULL, NULL, '0');
INSERT IGNORE INTO `sys_rule_condition_constraint` (`objid`, `parentid`, `field_objid`, `fieldname`, `varname`, `operator_caption`, `operator_symbol`, `usevar`, `var_objid`, `var_name`, `decimalvalue`, `intvalue`, `stringvalue`, `listvalue`, `datevalue`, `pos`) VALUES ('RCC7280357:166235c1be7:-7fcd', 'RC7280357:166235c1be7:-7fcf', 'CurrentDate.year', 'year', 'CY', NULL, NULL, NULL, NULL, NULL, NULL, NULL, NULL, NULL, NULL, '0');
INSERT IGNORE INTO `sys_rule_condition_constraint` (`objid`, `parentid`, `field_objid`, `fieldname`, `varname`, `operator_caption`, `operator_symbol`, `usevar`, `var_objid`, `var_name`, `decimalvalue`, `intvalue`, `stringvalue`, `listvalue`, `datevalue`, `pos`) VALUES ('RCC7280357:166235c1be7:-7fd0', 'RC7280357:166235c1be7:-7fd4', 'rptis.landtax.facts.RPTLedgerItemFact.year', 'year', NULL, 'greater than', '>', '1', 'RCC7280357:166235c1be7:-7fcd', 'CY', NULL, NULL, NULL, NULL, NULL, '0');
INSERT IGNORE INTO `sys_rule_condition_constraint` (`objid`, `parentid`, `field_objid`, `fieldname`, `varname`, `operator_caption`, `operator_symbol`, `usevar`, `var_objid`, `var_name`, `decimalvalue`, `intvalue`, `stringvalue`, `listvalue`, `datevalue`, `pos`) VALUES ('RCC7280357:166235c1be7:-7fd3', 'RC7280357:166235c1be7:-7fd4', 'rptis.landtax.facts.RPTLedgerItemFact.amtdue', 'amtdue', 'TAX', NULL, NULL, NULL, NULL, NULL, NULL, NULL, NULL, NULL, NULL, '3');
INSERT IGNORE INTO `sys_rule_condition_constraint` (`objid`, `parentid`, `field_objid`, `fieldname`, `varname`, `operator_caption`, `operator_symbol`, `usevar`, `var_objid`, `var_name`, `decimalvalue`, `intvalue`, `stringvalue`, `listvalue`, `datevalue`, `pos`) VALUES ('RCONST-1a2d6e9b:1692d429304:-7746', 'RCOND-1a2d6e9b:1692d429304:-7748', 'rptis.landtax.facts.AssessedValue.av', 'av', 'AV', NULL, NULL, NULL, NULL, NULL, NULL, NULL, NULL, NULL, NULL, '1');
INSERT IGNORE INTO `sys_rule_condition_constraint` (`objid`, `parentid`, `field_objid`, `fieldname`, `varname`, `operator_caption`, `operator_symbol`, `usevar`, `var_objid`, `var_name`, `decimalvalue`, `intvalue`, `stringvalue`, `listvalue`, `datevalue`, `pos`) VALUES ('RCONST-1a2d6e9b:1692d429304:-7747', 'RCOND-1a2d6e9b:1692d429304:-7748', 'rptis.landtax.facts.AssessedValue.year', 'year', 'YR', NULL, NULL, NULL, NULL, NULL, NULL, NULL, NULL, NULL, NULL, '0');
INSERT IGNORE INTO `sys_rule_condition_constraint` (`objid`, `parentid`, `field_objid`, `fieldname`, `varname`, `operator_caption`, `operator_symbol`, `usevar`, `var_objid`, `var_name`, `decimalvalue`, `intvalue`, `stringvalue`, `listvalue`, `datevalue`, `pos`) VALUES ('RCONST-24ff7cfb:1675d220a6c:-56ab', 'RC70978a15:166ae6875d1:-7f22', 'rptis.landtax.facts.RPTLedgerItemFact.monthsfromjan', 'monthsfromjan', 'NMON', NULL, NULL, NULL, NULL, NULL, NULL, NULL, NULL, NULL, NULL, '4');
INSERT IGNORE INTO `sys_rule_condition_constraint` (`objid`, `parentid`, `field_objid`, `fieldname`, `varname`, `operator_caption`, `operator_symbol`, `usevar`, `var_objid`, `var_name`, `decimalvalue`, `intvalue`, `stringvalue`, `listvalue`, `datevalue`, `pos`) VALUES ('RCONST-2a65218f:180558e7346:-7572', 'RC-287581a5:180558e600d:-7d5d', 'rptis.landtax.facts.RPTLedgerItemFact.qtr', 'qtr', NULL, 'greater than or equal to', '>=', '1', 'RCONST-2a65218f:180558e7346:-7670', 'CQTR', NULL, NULL, NULL, NULL, NULL, '2');
INSERT IGNORE INTO `sys_rule_condition_constraint` (`objid`, `parentid`, `field_objid`, `fieldname`, `varname`, `operator_caption`, `operator_symbol`, `usevar`, `var_objid`, `var_name`, `decimalvalue`, `intvalue`, `stringvalue`, `listvalue`, `datevalue`, `pos`) VALUES ('RCONST-2a65218f:180558e7346:-7670', 'RC-287581a5:180558e600d:-7d61', 'CurrentDate.qtr', 'qtr', 'CQTR', NULL, NULL, NULL, NULL, NULL, NULL, NULL, NULL, NULL, NULL, '1');
INSERT IGNORE INTO `sys_rule_condition_constraint` (`objid`, `parentid`, `field_objid`, `fieldname`, `varname`, `operator_caption`, `operator_symbol`, `usevar`, `var_objid`, `var_name`, `decimalvalue`, `intvalue`, `stringvalue`, `listvalue`, `datevalue`, `pos`) VALUES ('RCONST-2ede6703:16642adb9ce:-79c8', 'RCOND-2ede6703:16642adb9ce:-7a39', 'rptis.landtax.facts.Bill.billdate', 'billdate', 'BILLDATE', NULL, NULL, NULL, NULL, NULL, NULL, NULL, NULL, NULL, NULL, '1');
INSERT IGNORE INTO `sys_rule_condition_constraint` (`objid`, `parentid`, `field_objid`, `fieldname`, `varname`, `operator_caption`, `operator_symbol`, `usevar`, `var_objid`, `var_name`, `decimalvalue`, `intvalue`, `stringvalue`, `listvalue`, `datevalue`, `pos`) VALUES ('RCONST-2ede6703:16642adb9ce:-7a03', 'RCOND-2ede6703:16642adb9ce:-7a39', 'rptis.landtax.facts.Bill.advancebill', 'advancebill', NULL, 'is true', '== true', NULL, NULL, NULL, NULL, NULL, NULL, NULL, NULL, '0');
INSERT IGNORE INTO `sys_rule_condition_constraint` (`objid`, `parentid`, `field_objid`, `fieldname`, `varname`, `operator_caption`, `operator_symbol`, `usevar`, `var_objid`, `var_name`, `decimalvalue`, `intvalue`, `stringvalue`, `listvalue`, `datevalue`, `pos`) VALUES ('RCONST3e7cce43:16b25a6ae3b:-2882', 'RC122cd182:16b250d7a42:-e9f', 'rptis.landtax.facts.RPTLedgerItemFact.year', 'year', NULL, 'less than or equal to', '<=', NULL, NULL, NULL, NULL, '1991', NULL, NULL, NULL, '3');
INSERT IGNORE INTO `sys_rule_condition_constraint` (`objid`, `parentid`, `field_objid`, `fieldname`, `varname`, `operator_caption`, `operator_symbol`, `usevar`, `var_objid`, `var_name`, `decimalvalue`, `intvalue`, `stringvalue`, `listvalue`, `datevalue`, `pos`) VALUES ('RCONST560f5a64:1735a1dbaf4:-7748', 'RCOND560f5a64:1735a1dbaf4:-7826', 'rptis.landtax.facts.RPTLedgerItemFact.backtax', 'backtax', NULL, 'is true', '== true', NULL, NULL, NULL, NULL, NULL, NULL, NULL, NULL, '0');
INSERT IGNORE INTO `sys_rule_condition_constraint` (`objid`, `parentid`, `field_objid`, `fieldname`, `varname`, `operator_caption`, `operator_symbol`, `usevar`, `var_objid`, `var_name`, `decimalvalue`, `intvalue`, `stringvalue`, `listvalue`, `datevalue`, `pos`) VALUES ('RCONST5ffbdc02:166e7b2c367:-641c', 'RC70978a15:166ae6875d1:-7f22', 'rptis.landtax.facts.RPTLedgerItemFact.amtdue', 'amtdue', 'TAX', NULL, NULL, NULL, NULL, NULL, NULL, NULL, NULL, NULL, NULL, '4');
INSERT IGNORE INTO `sys_rule_condition_constraint` (`objid`, `parentid`, `field_objid`, `fieldname`, `varname`, `operator_caption`, `operator_symbol`, `usevar`, `var_objid`, `var_name`, `decimalvalue`, `intvalue`, `stringvalue`, `listvalue`, `datevalue`, `pos`) VALUES ('RCONST5ffbdc02:166e7b2c367:-66a5', 'RC70978a15:166ae6875d1:-7f22', 'rptis.landtax.facts.RPTLedgerItemFact.year', 'year', NULL, 'equal to', '==', '1', 'RCC70978a15:166ae6875d1:-7f23', 'CY', NULL, NULL, NULL, NULL, NULL, '1');
INSERT IGNORE INTO `sys_rule_condition_constraint` (`objid`, `parentid`, `field_objid`, `fieldname`, `varname`, `operator_caption`, `operator_symbol`, `usevar`, `var_objid`, `var_name`, `decimalvalue`, `intvalue`, `stringvalue`, `listvalue`, `datevalue`, `pos`) VALUES ('RCONST7e02b404:166ae687f42:-54ad', 'RC70978a15:166ae6875d1:-7f24', 'CurrentDate.qtr', 'qtr', 'CQTR', 'greater than', '>', NULL, NULL, NULL, NULL, '1', NULL, NULL, NULL, '1');
INSERT IGNORE INTO `sys_rule_condition_constraint` (`objid`, `parentid`, `field_objid`, `fieldname`, `varname`, `operator_caption`, `operator_symbol`, `usevar`, `var_objid`, `var_name`, `decimalvalue`, `intvalue`, `stringvalue`, `listvalue`, `datevalue`, `pos`) VALUES ('RCONSTec9d7ab:166235c2e16:-2ea1', 'RCONDec9d7ab:166235c2e16:-2ec7', 'rptis.landtax.facts.Bill.currentdate', 'currentdate', 'CDATE', NULL, NULL, NULL, NULL, NULL, NULL, NULL, NULL, NULL, NULL, '0');
INSERT IGNORE INTO `sys_rule_condition_constraint` (`objid`, `parentid`, `field_objid`, `fieldname`, `varname`, `operator_caption`, `operator_symbol`, `usevar`, `var_objid`, `var_name`, `decimalvalue`, `intvalue`, `stringvalue`, `listvalue`, `datevalue`, `pos`) VALUES ('RCONSTec9d7ab:166235c2e16:-311f', 'RC7280357:166235c1be7:-7fbd', 'rptis.landtax.facts.RPTLedgerFact.lastqtrpaid', 'lastqtrpaid', NULL, 'equal to', '==', NULL, NULL, NULL, NULL, '4', NULL, NULL, NULL, '1');
INSERT IGNORE INTO `sys_rule_condition_constraint` (`objid`, `parentid`, `field_objid`, `fieldname`, `varname`, `operator_caption`, `operator_symbol`, `usevar`, `var_objid`, `var_name`, `decimalvalue`, `intvalue`, `stringvalue`, `listvalue`, `datevalue`, `pos`) VALUES ('RCONSTec9d7ab:166235c2e16:-36b2', 'RC7280357:166235c1be7:-7fc7', 'rptis.landtax.facts.RPTLedgerItemFact.revtype', 'revtype', NULL, 'is any of the ff.', 'matches', '0', NULL, NULL, NULL, NULL, NULL, '[\"basic\",\"sef\"]', NULL, '1');
INSERT IGNORE INTO `sys_rule_condition_constraint` (`objid`, `parentid`, `field_objid`, `fieldname`, `varname`, `operator_caption`, `operator_symbol`, `usevar`, `var_objid`, `var_name`, `decimalvalue`, `intvalue`, `stringvalue`, `listvalue`, `datevalue`, `pos`) VALUES ('RCONSTec9d7ab:166235c2e16:-38dd', 'RCONDec9d7ab:166235c2e16:-3905', 'rptis.landtax.facts.Bill.forpayment', 'forpayment', NULL, 'not true', '== false', NULL, NULL, NULL, NULL, NULL, NULL, NULL, NULL, '0');
INSERT IGNORE INTO `sys_rule_condition_constraint` (`objid`, `parentid`, `field_objid`, `fieldname`, `varname`, `operator_caption`, `operator_symbol`, `usevar`, `var_objid`, `var_name`, `decimalvalue`, `intvalue`, `stringvalue`, `listvalue`, `datevalue`, `pos`) VALUES ('RCONSTec9d7ab:166235c2e16:-39af', 'RCONDec9d7ab:166235c2e16:-3b0b', 'rptis.landtax.facts.RPTLedgerItemFact.qtrly', 'qtrly', NULL, 'is true', '== true', NULL, NULL, NULL, NULL, NULL, NULL, NULL, NULL, '1');
INSERT IGNORE INTO `sys_rule_condition_constraint` (`objid`, `parentid`, `field_objid`, `fieldname`, `varname`, `operator_caption`, `operator_symbol`, `usevar`, `var_objid`, `var_name`, `decimalvalue`, `intvalue`, `stringvalue`, `listvalue`, `datevalue`, `pos`) VALUES ('RCONSTec9d7ab:166235c2e16:-3abb', 'RCONDec9d7ab:166235c2e16:-3b0b', 'rptis.landtax.facts.RPTLedgerItemFact.year', 'year', NULL, 'less than', '<', '1', 'RCONSTec9d7ab:166235c2e16:-3b8e', 'CY', NULL, NULL, NULL, NULL, NULL, '0');
INSERT IGNORE INTO `sys_rule_condition_constraint` (`objid`, `parentid`, `field_objid`, `fieldname`, `varname`, `operator_caption`, `operator_symbol`, `usevar`, `var_objid`, `var_name`, `decimalvalue`, `intvalue`, `stringvalue`, `listvalue`, `datevalue`, `pos`) VALUES ('RCONSTec9d7ab:166235c2e16:-3b8e', 'RCONDec9d7ab:166235c2e16:-3baa', 'CurrentDate.year', 'year', 'CY', NULL, NULL, NULL, NULL, NULL, NULL, NULL, NULL, NULL, NULL, '0');
INSERT IGNORE INTO `sys_rule_condition_constraint` (`objid`, `parentid`, `field_objid`, `fieldname`, `varname`, `operator_caption`, `operator_symbol`, `usevar`, `var_objid`, `var_name`, `decimalvalue`, `intvalue`, `stringvalue`, `listvalue`, `datevalue`, `pos`) VALUES ('RCONSTec9d7ab:166235c2e16:-5e2c', 'RCONDec9d7ab:166235c2e16:-5e7c', 'rptis.landtax.facts.RPTLedgerItemFact.year', 'year', NULL, 'greater than or equal to', '>=', '1', 'RCONSTec9d7ab:166235c2e16:-5f63', 'CY', NULL, NULL, NULL, NULL, NULL, '0');
INSERT IGNORE INTO `sys_rule_condition_constraint` (`objid`, `parentid`, `field_objid`, `fieldname`, `varname`, `operator_caption`, `operator_symbol`, `usevar`, `var_objid`, `var_name`, `decimalvalue`, `intvalue`, `stringvalue`, `listvalue`, `datevalue`, `pos`) VALUES ('RCONSTec9d7ab:166235c2e16:-5f63', 'RCONDec9d7ab:166235c2e16:-5f7f', 'CurrentDate.year', 'year', 'CY', NULL, NULL, NULL, NULL, NULL, NULL, NULL, NULL, NULL, NULL, '0');

INSERT IGNORE INTO `sys_rule_action` (`objid`, `parentid`, `actiondef_objid`, `actiondef_name`, `pos`) VALUES ('RA-17442746:16be936f033:-7e82', 'RUL483027b0:16be9375c61:-77e6', 'rptis.landtax.actions.CalcTax', 'calc-tax', '0');
INSERT IGNORE INTO `sys_rule_action` (`objid`, `parentid`, `actiondef_objid`, `actiondef_name`, `pos`) VALUES ('RA-287581a5:180558e600d:-7d5a', 'RUL-2a65218f:180558e7346:-77a0', 'rptis.landtax.actions.CalcDiscount', 'calc-discount', '0');
INSERT IGNORE INTO `sys_rule_action` (`objid`, `parentid`, `actiondef_objid`, `actiondef_name`, `pos`) VALUES ('RA122cd182:16b250d7a42:-1237', 'RUL3e7cce43:16b25a6ae3b:-2c01', 'rptis.landtax.actions.CalcInterest', 'calc-interest', '0');
INSERT IGNORE INTO `sys_rule_action` (`objid`, `parentid`, `actiondef_objid`, `actiondef_name`, `pos`) VALUES ('RA122cd182:16b250d7a42:-8f7', 'RUL3e7cce43:16b25a6ae3b:-2657', 'rptis.landtax.actions.CalcInterest', 'calc-interest', '0');
INSERT IGNORE INTO `sys_rule_action` (`objid`, `parentid`, `actiondef_objid`, `actiondef_name`, `pos`) VALUES ('RA440e47f4:166ae4152f1:-7fbc', 'RUL1262ad19:166ae41b1fb:-7c88', 'rptis.landtax.actions.CreateTaxSummary', 'create-tax-summary', '0');
INSERT IGNORE INTO `sys_rule_action` (`objid`, `parentid`, `actiondef_objid`, `actiondef_name`, `pos`) VALUES ('RA7280357:166235c1be7:-7fab', 'RULec9d7ab:166235c2e16:-26bf', 'rptis.landtax.actions.CreateTaxSummary', 'create-tax-summary', '0');
INSERT IGNORE INTO `sys_rule_action` (`objid`, `parentid`, `actiondef_objid`, `actiondef_name`, `pos`) VALUES ('RA7280357:166235c1be7:-7fb2', 'RULec9d7ab:166235c2e16:-26d0', 'rptis.landtax.actions.CreateTaxSummary', 'create-tax-summary', '0');
INSERT IGNORE INTO `sys_rule_action` (`objid`, `parentid`, `actiondef_objid`, `actiondef_name`, `pos`) VALUES ('RA7280357:166235c1be7:-7fb9', 'RULec9d7ab:166235c2e16:-319f', 'rptis.landtax.actions.SetBillExpiryDate', 'set-bill-expiry', '0');
INSERT IGNORE INTO `sys_rule_action` (`objid`, `parentid`, `actiondef_objid`, `actiondef_name`, `pos`) VALUES ('RA7280357:166235c1be7:-7fcc', 'RULec9d7ab:166235c2e16:-4197', 'rptis.landtax.actions.CalcDiscount', 'calc-discount', '0');
INSERT IGNORE INTO `sys_rule_action` (`objid`, `parentid`, `actiondef_objid`, `actiondef_name`, `pos`) VALUES ('RACT-1a2d6e9b:1692d429304:-7649', 'RUL-1a2d6e9b:1692d429304:-7779', 'rptis.landtax.actions.AddSef', 'add-sef', '0');
INSERT IGNORE INTO `sys_rule_action` (`objid`, `parentid`, `actiondef_objid`, `actiondef_name`, `pos`) VALUES ('RACT-1a2d6e9b:1692d429304:-7700', 'RUL-1a2d6e9b:1692d429304:-7779', 'rptis.landtax.actions.AddBasic', 'add-basic', '0');
INSERT IGNORE INTO `sys_rule_action` (`objid`, `parentid`, `actiondef_objid`, `actiondef_name`, `pos`) VALUES ('RACT-2ede6703:16642adb9ce:-794c', 'RUL-2ede6703:16642adb9ce:-7ba0', 'rptis.landtax.actions.SetBillExpiryDate', 'set-bill-expiry', '0');
INSERT IGNORE INTO `sys_rule_action` (`objid`, `parentid`, `actiondef_objid`, `actiondef_name`, `pos`) VALUES ('RACT3e7cce43:16b25a6ae3b:-274e', 'RUL3e7cce43:16b25a6ae3b:-2ade', 'rptis.landtax.actions.CalcInterest', 'calc-interest', '0');
INSERT IGNORE INTO `sys_rule_action` (`objid`, `parentid`, `actiondef_objid`, `actiondef_name`, `pos`) VALUES ('RACT560f5a64:1735a1dbaf4:-76c3', 'RUL560f5a64:1735a1dbaf4:-788a', 'rptis.landtax.actions.CalcInterest', 'calc-interest', '0');
INSERT IGNORE INTO `sys_rule_action` (`objid`, `parentid`, `actiondef_objid`, `actiondef_name`, `pos`) VALUES ('RACT5ffbdc02:166e7b2c367:-6229', 'RUL7e02b404:166ae687f42:-5511', 'rptis.landtax.actions.CalcInterest', 'calc-interest', '0');
INSERT IGNORE INTO `sys_rule_action` (`objid`, `parentid`, `actiondef_objid`, `actiondef_name`, `pos`) VALUES ('RACTec9d7ab:166235c2e16:-249a', 'RULec9d7ab:166235c2e16:-255e', 'rptis.landtax.actions.AddBillItem', 'add-billitem', '0');
INSERT IGNORE INTO `sys_rule_action` (`objid`, `parentid`, `actiondef_objid`, `actiondef_name`, `pos`) VALUES ('RACTec9d7ab:166235c2e16:-2e2e', 'RULec9d7ab:166235c2e16:-2f1f', 'rptis.landtax.actions.SetBillExpiryDate', 'set-bill-expiry', '0');
INSERT IGNORE INTO `sys_rule_action` (`objid`, `parentid`, `actiondef_objid`, `actiondef_name`, `pos`) VALUES ('RACTec9d7ab:166235c2e16:-35b3', 'RULec9d7ab:166235c2e16:-3811', 'rptis.landtax.actions.SplitLedgerItem', 'split-bill-item', '0');
INSERT IGNORE INTO `sys_rule_action` (`objid`, `parentid`, `actiondef_objid`, `actiondef_name`, `pos`) VALUES ('RACTec9d7ab:166235c2e16:-3879', 'RULec9d7ab:166235c2e16:-3c17', 'rptis.landtax.actions.AggregateLedgerItem', 'aggregate-bill-item', '0');
INSERT IGNORE INTO `sys_rule_action` (`objid`, `parentid`, `actiondef_objid`, `actiondef_name`, `pos`) VALUES ('RACTec9d7ab:166235c2e16:-5b6f', 'RULec9d7ab:166235c2e16:-5fcb', 'rptis.landtax.actions.SplitByQtr', 'split-by-qtr', '0');

INSERT IGNORE INTO `sys_rule_actiondef` (`objid`, `name`, `title`, `sortorder`, `actionname`, `domain`, `actionclass`) VALUES ('rptis.landtax.actions.AddBasic', 'add-basic', 'Add Basic Entry', '1', 'add-basic', 'landtax', 'rptis.landtax.actions.AddBasic');
INSERT IGNORE INTO `sys_rule_actiondef` (`objid`, `name`, `title`, `sortorder`, `actionname`, `domain`, `actionclass`) VALUES ('rptis.landtax.actions.AddBillItem', 'add-billitem', 'Add Bill Item', '25', 'add-billitem', 'landtax', 'rptis.landtax.actions.AddBillItem');
INSERT IGNORE INTO `sys_rule_actiondef` (`objid`, `name`, `title`, `sortorder`, `actionname`, `domain`, `actionclass`) VALUES ('rptis.landtax.actions.AddFireCode', 'add-firecode', 'Add Fire Code', '10', 'add-firecode', 'landtax', 'rptis.landtax.actions.AddFireCode');
INSERT IGNORE INTO `sys_rule_actiondef` (`objid`, `name`, `title`, `sortorder`, `actionname`, `domain`, `actionclass`) VALUES ('rptis.landtax.actions.AddIdleLand', 'add-basicidle', 'Add Idle Land Entry', '6', 'add-basicidle', 'landtax', 'rptis.landtax.actions.AddIdleLand');
INSERT IGNORE INTO `sys_rule_actiondef` (`objid`, `name`, `title`, `sortorder`, `actionname`, `domain`, `actionclass`) VALUES ('rptis.landtax.actions.AddSef', 'add-sef', 'Add SEF Entry', '5', 'add-sef', 'landtax', 'rptis.landtax.actions.AddSef');
INSERT IGNORE INTO `sys_rule_actiondef` (`objid`, `name`, `title`, `sortorder`, `actionname`, `domain`, `actionclass`) VALUES ('rptis.landtax.actions.AddShare', 'add-share', 'Add Revenue Share', '28', 'add-share', 'landtax', 'rptis.landtax.actions.AddShare');
INSERT IGNORE INTO `sys_rule_actiondef` (`objid`, `name`, `title`, `sortorder`, `actionname`, `domain`, `actionclass`) VALUES ('rptis.landtax.actions.AddSocialHousing', 'add-sh', 'Add Social Housing Entry', '8', 'add-sh', 'landtax', 'rptis.landtax.actions.AddSocialHousing');
INSERT IGNORE INTO `sys_rule_actiondef` (`objid`, `name`, `title`, `sortorder`, `actionname`, `domain`, `actionclass`) VALUES ('rptis.landtax.actions.AggregateLedgerItem', 'aggregate-bill-item', 'Aggregate Ledger Items', '12', 'aggregate-bill-item', 'landtax', 'rptis.landtax.actions.AggregateLedgerItem');
INSERT IGNORE INTO `sys_rule_actiondef` (`objid`, `name`, `title`, `sortorder`, `actionname`, `domain`, `actionclass`) VALUES ('rptis.landtax.actions.CalcDiscount', 'calc-discount', 'Calculate Discount', '6', 'calc-discount', 'landtax', 'rptis.landtax.actions.CalcDiscount');
INSERT IGNORE INTO `sys_rule_actiondef` (`objid`, `name`, `title`, `sortorder`, `actionname`, `domain`, `actionclass`) VALUES ('rptis.landtax.actions.CalcInterest', 'calc-interest', 'Calculate Interest', '5', 'calc-interest', 'landtax', 'rptis.landtax.actions.CalcInterest');
INSERT IGNORE INTO `sys_rule_actiondef` (`objid`, `name`, `title`, `sortorder`, `actionname`, `domain`, `actionclass`) VALUES ('rptis.landtax.actions.CalcTax', 'calc-tax', 'Calculate Tax', '1001', 'calc-tax', 'landtax', 'rptis.landtax.actions.CalcTax');
INSERT IGNORE INTO `sys_rule_actiondef` (`objid`, `name`, `title`, `sortorder`, `actionname`, `domain`, `actionclass`) VALUES ('rptis.landtax.actions.CreateTaxSummary', 'create-tax-summary', 'Create Tax Summary', '20', 'create-tax-summary', 'landtax', 'rptis.landtax.actions.CreateTaxSummary');
INSERT IGNORE INTO `sys_rule_actiondef` (`objid`, `name`, `title`, `sortorder`, `actionname`, `domain`, `actionclass`) VALUES ('rptis.landtax.actions.RemoveLedgerItem', 'remove-bill-item', 'Remove Ledger Item', '11', 'remove-bill-item', 'landtax', 'rptis.landtax.actions.RemoveLedgerItem');
INSERT IGNORE INTO `sys_rule_actiondef` (`objid`, `name`, `title`, `sortorder`, `actionname`, `domain`, `actionclass`) VALUES ('rptis.landtax.actions.SetBillExpiryDate', 'set-bill-expiry', 'Set Bill Expiry Date', '20', 'set-bill-expiry', 'landtax', 'rptis.landtax.actions.SetBillExpiryDate');
INSERT IGNORE INTO `sys_rule_actiondef` (`objid`, `name`, `title`, `sortorder`, `actionname`, `domain`, `actionclass`) VALUES ('rptis.landtax.actions.SplitByQtr', 'split-by-qtr', 'Split By Quarter', '0', 'split-by-qtr', 'LANDTAX', 'rptis.landtax.actions.SplitByQtr');
INSERT IGNORE INTO `sys_rule_actiondef` (`objid`, `name`, `title`, `sortorder`, `actionname`, `domain`, `actionclass`) VALUES ('rptis.landtax.actions.SplitLedgerItem', 'split-bill-item', 'Split Ledger Item', '10', 'split-bill-item', 'landtax', 'rptis.landtax.actions.SplitLedgerItem');
INSERT IGNORE INTO `sys_rule_actiondef` (`objid`, `name`, `title`, `sortorder`, `actionname`, `domain`, `actionclass`) VALUES ('rptis.landtax.actions.UpdateAV', 'update-av', 'Update AV', '1000', 'update-av', 'LANDTAX', 'rptis.landtax.actions.UpdateAV');

INSERT IGNORE INTO `sys_rule_actiondef_param` (`objid`, `parentid`, `name`, `sortorder`, `title`, `datatype`, `handler`, `lookuphandler`, `lookupkey`, `lookupvalue`, `vardatatype`, `lovname`) VALUES ('rptis.landtax.actions.AddBasic.av', 'rptis.landtax.actions.AddBasic', 'av', '3', 'AV', NULL, 'expression', NULL, NULL, NULL, NULL, NULL);
INSERT IGNORE INTO `sys_rule_actiondef_param` (`objid`, `parentid`, `name`, `sortorder`, `title`, `datatype`, `handler`, `lookuphandler`, `lookupkey`, `lookupvalue`, `vardatatype`, `lovname`) VALUES ('rptis.landtax.actions.AddBasic.avfact', 'rptis.landtax.actions.AddBasic', 'avfact', '1', 'AV Info', NULL, 'var', NULL, NULL, NULL, 'rptis.landtax.facts.AssessedValue', NULL);
INSERT IGNORE INTO `sys_rule_actiondef_param` (`objid`, `parentid`, `name`, `sortorder`, `title`, `datatype`, `handler`, `lookuphandler`, `lookupkey`, `lookupvalue`, `vardatatype`, `lovname`) VALUES ('rptis.landtax.actions.AddBasic.year', 'rptis.landtax.actions.AddBasic', 'year', '2', 'Year', NULL, 'var', NULL, NULL, NULL, 'integer', NULL);
INSERT IGNORE INTO `sys_rule_actiondef_param` (`objid`, `parentid`, `name`, `sortorder`, `title`, `datatype`, `handler`, `lookuphandler`, `lookupkey`, `lookupvalue`, `vardatatype`, `lovname`) VALUES ('rptis.landtax.actions.AddBillItem.taxsummary', 'rptis.landtax.actions.AddBillItem', 'taxsummary', '1', 'Tax Summary', NULL, 'var', NULL, NULL, NULL, 'rptis.landtax.facts.RPTLedgerTaxSummaryFact', NULL);
INSERT IGNORE INTO `sys_rule_actiondef_param` (`objid`, `parentid`, `name`, `sortorder`, `title`, `datatype`, `handler`, `lookuphandler`, `lookupkey`, `lookupvalue`, `vardatatype`, `lovname`) VALUES ('rptis.landtax.actions.AddFireCode.av', 'rptis.landtax.actions.AddFireCode', 'av', '3', 'AV', NULL, 'expression', NULL, NULL, NULL, NULL, NULL);
INSERT IGNORE INTO `sys_rule_actiondef_param` (`objid`, `parentid`, `name`, `sortorder`, `title`, `datatype`, `handler`, `lookuphandler`, `lookupkey`, `lookupvalue`, `vardatatype`, `lovname`) VALUES ('rptis.landtax.actions.AddFireCode.avfact', 'rptis.landtax.actions.AddFireCode', 'avfact', '1', 'AV Info', NULL, 'var', NULL, NULL, NULL, 'rptis.landtax.facts.AssessedValue', NULL);
INSERT IGNORE INTO `sys_rule_actiondef_param` (`objid`, `parentid`, `name`, `sortorder`, `title`, `datatype`, `handler`, `lookuphandler`, `lookupkey`, `lookupvalue`, `vardatatype`, `lovname`) VALUES ('rptis.landtax.actions.AddFireCode.year', 'rptis.landtax.actions.AddFireCode', 'year', '2', 'Year', NULL, 'var', NULL, NULL, NULL, 'integer', NULL);
INSERT IGNORE INTO `sys_rule_actiondef_param` (`objid`, `parentid`, `name`, `sortorder`, `title`, `datatype`, `handler`, `lookuphandler`, `lookupkey`, `lookupvalue`, `vardatatype`, `lovname`) VALUES ('rptis.landtax.actions.AddIdleLand.av', 'rptis.landtax.actions.AddIdleLand', 'av', '3', 'AV', NULL, 'expression', NULL, NULL, NULL, NULL, NULL);
INSERT IGNORE INTO `sys_rule_actiondef_param` (`objid`, `parentid`, `name`, `sortorder`, `title`, `datatype`, `handler`, `lookuphandler`, `lookupkey`, `lookupvalue`, `vardatatype`, `lovname`) VALUES ('rptis.landtax.actions.AddIdleLand.avfact', 'rptis.landtax.actions.AddIdleLand', 'avfact', '1', 'AV Info', NULL, 'var', NULL, NULL, NULL, 'rptis.landtax.facts.AssessedValue', NULL);
INSERT IGNORE INTO `sys_rule_actiondef_param` (`objid`, `parentid`, `name`, `sortorder`, `title`, `datatype`, `handler`, `lookuphandler`, `lookupkey`, `lookupvalue`, `vardatatype`, `lovname`) VALUES ('rptis.landtax.actions.AddIdleLand.year', 'rptis.landtax.actions.AddIdleLand', 'year', '2', 'Year', NULL, 'var', NULL, NULL, NULL, NULL, NULL);
INSERT IGNORE INTO `sys_rule_actiondef_param` (`objid`, `parentid`, `name`, `sortorder`, `title`, `datatype`, `handler`, `lookuphandler`, `lookupkey`, `lookupvalue`, `vardatatype`, `lovname`) VALUES ('rptis.landtax.actions.AddSef.av', 'rptis.landtax.actions.AddSef', 'av', '3', 'AV', NULL, 'expression', NULL, NULL, NULL, NULL, NULL);
INSERT IGNORE INTO `sys_rule_actiondef_param` (`objid`, `parentid`, `name`, `sortorder`, `title`, `datatype`, `handler`, `lookuphandler`, `lookupkey`, `lookupvalue`, `vardatatype`, `lovname`) VALUES ('rptis.landtax.actions.AddSef.avfact', 'rptis.landtax.actions.AddSef', 'avfact', '1', 'AV Info', NULL, 'var', NULL, NULL, NULL, 'rptis.landtax.facts.AssessedValue', NULL);
INSERT IGNORE INTO `sys_rule_actiondef_param` (`objid`, `parentid`, `name`, `sortorder`, `title`, `datatype`, `handler`, `lookuphandler`, `lookupkey`, `lookupvalue`, `vardatatype`, `lovname`) VALUES ('rptis.landtax.actions.AddSef.year', 'rptis.landtax.actions.AddSef', 'year', '2', 'Year', NULL, 'var', NULL, NULL, NULL, 'integer', NULL);
INSERT IGNORE INTO `sys_rule_actiondef_param` (`objid`, `parentid`, `name`, `sortorder`, `title`, `datatype`, `handler`, `lookuphandler`, `lookupkey`, `lookupvalue`, `vardatatype`, `lovname`) VALUES ('rptis.landtax.actions.AddShare.amtdue', 'rptis.landtax.actions.AddShare', 'amtdue', '5', 'Amount Due', NULL, 'expression', NULL, NULL, NULL, NULL, NULL);
INSERT IGNORE INTO `sys_rule_actiondef_param` (`objid`, `parentid`, `name`, `sortorder`, `title`, `datatype`, `handler`, `lookuphandler`, `lookupkey`, `lookupvalue`, `vardatatype`, `lovname`) VALUES ('rptis.landtax.actions.AddShare.billitem', 'rptis.landtax.actions.AddShare', 'billitem', '1', 'Bill Item', NULL, 'var', NULL, NULL, NULL, 'rptis.landtax.facts.RPTBillItem', NULL);
INSERT IGNORE INTO `sys_rule_actiondef_param` (`objid`, `parentid`, `name`, `sortorder`, `title`, `datatype`, `handler`, `lookuphandler`, `lookupkey`, `lookupvalue`, `vardatatype`, `lovname`) VALUES ('rptis.landtax.actions.AddShare.orgclass', 'rptis.landtax.actions.AddShare', 'orgclass', '2', 'Share Type', NULL, 'lov', NULL, NULL, NULL, NULL, 'RPT_BILLING_LGU_TYPES');
INSERT IGNORE INTO `sys_rule_actiondef_param` (`objid`, `parentid`, `name`, `sortorder`, `title`, `datatype`, `handler`, `lookuphandler`, `lookupkey`, `lookupvalue`, `vardatatype`, `lovname`) VALUES ('rptis.landtax.actions.AddShare.orgid', 'rptis.landtax.actions.AddShare', 'orgid', '3', 'Org', NULL, 'var', 'org:lookup', 'objid', 'name', 'String', NULL);
INSERT IGNORE INTO `sys_rule_actiondef_param` (`objid`, `parentid`, `name`, `sortorder`, `title`, `datatype`, `handler`, `lookuphandler`, `lookupkey`, `lookupvalue`, `vardatatype`, `lovname`) VALUES ('rptis.landtax.actions.AddShare.payableparentacct', 'rptis.landtax.actions.AddShare', 'payableparentacct', '4', 'Payable Account', NULL, 'lookup', 'revenueitem:lookup', 'objid', 'title', NULL, NULL);
INSERT IGNORE INTO `sys_rule_actiondef_param` (`objid`, `parentid`, `name`, `sortorder`, `title`, `datatype`, `handler`, `lookuphandler`, `lookupkey`, `lookupvalue`, `vardatatype`, `lovname`) VALUES ('rptis.landtax.actions.AddShare.rate', 'rptis.landtax.actions.AddShare', 'rate', '6', 'Share (decimal)', NULL, 'expression', NULL, NULL, NULL, NULL, NULL);
INSERT IGNORE INTO `sys_rule_actiondef_param` (`objid`, `parentid`, `name`, `sortorder`, `title`, `datatype`, `handler`, `lookuphandler`, `lookupkey`, `lookupvalue`, `vardatatype`, `lovname`) VALUES ('rptis.landtax.actions.AddSocialHousing.av', 'rptis.landtax.actions.AddSocialHousing', 'av', '3', 'AV', NULL, 'expression', NULL, NULL, NULL, NULL, NULL);
INSERT IGNORE INTO `sys_rule_actiondef_param` (`objid`, `parentid`, `name`, `sortorder`, `title`, `datatype`, `handler`, `lookuphandler`, `lookupkey`, `lookupvalue`, `vardatatype`, `lovname`) VALUES ('rptis.landtax.actions.AddSocialHousing.avfact', 'rptis.landtax.actions.AddSocialHousing', 'avfact', '1', 'AV Info', NULL, 'var', NULL, NULL, NULL, 'rptis.landtax.facts.AssessedValue', NULL);
INSERT IGNORE INTO `sys_rule_actiondef_param` (`objid`, `parentid`, `name`, `sortorder`, `title`, `datatype`, `handler`, `lookuphandler`, `lookupkey`, `lookupvalue`, `vardatatype`, `lovname`) VALUES ('rptis.landtax.actions.AddSocialHousing.year', 'rptis.landtax.actions.AddSocialHousing', 'year', '2', 'Year', NULL, 'var', NULL, NULL, NULL, NULL, NULL);
INSERT IGNORE INTO `sys_rule_actiondef_param` (`objid`, `parentid`, `name`, `sortorder`, `title`, `datatype`, `handler`, `lookuphandler`, `lookupkey`, `lookupvalue`, `vardatatype`, `lovname`) VALUES ('rptis.landtax.actions.AggregateLedgerItem.rptledgeritem', 'rptis.landtax.actions.AggregateLedgerItem', 'rptledgeritem', '1', 'Ledger Item', NULL, 'var', NULL, NULL, NULL, 'rptis.landtax.facts.RPTLedgerItemFact', NULL);
INSERT IGNORE INTO `sys_rule_actiondef_param` (`objid`, `parentid`, `name`, `sortorder`, `title`, `datatype`, `handler`, `lookuphandler`, `lookupkey`, `lookupvalue`, `vardatatype`, `lovname`) VALUES ('rptis.landtax.actions.CalcDiscount.expr', 'rptis.landtax.actions.CalcDiscount', 'expr', '2', 'Computation', NULL, 'expression', NULL, NULL, NULL, NULL, NULL);
INSERT IGNORE INTO `sys_rule_actiondef_param` (`objid`, `parentid`, `name`, `sortorder`, `title`, `datatype`, `handler`, `lookuphandler`, `lookupkey`, `lookupvalue`, `vardatatype`, `lovname`) VALUES ('rptis.landtax.actions.CalcDiscount.rptledgeritem', 'rptis.landtax.actions.CalcDiscount', 'rptledgeritem', '1', 'Ledger Item', NULL, 'var', NULL, NULL, NULL, 'rptis.landtax.facts.RPTLedgerItemFact', NULL);
INSERT IGNORE INTO `sys_rule_actiondef_param` (`objid`, `parentid`, `name`, `sortorder`, `title`, `datatype`, `handler`, `lookuphandler`, `lookupkey`, `lookupvalue`, `vardatatype`, `lovname`) VALUES ('rptis.landtax.actions.CalcInterest.expr', 'rptis.landtax.actions.CalcInterest', 'expr', '2', 'Computation', NULL, 'expression', NULL, NULL, NULL, NULL, NULL);
INSERT IGNORE INTO `sys_rule_actiondef_param` (`objid`, `parentid`, `name`, `sortorder`, `title`, `datatype`, `handler`, `lookuphandler`, `lookupkey`, `lookupvalue`, `vardatatype`, `lovname`) VALUES ('rptis.landtax.actions.CalcInterest.rptledgeritem', 'rptis.landtax.actions.CalcInterest', 'rptledgeritem', '1', 'Ledger Item', NULL, 'var', NULL, NULL, NULL, 'rptis.landtax.facts.RPTLedgerItemFact', NULL);
INSERT IGNORE INTO `sys_rule_actiondef_param` (`objid`, `parentid`, `name`, `sortorder`, `title`, `datatype`, `handler`, `lookuphandler`, `lookupkey`, `lookupvalue`, `vardatatype`, `lovname`) VALUES ('rptis.landtax.actions.CalcTax.expr', 'rptis.landtax.actions.CalcTax', 'expr', '2', 'Computation', NULL, 'expression', NULL, NULL, NULL, NULL, NULL);
INSERT IGNORE INTO `sys_rule_actiondef_param` (`objid`, `parentid`, `name`, `sortorder`, `title`, `datatype`, `handler`, `lookuphandler`, `lookupkey`, `lookupvalue`, `vardatatype`, `lovname`) VALUES ('rptis.landtax.actions.CalcTax.rptledgeritem', 'rptis.landtax.actions.CalcTax', 'rptledgeritem', '1', 'Ledger Item', NULL, 'var', NULL, NULL, NULL, 'rptis.landtax.facts.RPTLedgerItemFact', NULL);
INSERT IGNORE INTO `sys_rule_actiondef_param` (`objid`, `parentid`, `name`, `sortorder`, `title`, `datatype`, `handler`, `lookuphandler`, `lookupkey`, `lookupvalue`, `vardatatype`, `lovname`) VALUES ('rptis.landtax.actions.CreateTaxSummary.revperiod', 'rptis.landtax.actions.CreateTaxSummary', 'revperiod', '2', 'Revenue Period', NULL, 'lov', NULL, NULL, NULL, NULL, 'RPT_REVENUE_PERIODS');
INSERT IGNORE INTO `sys_rule_actiondef_param` (`objid`, `parentid`, `name`, `sortorder`, `title`, `datatype`, `handler`, `lookuphandler`, `lookupkey`, `lookupvalue`, `vardatatype`, `lovname`) VALUES ('rptis.landtax.actions.CreateTaxSummary.rptledgeritem', 'rptis.landtax.actions.CreateTaxSummary', 'rptledgeritem', '1', 'RPT Ledger Item', '', 'var', '', '', '', 'rptis.landtax.facts.RPTLedgerItemFact', '');
INSERT IGNORE INTO `sys_rule_actiondef_param` (`objid`, `parentid`, `name`, `sortorder`, `title`, `datatype`, `handler`, `lookuphandler`, `lookupkey`, `lookupvalue`, `vardatatype`, `lovname`) VALUES ('rptis.landtax.actions.CreateTaxSummary.var', 'rptis.landtax.actions.CreateTaxSummary', 'var', '3', 'Variable Name', NULL, 'lookup', 'rptparameter:lookup', 'name', 'name', NULL, '');
INSERT IGNORE INTO `sys_rule_actiondef_param` (`objid`, `parentid`, `name`, `sortorder`, `title`, `datatype`, `handler`, `lookuphandler`, `lookupkey`, `lookupvalue`, `vardatatype`, `lovname`) VALUES ('rptis.landtax.actions.RemoveLedgerItem.rptledgeritem', 'rptis.landtax.actions.RemoveLedgerItem', 'rptledgeritem', '1', 'Ledger Item', NULL, 'var', NULL, NULL, NULL, 'rptis.landtax.facts.RPTLedgerItemFact', NULL);
INSERT IGNORE INTO `sys_rule_actiondef_param` (`objid`, `parentid`, `name`, `sortorder`, `title`, `datatype`, `handler`, `lookuphandler`, `lookupkey`, `lookupvalue`, `vardatatype`, `lovname`) VALUES ('rptis.landtax.actions.SetBillExpiryDate.bill', 'rptis.landtax.actions.SetBillExpiryDate', 'bill', '1', 'Bill', NULL, 'var', NULL, NULL, NULL, 'rptis.landtax.facts.Bill', NULL);
INSERT IGNORE INTO `sys_rule_actiondef_param` (`objid`, `parentid`, `name`, `sortorder`, `title`, `datatype`, `handler`, `lookuphandler`, `lookupkey`, `lookupvalue`, `vardatatype`, `lovname`) VALUES ('rptis.landtax.actions.SetBillExpiryDate.expr', 'rptis.landtax.actions.SetBillExpiryDate', 'expr', '2', 'Expiry Date', NULL, 'expression', NULL, NULL, NULL, NULL, NULL);
INSERT IGNORE INTO `sys_rule_actiondef_param` (`objid`, `parentid`, `name`, `sortorder`, `title`, `datatype`, `handler`, `lookuphandler`, `lookupkey`, `lookupvalue`, `vardatatype`, `lovname`) VALUES ('rptis.landtax.actions.SplitByQtr.rptledgeritem', 'rptis.landtax.actions.SplitByQtr', 'rptledgeritem', '1', 'Ledger Item', NULL, 'var', NULL, NULL, NULL, 'rptis.landtax.facts.RPTLedgerItemFact', NULL);
INSERT IGNORE INTO `sys_rule_actiondef_param` (`objid`, `parentid`, `name`, `sortorder`, `title`, `datatype`, `handler`, `lookuphandler`, `lookupkey`, `lookupvalue`, `vardatatype`, `lovname`) VALUES ('rptis.landtax.actions.SplitLedgerItem.rptledgeritem', 'rptis.landtax.actions.SplitLedgerItem', 'rptledgeritem', '1', 'Ledger Item', NULL, 'var', NULL, NULL, NULL, 'rptis.landtax.facts.RPTLedgerItemFact', NULL);
INSERT IGNORE INTO `sys_rule_actiondef_param` (`objid`, `parentid`, `name`, `sortorder`, `title`, `datatype`, `handler`, `lookuphandler`, `lookupkey`, `lookupvalue`, `vardatatype`, `lovname`) VALUES ('rptis.landtax.actions.UpdateAV.avfact', 'rptis.landtax.actions.UpdateAV', 'avfact', '1', 'Assessed Value', NULL, 'var', NULL, NULL, NULL, 'rptis.landtax.facts.AssessedValue', NULL);
INSERT IGNORE INTO `sys_rule_actiondef_param` (`objid`, `parentid`, `name`, `sortorder`, `title`, `datatype`, `handler`, `lookuphandler`, `lookupkey`, `lookupvalue`, `vardatatype`, `lovname`) VALUES ('rptis.landtax.actions.UpdateAV.expr', 'rptis.landtax.actions.UpdateAV', 'expr', '2', 'Computation', NULL, 'expression', NULL, NULL, NULL, NULL, NULL);

INSERT IGNORE INTO `sys_rule_action_param` (`objid`, `parentid`, `actiondefparam_objid`, `stringvalue`, `booleanvalue`, `var_objid`, `var_name`, `expr`, `exprtype`, `pos`, `obj_key`, `obj_value`, `listvalue`, `lov`, `rangeoption`) VALUES ('RAP-17442746:16be936f033:-7e80', 'RA-17442746:16be936f033:-7e82', 'rptis.landtax.actions.CalcTax.rptledgeritem', NULL, NULL, 'RC-17442746:16be936f033:-7e86', 'RLI', NULL, NULL, NULL, NULL, NULL, NULL, NULL, NULL);
INSERT IGNORE INTO `sys_rule_action_param` (`objid`, `parentid`, `actiondefparam_objid`, `stringvalue`, `booleanvalue`, `var_objid`, `var_name`, `expr`, `exprtype`, `pos`, `obj_key`, `obj_value`, `listvalue`, `lov`, `rangeoption`) VALUES ('RAP-17442746:16be936f033:-7e81', 'RA-17442746:16be936f033:-7e82', 'rptis.landtax.actions.CalcTax.expr', NULL, NULL, NULL, NULL, 'AV * 0.01', 'expression', NULL, NULL, NULL, NULL, NULL, NULL);
INSERT IGNORE INTO `sys_rule_action_param` (`objid`, `parentid`, `actiondefparam_objid`, `stringvalue`, `booleanvalue`, `var_objid`, `var_name`, `expr`, `exprtype`, `pos`, `obj_key`, `obj_value`, `listvalue`, `lov`, `rangeoption`) VALUES ('RAP-287581a5:180558e600d:-7d58', 'RA-287581a5:180558e600d:-7d5a', 'rptis.landtax.actions.CalcDiscount.expr', NULL, NULL, NULL, NULL, '@ROUND(TAX * 0.20)', 'expression', NULL, NULL, NULL, NULL, NULL, NULL);
INSERT IGNORE INTO `sys_rule_action_param` (`objid`, `parentid`, `actiondefparam_objid`, `stringvalue`, `booleanvalue`, `var_objid`, `var_name`, `expr`, `exprtype`, `pos`, `obj_key`, `obj_value`, `listvalue`, `lov`, `rangeoption`) VALUES ('RAP-287581a5:180558e600d:-7d59', 'RA-287581a5:180558e600d:-7d5a', 'rptis.landtax.actions.CalcDiscount.rptledgeritem', NULL, NULL, 'RC-287581a5:180558e600d:-7d5d', 'RLI', NULL, NULL, NULL, NULL, NULL, NULL, NULL, NULL);
INSERT IGNORE INTO `sys_rule_action_param` (`objid`, `parentid`, `actiondefparam_objid`, `stringvalue`, `booleanvalue`, `var_objid`, `var_name`, `expr`, `exprtype`, `pos`, `obj_key`, `obj_value`, `listvalue`, `lov`, `rangeoption`) VALUES ('RAP122cd182:16b250d7a42:-1235', 'RA122cd182:16b250d7a42:-1237', 'rptis.landtax.actions.CalcInterest.rptledgeritem', NULL, NULL, 'RC122cd182:16b250d7a42:-123b', 'RLI', NULL, NULL, NULL, NULL, NULL, NULL, NULL, NULL);
INSERT IGNORE INTO `sys_rule_action_param` (`objid`, `parentid`, `actiondefparam_objid`, `stringvalue`, `booleanvalue`, `var_objid`, `var_name`, `expr`, `exprtype`, `pos`, `obj_key`, `obj_value`, `listvalue`, `lov`, `rangeoption`) VALUES ('RAP122cd182:16b250d7a42:-1236', 'RA122cd182:16b250d7a42:-1237', 'rptis.landtax.actions.CalcInterest.expr', NULL, NULL, NULL, NULL, '@ROUND(TAX * 0.24)', 'expression', NULL, NULL, NULL, NULL, NULL, NULL);
INSERT IGNORE INTO `sys_rule_action_param` (`objid`, `parentid`, `actiondefparam_objid`, `stringvalue`, `booleanvalue`, `var_objid`, `var_name`, `expr`, `exprtype`, `pos`, `obj_key`, `obj_value`, `listvalue`, `lov`, `rangeoption`) VALUES ('RAP122cd182:16b250d7a42:-8f5', 'RA122cd182:16b250d7a42:-8f7', 'rptis.landtax.actions.CalcInterest.rptledgeritem', NULL, NULL, 'RC122cd182:16b250d7a42:-8fe', 'RLI', NULL, NULL, NULL, NULL, NULL, NULL, NULL, NULL);
INSERT IGNORE INTO `sys_rule_action_param` (`objid`, `parentid`, `actiondefparam_objid`, `stringvalue`, `booleanvalue`, `var_objid`, `var_name`, `expr`, `exprtype`, `pos`, `obj_key`, `obj_value`, `listvalue`, `lov`, `rangeoption`) VALUES ('RAP122cd182:16b250d7a42:-8f6', 'RA122cd182:16b250d7a42:-8f7', 'rptis.landtax.actions.CalcInterest.expr', NULL, NULL, NULL, NULL, '@ROUND(@IIF( NMON * 0.02 > 0.72, TAX * 0.72, TAX * NMON * 0.02))', 'expression', NULL, NULL, NULL, NULL, NULL, NULL);
INSERT IGNORE INTO `sys_rule_action_param` (`objid`, `parentid`, `actiondefparam_objid`, `stringvalue`, `booleanvalue`, `var_objid`, `var_name`, `expr`, `exprtype`, `pos`, `obj_key`, `obj_value`, `listvalue`, `lov`, `rangeoption`) VALUES ('RAP440e47f4:166ae4152f1:-7fba', 'RA440e47f4:166ae4152f1:-7fbc', 'rptis.landtax.actions.CreateTaxSummary.rptledgeritem', NULL, NULL, 'RC440e47f4:166ae4152f1:-7fc0', 'RLI', NULL, NULL, NULL, NULL, NULL, NULL, NULL, NULL);
INSERT IGNORE INTO `sys_rule_action_param` (`objid`, `parentid`, `actiondefparam_objid`, `stringvalue`, `booleanvalue`, `var_objid`, `var_name`, `expr`, `exprtype`, `pos`, `obj_key`, `obj_value`, `listvalue`, `lov`, `rangeoption`) VALUES ('RAP440e47f4:166ae4152f1:-7fbb', 'RA440e47f4:166ae4152f1:-7fbc', 'rptis.landtax.actions.CreateTaxSummary.revperiod', NULL, NULL, NULL, NULL, NULL, NULL, NULL, NULL, NULL, NULL, 'previous', NULL);
INSERT IGNORE INTO `sys_rule_action_param` (`objid`, `parentid`, `actiondefparam_objid`, `stringvalue`, `booleanvalue`, `var_objid`, `var_name`, `expr`, `exprtype`, `pos`, `obj_key`, `obj_value`, `listvalue`, `lov`, `rangeoption`) VALUES ('RAP7280357:166235c1be7:-7fa9', 'RA7280357:166235c1be7:-7fab', 'rptis.landtax.actions.CreateTaxSummary.rptledgeritem', NULL, NULL, 'RC7280357:166235c1be7:-7faf', 'RLI', NULL, NULL, NULL, NULL, NULL, NULL, NULL, NULL);
INSERT IGNORE INTO `sys_rule_action_param` (`objid`, `parentid`, `actiondefparam_objid`, `stringvalue`, `booleanvalue`, `var_objid`, `var_name`, `expr`, `exprtype`, `pos`, `obj_key`, `obj_value`, `listvalue`, `lov`, `rangeoption`) VALUES ('RAP7280357:166235c1be7:-7faa', 'RA7280357:166235c1be7:-7fab', 'rptis.landtax.actions.CreateTaxSummary.revperiod', NULL, NULL, NULL, NULL, NULL, NULL, NULL, NULL, NULL, NULL, 'advance', NULL);
INSERT IGNORE INTO `sys_rule_action_param` (`objid`, `parentid`, `actiondefparam_objid`, `stringvalue`, `booleanvalue`, `var_objid`, `var_name`, `expr`, `exprtype`, `pos`, `obj_key`, `obj_value`, `listvalue`, `lov`, `rangeoption`) VALUES ('RAP7280357:166235c1be7:-7fb0', 'RA7280357:166235c1be7:-7fb2', 'rptis.landtax.actions.CreateTaxSummary.rptledgeritem', NULL, NULL, 'RC7280357:166235c1be7:-7fb6', 'RLI', NULL, NULL, NULL, NULL, NULL, NULL, NULL, NULL);
INSERT IGNORE INTO `sys_rule_action_param` (`objid`, `parentid`, `actiondefparam_objid`, `stringvalue`, `booleanvalue`, `var_objid`, `var_name`, `expr`, `exprtype`, `pos`, `obj_key`, `obj_value`, `listvalue`, `lov`, `rangeoption`) VALUES ('RAP7280357:166235c1be7:-7fb1', 'RA7280357:166235c1be7:-7fb2', 'rptis.landtax.actions.CreateTaxSummary.revperiod', NULL, NULL, NULL, NULL, NULL, NULL, NULL, NULL, NULL, NULL, 'current', NULL);
INSERT IGNORE INTO `sys_rule_action_param` (`objid`, `parentid`, `actiondefparam_objid`, `stringvalue`, `booleanvalue`, `var_objid`, `var_name`, `expr`, `exprtype`, `pos`, `obj_key`, `obj_value`, `listvalue`, `lov`, `rangeoption`) VALUES ('RAP7280357:166235c1be7:-7fb7', 'RA7280357:166235c1be7:-7fb9', 'rptis.landtax.actions.SetBillExpiryDate.bill', NULL, NULL, 'RC7280357:166235c1be7:-7fc0', 'BILL', NULL, NULL, NULL, NULL, NULL, NULL, NULL, NULL);
INSERT IGNORE INTO `sys_rule_action_param` (`objid`, `parentid`, `actiondefparam_objid`, `stringvalue`, `booleanvalue`, `var_objid`, `var_name`, `expr`, `exprtype`, `pos`, `obj_key`, `obj_value`, `listvalue`, `lov`, `rangeoption`) VALUES ('RAP7280357:166235c1be7:-7fb8', 'RA7280357:166235c1be7:-7fb9', 'rptis.landtax.actions.SetBillExpiryDate.expr', NULL, NULL, NULL, NULL, '@MONTHEND(@DATE(CY, 12, 1));', 'expression', NULL, NULL, NULL, NULL, NULL, NULL);
INSERT IGNORE INTO `sys_rule_action_param` (`objid`, `parentid`, `actiondefparam_objid`, `stringvalue`, `booleanvalue`, `var_objid`, `var_name`, `expr`, `exprtype`, `pos`, `obj_key`, `obj_value`, `listvalue`, `lov`, `rangeoption`) VALUES ('RAP7280357:166235c1be7:-7fca', 'RA7280357:166235c1be7:-7fcc', 'rptis.landtax.actions.CalcDiscount.rptledgeritem', NULL, NULL, 'RC7280357:166235c1be7:-7fd4', 'RLI', NULL, NULL, NULL, NULL, NULL, NULL, NULL, NULL);
INSERT IGNORE INTO `sys_rule_action_param` (`objid`, `parentid`, `actiondefparam_objid`, `stringvalue`, `booleanvalue`, `var_objid`, `var_name`, `expr`, `exprtype`, `pos`, `obj_key`, `obj_value`, `listvalue`, `lov`, `rangeoption`) VALUES ('RAP7280357:166235c1be7:-7fcb', 'RA7280357:166235c1be7:-7fcc', 'rptis.landtax.actions.CalcDiscount.expr', NULL, NULL, NULL, NULL, '@ROUND(TAX * 0.20)', 'expression', NULL, NULL, NULL, NULL, NULL, NULL);
INSERT IGNORE INTO `sys_rule_action_param` (`objid`, `parentid`, `actiondefparam_objid`, `stringvalue`, `booleanvalue`, `var_objid`, `var_name`, `expr`, `exprtype`, `pos`, `obj_key`, `obj_value`, `listvalue`, `lov`, `rangeoption`) VALUES ('RULACT-1a2d6e9b:1692d429304:-7607', 'RACT-1a2d6e9b:1692d429304:-7649', 'rptis.landtax.actions.AddSef.av', NULL, NULL, NULL, NULL, 'AV', 'expression', NULL, NULL, NULL, NULL, NULL, NULL);
INSERT IGNORE INTO `sys_rule_action_param` (`objid`, `parentid`, `actiondefparam_objid`, `stringvalue`, `booleanvalue`, `var_objid`, `var_name`, `expr`, `exprtype`, `pos`, `obj_key`, `obj_value`, `listvalue`, `lov`, `rangeoption`) VALUES ('RULACT-1a2d6e9b:1692d429304:-7622', 'RACT-1a2d6e9b:1692d429304:-7649', 'rptis.landtax.actions.AddSef.year', NULL, NULL, 'RCONST-1a2d6e9b:1692d429304:-7747', 'YR', NULL, NULL, NULL, NULL, NULL, NULL, NULL, NULL);
INSERT IGNORE INTO `sys_rule_action_param` (`objid`, `parentid`, `actiondefparam_objid`, `stringvalue`, `booleanvalue`, `var_objid`, `var_name`, `expr`, `exprtype`, `pos`, `obj_key`, `obj_value`, `listvalue`, `lov`, `rangeoption`) VALUES ('RULACT-1a2d6e9b:1692d429304:-7639', 'RACT-1a2d6e9b:1692d429304:-7649', 'rptis.landtax.actions.AddSef.avfact', NULL, NULL, 'RCOND-1a2d6e9b:1692d429304:-7748', 'AVINFO', NULL, NULL, NULL, NULL, NULL, NULL, NULL, NULL);
INSERT IGNORE INTO `sys_rule_action_param` (`objid`, `parentid`, `actiondefparam_objid`, `stringvalue`, `booleanvalue`, `var_objid`, `var_name`, `expr`, `exprtype`, `pos`, `obj_key`, `obj_value`, `listvalue`, `lov`, `rangeoption`) VALUES ('RULACT-1a2d6e9b:1692d429304:-76bc', 'RACT-1a2d6e9b:1692d429304:-7700', 'rptis.landtax.actions.AddBasic.av', NULL, NULL, NULL, NULL, 'AV', 'expression', NULL, NULL, NULL, NULL, NULL, NULL);
INSERT IGNORE INTO `sys_rule_action_param` (`objid`, `parentid`, `actiondefparam_objid`, `stringvalue`, `booleanvalue`, `var_objid`, `var_name`, `expr`, `exprtype`, `pos`, `obj_key`, `obj_value`, `listvalue`, `lov`, `rangeoption`) VALUES ('RULACT-1a2d6e9b:1692d429304:-76d7', 'RACT-1a2d6e9b:1692d429304:-7700', 'rptis.landtax.actions.AddBasic.year', NULL, NULL, 'RCONST-1a2d6e9b:1692d429304:-7747', 'YR', NULL, NULL, NULL, NULL, NULL, NULL, NULL, NULL);
INSERT IGNORE INTO `sys_rule_action_param` (`objid`, `parentid`, `actiondefparam_objid`, `stringvalue`, `booleanvalue`, `var_objid`, `var_name`, `expr`, `exprtype`, `pos`, `obj_key`, `obj_value`, `listvalue`, `lov`, `rangeoption`) VALUES ('RULACT-1a2d6e9b:1692d429304:-76ef', 'RACT-1a2d6e9b:1692d429304:-7700', 'rptis.landtax.actions.AddBasic.avfact', NULL, NULL, 'RCOND-1a2d6e9b:1692d429304:-7748', 'AVINFO', NULL, NULL, NULL, NULL, NULL, NULL, NULL, NULL);
INSERT IGNORE INTO `sys_rule_action_param` (`objid`, `parentid`, `actiondefparam_objid`, `stringvalue`, `booleanvalue`, `var_objid`, `var_name`, `expr`, `exprtype`, `pos`, `obj_key`, `obj_value`, `listvalue`, `lov`, `rangeoption`) VALUES ('RULACT-2ede6703:16642adb9ce:-7926', 'RACT-2ede6703:16642adb9ce:-794c', 'rptis.landtax.actions.SetBillExpiryDate.expr', NULL, NULL, NULL, NULL, '@MONTHEND( BILLDATE )', 'expression', NULL, NULL, NULL, NULL, NULL, NULL);
INSERT IGNORE INTO `sys_rule_action_param` (`objid`, `parentid`, `actiondefparam_objid`, `stringvalue`, `booleanvalue`, `var_objid`, `var_name`, `expr`, `exprtype`, `pos`, `obj_key`, `obj_value`, `listvalue`, `lov`, `rangeoption`) VALUES ('RULACT-2ede6703:16642adb9ce:-793c', 'RACT-2ede6703:16642adb9ce:-794c', 'rptis.landtax.actions.SetBillExpiryDate.bill', NULL, NULL, 'RCOND-2ede6703:16642adb9ce:-7a39', 'BILL', NULL, NULL, NULL, NULL, NULL, NULL, NULL, NULL);
INSERT IGNORE INTO `sys_rule_action_param` (`objid`, `parentid`, `actiondefparam_objid`, `stringvalue`, `booleanvalue`, `var_objid`, `var_name`, `expr`, `exprtype`, `pos`, `obj_key`, `obj_value`, `listvalue`, `lov`, `rangeoption`) VALUES ('RULACT3e7cce43:16b25a6ae3b:-2728', 'RACT3e7cce43:16b25a6ae3b:-274e', 'rptis.landtax.actions.CalcInterest.expr', NULL, NULL, NULL, NULL, '@ROUND(TAX * NMON * 0.02)', 'expression', NULL, NULL, NULL, NULL, NULL, NULL);
INSERT IGNORE INTO `sys_rule_action_param` (`objid`, `parentid`, `actiondefparam_objid`, `stringvalue`, `booleanvalue`, `var_objid`, `var_name`, `expr`, `exprtype`, `pos`, `obj_key`, `obj_value`, `listvalue`, `lov`, `rangeoption`) VALUES ('RULACT3e7cce43:16b25a6ae3b:-273e', 'RACT3e7cce43:16b25a6ae3b:-274e', 'rptis.landtax.actions.CalcInterest.rptledgeritem', NULL, NULL, 'RC122cd182:16b250d7a42:-e9f', 'RLI', NULL, NULL, NULL, NULL, NULL, NULL, NULL, NULL);
INSERT IGNORE INTO `sys_rule_action_param` (`objid`, `parentid`, `actiondefparam_objid`, `stringvalue`, `booleanvalue`, `var_objid`, `var_name`, `expr`, `exprtype`, `pos`, `obj_key`, `obj_value`, `listvalue`, `lov`, `rangeoption`) VALUES ('RULACT560f5a64:1735a1dbaf4:-769d', 'RACT560f5a64:1735a1dbaf4:-76c3', 'rptis.landtax.actions.CalcInterest.expr', NULL, NULL, NULL, NULL, '0', 'expression', NULL, NULL, NULL, NULL, NULL, NULL);
INSERT IGNORE INTO `sys_rule_action_param` (`objid`, `parentid`, `actiondefparam_objid`, `stringvalue`, `booleanvalue`, `var_objid`, `var_name`, `expr`, `exprtype`, `pos`, `obj_key`, `obj_value`, `listvalue`, `lov`, `rangeoption`) VALUES ('RULACT560f5a64:1735a1dbaf4:-76b3', 'RACT560f5a64:1735a1dbaf4:-76c3', 'rptis.landtax.actions.CalcInterest.rptledgeritem', NULL, NULL, 'RCOND560f5a64:1735a1dbaf4:-7826', 'RLI', NULL, NULL, NULL, NULL, NULL, NULL, NULL, NULL);
INSERT IGNORE INTO `sys_rule_action_param` (`objid`, `parentid`, `actiondefparam_objid`, `stringvalue`, `booleanvalue`, `var_objid`, `var_name`, `expr`, `exprtype`, `pos`, `obj_key`, `obj_value`, `listvalue`, `lov`, `rangeoption`) VALUES ('RULACT5ffbdc02:166e7b2c367:-6203', 'RACT5ffbdc02:166e7b2c367:-6229', 'rptis.landtax.actions.CalcInterest.expr', NULL, NULL, NULL, NULL, 'TAX * NMON * 0.02', 'expression', NULL, NULL, NULL, NULL, NULL, NULL);
INSERT IGNORE INTO `sys_rule_action_param` (`objid`, `parentid`, `actiondefparam_objid`, `stringvalue`, `booleanvalue`, `var_objid`, `var_name`, `expr`, `exprtype`, `pos`, `obj_key`, `obj_value`, `listvalue`, `lov`, `rangeoption`) VALUES ('RULACT5ffbdc02:166e7b2c367:-6219', 'RACT5ffbdc02:166e7b2c367:-6229', 'rptis.landtax.actions.CalcInterest.rptledgeritem', NULL, NULL, 'RC70978a15:166ae6875d1:-7f22', 'RLI', NULL, NULL, NULL, NULL, NULL, NULL, NULL, NULL);
INSERT IGNORE INTO `sys_rule_action_param` (`objid`, `parentid`, `actiondefparam_objid`, `stringvalue`, `booleanvalue`, `var_objid`, `var_name`, `expr`, `exprtype`, `pos`, `obj_key`, `obj_value`, `listvalue`, `lov`, `rangeoption`) VALUES ('RULACTec9d7ab:166235c2e16:-248e', 'RACTec9d7ab:166235c2e16:-249a', 'rptis.landtax.actions.AddBillItem.taxsummary', NULL, NULL, 'RCONDec9d7ab:166235c2e16:-24fc', 'RLTS', NULL, NULL, NULL, NULL, NULL, NULL, NULL, NULL);
INSERT IGNORE INTO `sys_rule_action_param` (`objid`, `parentid`, `actiondefparam_objid`, `stringvalue`, `booleanvalue`, `var_objid`, `var_name`, `expr`, `exprtype`, `pos`, `obj_key`, `obj_value`, `listvalue`, `lov`, `rangeoption`) VALUES ('RULACTec9d7ab:166235c2e16:-2e08', 'RACTec9d7ab:166235c2e16:-2e2e', 'rptis.landtax.actions.SetBillExpiryDate.expr', NULL, NULL, NULL, NULL, '@MONTHEND( CDATE )', 'expression', NULL, NULL, NULL, NULL, NULL, NULL);
INSERT IGNORE INTO `sys_rule_action_param` (`objid`, `parentid`, `actiondefparam_objid`, `stringvalue`, `booleanvalue`, `var_objid`, `var_name`, `expr`, `exprtype`, `pos`, `obj_key`, `obj_value`, `listvalue`, `lov`, `rangeoption`) VALUES ('RULACTec9d7ab:166235c2e16:-2e1e', 'RACTec9d7ab:166235c2e16:-2e2e', 'rptis.landtax.actions.SetBillExpiryDate.bill', NULL, NULL, 'RCONDec9d7ab:166235c2e16:-2ec7', 'BILL', NULL, NULL, NULL, NULL, NULL, NULL, NULL, NULL);
INSERT IGNORE INTO `sys_rule_action_param` (`objid`, `parentid`, `actiondefparam_objid`, `stringvalue`, `booleanvalue`, `var_objid`, `var_name`, `expr`, `exprtype`, `pos`, `obj_key`, `obj_value`, `listvalue`, `lov`, `rangeoption`) VALUES ('RULACTec9d7ab:166235c2e16:-35a7', 'RACTec9d7ab:166235c2e16:-35b3', 'rptis.landtax.actions.SplitLedgerItem.rptledgeritem', NULL, NULL, 'RC7280357:166235c1be7:-7fc7', 'RLI', NULL, NULL, NULL, NULL, NULL, NULL, NULL, NULL);
INSERT IGNORE INTO `sys_rule_action_param` (`objid`, `parentid`, `actiondefparam_objid`, `stringvalue`, `booleanvalue`, `var_objid`, `var_name`, `expr`, `exprtype`, `pos`, `obj_key`, `obj_value`, `listvalue`, `lov`, `rangeoption`) VALUES ('RULACTec9d7ab:166235c2e16:-386d', 'RACTec9d7ab:166235c2e16:-3879', 'rptis.landtax.actions.AggregateLedgerItem.rptledgeritem', NULL, NULL, 'RCONDec9d7ab:166235c2e16:-3b0b', 'RLI', NULL, NULL, NULL, NULL, NULL, NULL, NULL, NULL);
INSERT IGNORE INTO `sys_rule_action_param` (`objid`, `parentid`, `actiondefparam_objid`, `stringvalue`, `booleanvalue`, `var_objid`, `var_name`, `expr`, `exprtype`, `pos`, `obj_key`, `obj_value`, `listvalue`, `lov`, `rangeoption`) VALUES ('RULACTec9d7ab:166235c2e16:-5b63', 'RACTec9d7ab:166235c2e16:-5b6f', 'rptis.landtax.actions.SplitByQtr.rptledgeritem', NULL, NULL, 'RCONDec9d7ab:166235c2e16:-5e7c', 'RLI', NULL, NULL, NULL, NULL, NULL, NULL, NULL, NULL);


/* RPT RULESETS AND RULES */
INSERT IGNORE INTO `sys_ruleset` (`name`, `title`, `packagename`, `domain`, `role`, `permission`) VALUES ('bldgassessment', 'Building Assessment Rules', 'bldgassessment', 'RPT', 'RULE_AUTHOR', NULL);
INSERT IGNORE INTO `sys_ruleset` (`name`, `title`, `packagename`, `domain`, `role`, `permission`) VALUES ('landassessment', 'Land Assessment Rules', 'landassessment', 'RPT', 'RULE_AUTHOR', NULL);
INSERT IGNORE INTO `sys_ruleset` (`name`, `title`, `packagename`, `domain`, `role`, `permission`) VALUES ('machassessment', 'Machinery Assessment Rules', 'machassessment', 'RPT', 'RULE_AUTHOR', NULL);
INSERT IGNORE INTO `sys_ruleset` (`name`, `title`, `packagename`, `domain`, `role`, `permission`) VALUES ('miscassessment', 'Miscellaneous Assessment Rules', 'miscassessment', 'RPT', 'RULE_AUTHOR', NULL);
INSERT IGNORE INTO `sys_ruleset` (`name`, `title`, `packagename`, `domain`, `role`, `permission`) VALUES ('planttreeassessment', 'Plant/Tree Assessment Rules', 'planttreeassessment', 'RPT', 'RULE_AUTHOR', NULL);
INSERT IGNORE INTO `sys_ruleset` (`name`, `title`, `packagename`, `domain`, `role`, `permission`) VALUES ('rptrequirement', 'RPT Requirement Rules', 'rptrequirement', 'RPT', 'RULE_AUTHOR', NULL);

INSERT IGNORE INTO `sys_rulegroup` (`name`, `ruleset`, `title`, `sortorder`) VALUES ('ADDITIONAL', 'bldgassessment', 'Additional Item Computation', '18');
INSERT IGNORE INTO `sys_rulegroup` (`name`, `ruleset`, `title`, `sortorder`) VALUES ('ADJUSTMENT', 'bldgassessment', 'Adjustment Computation', '25');
INSERT IGNORE INTO `sys_rulegroup` (`name`, `ruleset`, `title`, `sortorder`) VALUES ('ADJUSTMENT', 'landassessment', 'Adjustment Computation', '14');
INSERT IGNORE INTO `sys_rulegroup` (`name`, `ruleset`, `title`, `sortorder`) VALUES ('ADJUSTMENT', 'planttreeassessment', 'Adjustment Computation', '15');
INSERT IGNORE INTO `sys_rulegroup` (`name`, `ruleset`, `title`, `sortorder`) VALUES ('AFER-DEPRECIATION', 'miscassessment', 'After Depreciation Computation', '16');
INSERT IGNORE INTO `sys_rulegroup` (`name`, `ruleset`, `title`, `sortorder`) VALUES ('AFTER-ADDITIONAL', 'bldgassessment', 'After Additional Item Computation', '19');
INSERT IGNORE INTO `sys_rulegroup` (`name`, `ruleset`, `title`, `sortorder`) VALUES ('AFTER-ADJUSTMENT', 'bldgassessment', 'After Adjustment Computation', '30');
INSERT IGNORE INTO `sys_rulegroup` (`name`, `ruleset`, `title`, `sortorder`) VALUES ('AFTER-ADJUSTMENT', 'landassessment', 'After Adjustment Computation', '15');
INSERT IGNORE INTO `sys_rulegroup` (`name`, `ruleset`, `title`, `sortorder`) VALUES ('AFTER-ADJUSTMENT', 'planttreeassessment', 'AFter Adjustment Computation', '16');
INSERT IGNORE INTO `sys_rulegroup` (`name`, `ruleset`, `title`, `sortorder`) VALUES ('AFTER-ASSESSEDVALUE', 'landassessment', 'After Assessed Value Computation', '45');
INSERT IGNORE INTO `sys_rulegroup` (`name`, `ruleset`, `title`, `sortorder`) VALUES ('AFTER-ASSESSEDVALUE', 'machassessment', 'After Machine Assessed Value Computation', '45');
INSERT IGNORE INTO `sys_rulegroup` (`name`, `ruleset`, `title`, `sortorder`) VALUES ('AFTER-ASSESSEDVALUE', 'miscassessment', 'After Assessed Value Computation', '45');
INSERT IGNORE INTO `sys_rulegroup` (`name`, `ruleset`, `title`, `sortorder`) VALUES ('AFTER-ASSESSEDVALUE', 'planttreeassessment', 'After Assessed Value Computation', '45');
INSERT IGNORE INTO `sys_rulegroup` (`name`, `ruleset`, `title`, `sortorder`) VALUES ('AFTER-ASSESSLEVEL', 'bldgassessment', 'After Calculate Assess Level', '60');
INSERT IGNORE INTO `sys_rulegroup` (`name`, `ruleset`, `title`, `sortorder`) VALUES ('AFTER-ASSESSLEVEL', 'landassessment', 'After Assess Level Computation', '36');
INSERT IGNORE INTO `sys_rulegroup` (`name`, `ruleset`, `title`, `sortorder`) VALUES ('AFTER-ASSESSLEVEL', 'machassessment', 'After Machine Assess Level Computation', '36');
INSERT IGNORE INTO `sys_rulegroup` (`name`, `ruleset`, `title`, `sortorder`) VALUES ('AFTER-ASSESSLEVEL', 'miscassessment', 'After Assess Level Computation', '36');
INSERT IGNORE INTO `sys_rulegroup` (`name`, `ruleset`, `title`, `sortorder`) VALUES ('AFTER-ASSESSLEVEL', 'planttreeassessment', 'After Assess Level Computation', '36');
INSERT IGNORE INTO `sys_rulegroup` (`name`, `ruleset`, `title`, `sortorder`) VALUES ('AFTER-ASSESSVALUE', 'bldgassessment', 'After Assess Value Computation', '75');
INSERT IGNORE INTO `sys_rulegroup` (`name`, `ruleset`, `title`, `sortorder`) VALUES ('AFTER-BASEMARKETVALUE', 'bldgassessment', 'After Base Market Value Computation', '15');
INSERT IGNORE INTO `sys_rulegroup` (`name`, `ruleset`, `title`, `sortorder`) VALUES ('AFTER-BASEMARKETVALUE', 'landassessment', 'After Base Market Value Computation', '10');
INSERT IGNORE INTO `sys_rulegroup` (`name`, `ruleset`, `title`, `sortorder`) VALUES ('AFTER-BASEMARKETVALUE', 'machassessment', 'After Machine Base Market Value Computation', '10');
INSERT IGNORE INTO `sys_rulegroup` (`name`, `ruleset`, `title`, `sortorder`) VALUES ('AFTER-BASEMARKETVALUE', 'miscassessment', 'After Base Market Value Computation', '10');
INSERT IGNORE INTO `sys_rulegroup` (`name`, `ruleset`, `title`, `sortorder`) VALUES ('AFTER-BASEMARKETVALUE', 'planttreeassessment', 'After Base Market Value Computation', '10');
INSERT IGNORE INTO `sys_rulegroup` (`name`, `ruleset`, `title`, `sortorder`) VALUES ('AFTER-DEPRECIATION', 'bldgassessment', 'After Depreciation Computation', '34');
INSERT IGNORE INTO `sys_rulegroup` (`name`, `ruleset`, `title`, `sortorder`) VALUES ('AFTER-DEPRECIATION', 'machassessment', 'After Machine Depreciation Computation', '12');
INSERT IGNORE INTO `sys_rulegroup` (`name`, `ruleset`, `title`, `sortorder`) VALUES ('AFTER-FLOOR', 'bldgassessment', 'AFter Floor Computation', '3');
INSERT IGNORE INTO `sys_rulegroup` (`name`, `ruleset`, `title`, `sortorder`) VALUES ('AFTER-MARKETVALUE', 'bldgassessment', 'After Market Value Computation', '45');
INSERT IGNORE INTO `sys_rulegroup` (`name`, `ruleset`, `title`, `sortorder`) VALUES ('AFTER-MARKETVALUE', 'landassessment', 'After Market Value Computation', '30');
INSERT IGNORE INTO `sys_rulegroup` (`name`, `ruleset`, `title`, `sortorder`) VALUES ('AFTER-MARKETVALUE', 'machassessment', 'After Machine Market Value Computation', '30');
INSERT IGNORE INTO `sys_rulegroup` (`name`, `ruleset`, `title`, `sortorder`) VALUES ('AFTER-MARKETVALUE', 'miscassessment', 'After Market Value Computation', '30');
INSERT IGNORE INTO `sys_rulegroup` (`name`, `ruleset`, `title`, `sortorder`) VALUES ('AFTER-MARKETVALUE', 'planttreeassessment', 'After Market Value Computation', '30');
INSERT IGNORE INTO `sys_rulegroup` (`name`, `ruleset`, `title`, `sortorder`) VALUES ('AFTER-SUMMARY', 'bldgassessment', 'After Summary Computation', '105');
INSERT IGNORE INTO `sys_rulegroup` (`name`, `ruleset`, `title`, `sortorder`) VALUES ('AFTER-SUMMARY', 'landassessment', 'After Summary Computation', '105');
INSERT IGNORE INTO `sys_rulegroup` (`name`, `ruleset`, `title`, `sortorder`) VALUES ('AFTER-SUMMARY', 'machassessment', 'After Summary Computation', '105');
INSERT IGNORE INTO `sys_rulegroup` (`name`, `ruleset`, `title`, `sortorder`) VALUES ('AFTER-SUMMARY', 'miscassessment', 'After Summary Computation', '105');
INSERT IGNORE INTO `sys_rulegroup` (`name`, `ruleset`, `title`, `sortorder`) VALUES ('AFTER-SUMMARY', 'planttreeassessment', 'After Summary Computation', '105');
INSERT IGNORE INTO `sys_rulegroup` (`name`, `ruleset`, `title`, `sortorder`) VALUES ('AFTER_REQUIREMENT', 'rptrequirement', 'After Requirement', '2');
INSERT IGNORE INTO `sys_rulegroup` (`name`, `ruleset`, `title`, `sortorder`) VALUES ('ASSESSEDVALUE', 'landassessment', 'Assessed Value Computation', '40');
INSERT IGNORE INTO `sys_rulegroup` (`name`, `ruleset`, `title`, `sortorder`) VALUES ('ASSESSEDVALUE', 'machassessment', 'Machine Assessed Value Computation', '40');
INSERT IGNORE INTO `sys_rulegroup` (`name`, `ruleset`, `title`, `sortorder`) VALUES ('ASSESSEDVALUE', 'miscassessment', 'Assessed Value Computation', '40');
INSERT IGNORE INTO `sys_rulegroup` (`name`, `ruleset`, `title`, `sortorder`) VALUES ('ASSESSEDVALUE', 'planttreeassessment', 'Assessed Value Computation', '40');
INSERT IGNORE INTO `sys_rulegroup` (`name`, `ruleset`, `title`, `sortorder`) VALUES ('ASSESSLEVEL', 'bldgassessment', 'Calculate Assess Level', '55');
INSERT IGNORE INTO `sys_rulegroup` (`name`, `ruleset`, `title`, `sortorder`) VALUES ('ASSESSLEVEL', 'landassessment', 'Assess Level Computation', '35');
INSERT IGNORE INTO `sys_rulegroup` (`name`, `ruleset`, `title`, `sortorder`) VALUES ('ASSESSLEVEL', 'machassessment', 'Machine Assess Level Computation', '35');
INSERT IGNORE INTO `sys_rulegroup` (`name`, `ruleset`, `title`, `sortorder`) VALUES ('ASSESSLEVEL', 'miscassessment', 'Assess Level Computation', '35');
INSERT IGNORE INTO `sys_rulegroup` (`name`, `ruleset`, `title`, `sortorder`) VALUES ('ASSESSLEVEL', 'planttreeassessment', 'Assess Level Computation', '35');
INSERT IGNORE INTO `sys_rulegroup` (`name`, `ruleset`, `title`, `sortorder`) VALUES ('ASSESSVALUE', 'bldgassessment', 'Assess Value Computation', '70');
INSERT IGNORE INTO `sys_rulegroup` (`name`, `ruleset`, `title`, `sortorder`) VALUES ('BASEMARKETVALUE', 'bldgassessment', 'Base Market Value Computation', '10');
INSERT IGNORE INTO `sys_rulegroup` (`name`, `ruleset`, `title`, `sortorder`) VALUES ('BASEMARKETVALUE', 'landassessment', 'Base Market Value Computation', '5');
INSERT IGNORE INTO `sys_rulegroup` (`name`, `ruleset`, `title`, `sortorder`) VALUES ('BASEMARKETVALUE', 'machassessment', 'Machine Base Market Value Computation', '5');
INSERT IGNORE INTO `sys_rulegroup` (`name`, `ruleset`, `title`, `sortorder`) VALUES ('BASEMARKETVALUE', 'miscassessment', 'Base Market Value Computation', '5');
INSERT IGNORE INTO `sys_rulegroup` (`name`, `ruleset`, `title`, `sortorder`) VALUES ('BASEMARKETVALUE', 'planttreeassessment', 'Base Market Value Computation', '5');
INSERT IGNORE INTO `sys_rulegroup` (`name`, `ruleset`, `title`, `sortorder`) VALUES ('BEFORE-ADDITIONAL', 'bldgassessment', 'Before Additional Item Computation', '17');
INSERT IGNORE INTO `sys_rulegroup` (`name`, `ruleset`, `title`, `sortorder`) VALUES ('BEFORE-ADJUSTMENT', 'bldgassessment', 'Before Adjustment Computation', '20');
INSERT IGNORE INTO `sys_rulegroup` (`name`, `ruleset`, `title`, `sortorder`) VALUES ('BEFORE-ADJUSTMENT', 'landassessment', 'Before Adjustment Computation', '13');
INSERT IGNORE INTO `sys_rulegroup` (`name`, `ruleset`, `title`, `sortorder`) VALUES ('BEFORE-ASSESSLEVEL', 'bldgassessment', 'Before Calculate Assess Level', '50');
INSERT IGNORE INTO `sys_rulegroup` (`name`, `ruleset`, `title`, `sortorder`) VALUES ('BEFORE-ASSESSLEVEL', 'miscassessment', 'Before Assess Level Computation', '34');
INSERT IGNORE INTO `sys_rulegroup` (`name`, `ruleset`, `title`, `sortorder`) VALUES ('BEFORE-ASSESSVALUE', 'bldgassessment', 'Before Assess Value Computation', '65');
INSERT IGNORE INTO `sys_rulegroup` (`name`, `ruleset`, `title`, `sortorder`) VALUES ('BEFORE-BASEMARKETVALUE', 'bldgassessment', 'Before Base Market Value Computation', '5');
INSERT IGNORE INTO `sys_rulegroup` (`name`, `ruleset`, `title`, `sortorder`) VALUES ('BEFORE-DEPRECIATON', 'bldgassessment', 'Before Depreciation Computation', '32');
INSERT IGNORE INTO `sys_rulegroup` (`name`, `ruleset`, `title`, `sortorder`) VALUES ('BEFORE-MARKETVALUE', 'bldgassessment', 'Before Market Value Computation', '35');
INSERT IGNORE INTO `sys_rulegroup` (`name`, `ruleset`, `title`, `sortorder`) VALUES ('BEFORE-MARKETVALUE', 'landassessment', 'Before Market Value', '25');
INSERT IGNORE INTO `sys_rulegroup` (`name`, `ruleset`, `title`, `sortorder`) VALUES ('DEPRECIATION', 'bldgassessment', 'Depreciation Computation', '33');
INSERT IGNORE INTO `sys_rulegroup` (`name`, `ruleset`, `title`, `sortorder`) VALUES ('DEPRECIATION', 'machassessment', 'Machine Depreciation Computation', '11');
INSERT IGNORE INTO `sys_rulegroup` (`name`, `ruleset`, `title`, `sortorder`) VALUES ('DEPRECIATION', 'miscassessment', 'Depreciation Computation', '15');
INSERT IGNORE INTO `sys_rulegroup` (`name`, `ruleset`, `title`, `sortorder`) VALUES ('FLOOR', 'bldgassessment', 'Floor Computation', '2');
INSERT IGNORE INTO `sys_rulegroup` (`name`, `ruleset`, `title`, `sortorder`) VALUES ('INITIAL', 'landassessment', 'Initial Computation', '0');
INSERT IGNORE INTO `sys_rulegroup` (`name`, `ruleset`, `title`, `sortorder`) VALUES ('INITIAL', 'machassessment', 'Initial Computation', '0');
INSERT IGNORE INTO `sys_rulegroup` (`name`, `ruleset`, `title`, `sortorder`) VALUES ('INITIAL', 'miscassessment', 'Initial Computation', '0');
INSERT IGNORE INTO `sys_rulegroup` (`name`, `ruleset`, `title`, `sortorder`) VALUES ('INITIAL', 'planttreeassessment', 'Initial Computation', '0');
INSERT IGNORE INTO `sys_rulegroup` (`name`, `ruleset`, `title`, `sortorder`) VALUES ('MARKETVALUE', 'bldgassessment', 'Market Value Computation', '40');
INSERT IGNORE INTO `sys_rulegroup` (`name`, `ruleset`, `title`, `sortorder`) VALUES ('MARKETVALUE', 'landassessment', 'Market Value Computation', '26');
INSERT IGNORE INTO `sys_rulegroup` (`name`, `ruleset`, `title`, `sortorder`) VALUES ('MARKETVALUE', 'machassessment', 'Machine Market Value Computation', '25');
INSERT IGNORE INTO `sys_rulegroup` (`name`, `ruleset`, `title`, `sortorder`) VALUES ('MARKETVALUE', 'miscassessment', 'Market Value Computation', '25');
INSERT IGNORE INTO `sys_rulegroup` (`name`, `ruleset`, `title`, `sortorder`) VALUES ('MARKETVALUE', 'planttreeassessment', 'Market Value Computation', '25');
INSERT IGNORE INTO `sys_rulegroup` (`name`, `ruleset`, `title`, `sortorder`) VALUES ('MUASSESSEDVALUE', 'machassessment', 'Actual Use Assessed Value Computation', '55');
INSERT IGNORE INTO `sys_rulegroup` (`name`, `ruleset`, `title`, `sortorder`) VALUES ('MUASSESSLEVEL', 'machassessment', 'Actual Use Assess Level Computation', '50');
INSERT IGNORE INTO `sys_rulegroup` (`name`, `ruleset`, `title`, `sortorder`) VALUES ('PRE-ASSESSMENT', 'bldgassessment', 'Pre-Assessment', '1');
INSERT IGNORE INTO `sys_rulegroup` (`name`, `ruleset`, `title`, `sortorder`) VALUES ('REQUIREMENT', 'rptrequirement', 'Requirement', '1');
INSERT IGNORE INTO `sys_rulegroup` (`name`, `ruleset`, `title`, `sortorder`) VALUES ('SUMMARY', 'bldgassessment', 'Summary', '100');
INSERT IGNORE INTO `sys_rulegroup` (`name`, `ruleset`, `title`, `sortorder`) VALUES ('SUMMARY', 'landassessment', 'Summary Computation', '100');
INSERT IGNORE INTO `sys_rulegroup` (`name`, `ruleset`, `title`, `sortorder`) VALUES ('SUMMARY', 'machassessment', 'Summary Computation', '100');
INSERT IGNORE INTO `sys_rulegroup` (`name`, `ruleset`, `title`, `sortorder`) VALUES ('SUMMARY', 'miscassessment', 'Summary Computation', '100');
INSERT IGNORE INTO `sys_rulegroup` (`name`, `ruleset`, `title`, `sortorder`) VALUES ('SUMMARY', 'planttreeassessment', 'Summary Computation', '100');

INSERT IGNORE INTO `sys_ruleset_actiondef` (`ruleset`, `actiondef`) VALUES ('bldgassessment', 'rptis.actions.AddDeriveVariable');
INSERT IGNORE INTO `sys_ruleset_actiondef` (`ruleset`, `actiondef`) VALUES ('landassessment', 'rptis.actions.AddDeriveVariable');
INSERT IGNORE INTO `sys_ruleset_actiondef` (`ruleset`, `actiondef`) VALUES ('machassessment', 'rptis.actions.AddDeriveVariable');
INSERT IGNORE INTO `sys_ruleset_actiondef` (`ruleset`, `actiondef`) VALUES ('miscassessment', 'rptis.actions.AddDeriveVariable');
INSERT IGNORE INTO `sys_ruleset_actiondef` (`ruleset`, `actiondef`) VALUES ('planttreeassessment', 'rptis.actions.AddDeriveVariable');
INSERT IGNORE INTO `sys_ruleset_actiondef` (`ruleset`, `actiondef`) VALUES ('rptrequirement', 'rptis.actions.AddRequirement');
INSERT IGNORE INTO `sys_ruleset_actiondef` (`ruleset`, `actiondef`) VALUES ('bldgassessment', 'rptis.actions.CalcRPUAssessValue');
INSERT IGNORE INTO `sys_ruleset_actiondef` (`ruleset`, `actiondef`) VALUES ('landassessment', 'rptis.actions.CalcRPUAssessValue');
INSERT IGNORE INTO `sys_ruleset_actiondef` (`ruleset`, `actiondef`) VALUES ('machassessment', 'rptis.actions.CalcRPUAssessValue');
INSERT IGNORE INTO `sys_ruleset_actiondef` (`ruleset`, `actiondef`) VALUES ('miscassessment', 'rptis.actions.CalcRPUAssessValue');
INSERT IGNORE INTO `sys_ruleset_actiondef` (`ruleset`, `actiondef`) VALUES ('planttreeassessment', 'rptis.actions.CalcRPUAssessValue');
INSERT IGNORE INTO `sys_ruleset_actiondef` (`ruleset`, `actiondef`) VALUES ('bldgassessment', 'rptis.actions.CalcTotalRPUAssessValue');
INSERT IGNORE INTO `sys_ruleset_actiondef` (`ruleset`, `actiondef`) VALUES ('landassessment', 'rptis.actions.CalcTotalRPUAssessValue');
INSERT IGNORE INTO `sys_ruleset_actiondef` (`ruleset`, `actiondef`) VALUES ('machassessment', 'rptis.actions.CalcTotalRPUAssessValue');
INSERT IGNORE INTO `sys_ruleset_actiondef` (`ruleset`, `actiondef`) VALUES ('miscassessment', 'rptis.actions.CalcTotalRPUAssessValue');
INSERT IGNORE INTO `sys_ruleset_actiondef` (`ruleset`, `actiondef`) VALUES ('planttreeassessment', 'rptis.actions.CalcTotalRPUAssessValue');
INSERT IGNORE INTO `sys_ruleset_actiondef` (`ruleset`, `actiondef`) VALUES ('bldgassessment', 'rptis.bldg.actions.AddAssessmentInfo');
INSERT IGNORE INTO `sys_ruleset_actiondef` (`ruleset`, `actiondef`) VALUES ('bldgassessment', 'rptis.bldg.actions.AdjustUnitValue');
INSERT IGNORE INTO `sys_ruleset_actiondef` (`ruleset`, `actiondef`) VALUES ('bldgassessment', 'rptis.bldg.actions.CalcAssessLevel');
INSERT IGNORE INTO `sys_ruleset_actiondef` (`ruleset`, `actiondef`) VALUES ('bldgassessment', 'rptis.bldg.actions.CalcBldgAge');
INSERT IGNORE INTO `sys_ruleset_actiondef` (`ruleset`, `actiondef`) VALUES ('bldgassessment', 'rptis.bldg.actions.CalcBldgEffectiveAge');
INSERT IGNORE INTO `sys_ruleset_actiondef` (`ruleset`, `actiondef`) VALUES ('bldgassessment', 'rptis.bldg.actions.CalcBldgUseBMV');
INSERT IGNORE INTO `sys_ruleset_actiondef` (`ruleset`, `actiondef`) VALUES ('bldgassessment', 'rptis.bldg.actions.CalcBldgUseDepreciation');
INSERT IGNORE INTO `sys_ruleset_actiondef` (`ruleset`, `actiondef`) VALUES ('bldgassessment', 'rptis.bldg.actions.CalcBldgUseMV');
INSERT IGNORE INTO `sys_ruleset_actiondef` (`ruleset`, `actiondef`) VALUES ('bldgassessment', 'rptis.bldg.actions.CalcDepreciationByRange');
INSERT IGNORE INTO `sys_ruleset_actiondef` (`ruleset`, `actiondef`) VALUES ('bldgassessment', 'rptis.bldg.actions.CalcDepreciationFromSked');
INSERT IGNORE INTO `sys_ruleset_actiondef` (`ruleset`, `actiondef`) VALUES ('bldgassessment', 'rptis.bldg.actions.CalcFloorBMV');
INSERT IGNORE INTO `sys_ruleset_actiondef` (`ruleset`, `actiondef`) VALUES ('bldgassessment', 'rptis.bldg.actions.CalcFloorMV');
INSERT IGNORE INTO `sys_ruleset_actiondef` (`ruleset`, `actiondef`) VALUES ('bldgassessment', 'rptis.bldg.actions.ResetAdjustment');
INSERT IGNORE INTO `sys_ruleset_actiondef` (`ruleset`, `actiondef`) VALUES ('landassessment', 'rptis.land.actions.AddAssessmentInfo');
INSERT IGNORE INTO `sys_ruleset_actiondef` (`ruleset`, `actiondef`) VALUES ('landassessment', 'rptis.land.actions.CalcAssessValue');
INSERT IGNORE INTO `sys_ruleset_actiondef` (`ruleset`, `actiondef`) VALUES ('landassessment', 'rptis.land.actions.CalcBaseMarketValue');
INSERT IGNORE INTO `sys_ruleset_actiondef` (`ruleset`, `actiondef`) VALUES ('landassessment', 'rptis.land.actions.CalcMarketValue');
INSERT IGNORE INTO `sys_ruleset_actiondef` (`ruleset`, `actiondef`) VALUES ('landassessment', 'rptis.land.actions.UpdateAdjustment');
INSERT IGNORE INTO `sys_ruleset_actiondef` (`ruleset`, `actiondef`) VALUES ('landassessment', 'rptis.land.actions.UpdateLandDetailActualUseAdj');
INSERT IGNORE INTO `sys_ruleset_actiondef` (`ruleset`, `actiondef`) VALUES ('landassessment', 'rptis.land.actions.UpdateLandDetailAdjustment');
INSERT IGNORE INTO `sys_ruleset_actiondef` (`ruleset`, `actiondef`) VALUES ('landassessment', 'rptis.land.actions.UpdateLandDetailValueAdjustment');
INSERT IGNORE INTO `sys_ruleset_actiondef` (`ruleset`, `actiondef`) VALUES ('machassessment', 'rptis.mach.actions.AddAssessmentInfo');
INSERT IGNORE INTO `sys_ruleset_actiondef` (`ruleset`, `actiondef`) VALUES ('machassessment', 'rptis.mach.actions.CalcMachineAssessLevel');
INSERT IGNORE INTO `sys_ruleset_actiondef` (`ruleset`, `actiondef`) VALUES ('machassessment', 'rptis.mach.actions.CalcMachineAV');
INSERT IGNORE INTO `sys_ruleset_actiondef` (`ruleset`, `actiondef`) VALUES ('machassessment', 'rptis.mach.actions.CalcMachineBMV');
INSERT IGNORE INTO `sys_ruleset_actiondef` (`ruleset`, `actiondef`) VALUES ('machassessment', 'rptis.mach.actions.CalcMachineDepreciation');
INSERT IGNORE INTO `sys_ruleset_actiondef` (`ruleset`, `actiondef`) VALUES ('machassessment', 'rptis.mach.actions.CalcMachineMV');
INSERT IGNORE INTO `sys_ruleset_actiondef` (`ruleset`, `actiondef`) VALUES ('machassessment', 'rptis.mach.actions.CalcMachUseAssessLevel');
INSERT IGNORE INTO `sys_ruleset_actiondef` (`ruleset`, `actiondef`) VALUES ('machassessment', 'rptis.mach.actions.CalcMachUseAV');
INSERT IGNORE INTO `sys_ruleset_actiondef` (`ruleset`, `actiondef`) VALUES ('miscassessment', 'rptis.misc.actions.CalcAssessValue');
INSERT IGNORE INTO `sys_ruleset_actiondef` (`ruleset`, `actiondef`) VALUES ('miscassessment', 'rptis.misc.actions.CalcBaseMarketValue');
INSERT IGNORE INTO `sys_ruleset_actiondef` (`ruleset`, `actiondef`) VALUES ('miscassessment', 'rptis.misc.actions.CalcDepreciation');
INSERT IGNORE INTO `sys_ruleset_actiondef` (`ruleset`, `actiondef`) VALUES ('miscassessment', 'rptis.misc.actions.CalcMarketValue');
INSERT IGNORE INTO `sys_ruleset_actiondef` (`ruleset`, `actiondef`) VALUES ('miscassessment', 'rptis.misc.actions.CalcMiscRPUAssessLevel');
INSERT IGNORE INTO `sys_ruleset_actiondef` (`ruleset`, `actiondef`) VALUES ('miscassessment', 'rptis.misc.actions.CalcMiscRPUAssessValue');
INSERT IGNORE INTO `sys_ruleset_actiondef` (`ruleset`, `actiondef`) VALUES ('miscassessment', 'rptis.misc.actions.CalcMiscRPUBaseMarketValue');
INSERT IGNORE INTO `sys_ruleset_actiondef` (`ruleset`, `actiondef`) VALUES ('miscassessment', 'rptis.misc.actions.CalcMiscRPUMarketValue');
INSERT IGNORE INTO `sys_ruleset_actiondef` (`ruleset`, `actiondef`) VALUES ('planttreeassessment', 'rptis.planttree.actions.AddPlantTreeAssessmentInfo');
INSERT IGNORE INTO `sys_ruleset_actiondef` (`ruleset`, `actiondef`) VALUES ('planttreeassessment', 'rptis.planttree.actions.CalcPlantTreeAdjustment');
INSERT IGNORE INTO `sys_ruleset_actiondef` (`ruleset`, `actiondef`) VALUES ('planttreeassessment', 'rptis.planttree.actions.CalcPlantTreeAssessValue');
INSERT IGNORE INTO `sys_ruleset_actiondef` (`ruleset`, `actiondef`) VALUES ('planttreeassessment', 'rptis.planttree.actions.CalcPlantTreeBMV');
INSERT IGNORE INTO `sys_ruleset_actiondef` (`ruleset`, `actiondef`) VALUES ('planttreeassessment', 'rptis.planttree.actions.CalcPlantTreeMarketValue');
INSERT IGNORE INTO `sys_ruleset_actiondef` (`ruleset`, `actiondef`) VALUES ('bldgassessment', 'RULADEF-2486b0ca:146fff66c3e:-723b');
INSERT IGNORE INTO `sys_ruleset_actiondef` (`ruleset`, `actiondef`) VALUES ('bldgassessment', 'RULADEF1441128c:1471efa4c1c:-69a5');

INSERT IGNORE INTO `sys_ruleset_fact` (`ruleset`, `rulefact`) VALUES ('bldgassessment', 'rptis.bldg.facts.BldgAdjustment');
INSERT IGNORE INTO `sys_ruleset_fact` (`ruleset`, `rulefact`) VALUES ('bldgassessment', 'rptis.bldg.facts.BldgFloor');
INSERT IGNORE INTO `sys_ruleset_fact` (`ruleset`, `rulefact`) VALUES ('bldgassessment', 'rptis.bldg.facts.BldgRPU');
INSERT IGNORE INTO `sys_ruleset_fact` (`ruleset`, `rulefact`) VALUES ('bldgassessment', 'rptis.bldg.facts.BldgStructure');
INSERT IGNORE INTO `sys_ruleset_fact` (`ruleset`, `rulefact`) VALUES ('bldgassessment', 'rptis.bldg.facts.BldgUse');
INSERT IGNORE INTO `sys_ruleset_fact` (`ruleset`, `rulefact`) VALUES ('bldgassessment', 'rptis.bldg.facts.BldgVariable');
INSERT IGNORE INTO `sys_ruleset_fact` (`ruleset`, `rulefact`) VALUES ('bldgassessment', 'rptis.facts.Classification');
INSERT IGNORE INTO `sys_ruleset_fact` (`ruleset`, `rulefact`) VALUES ('landassessment', 'rptis.facts.Classification');
INSERT IGNORE INTO `sys_ruleset_fact` (`ruleset`, `rulefact`) VALUES ('bldgassessment', 'rptis.facts.RPTVariable');
INSERT IGNORE INTO `sys_ruleset_fact` (`ruleset`, `rulefact`) VALUES ('planttreeassessment', 'rptis.facts.RPTVariable');
INSERT IGNORE INTO `sys_ruleset_fact` (`ruleset`, `rulefact`) VALUES ('bldgassessment', 'rptis.facts.RPU');
INSERT IGNORE INTO `sys_ruleset_fact` (`ruleset`, `rulefact`) VALUES ('miscassessment', 'rptis.facts.RPU');
INSERT IGNORE INTO `sys_ruleset_fact` (`ruleset`, `rulefact`) VALUES ('planttreeassessment', 'rptis.facts.RPU');
INSERT IGNORE INTO `sys_ruleset_fact` (`ruleset`, `rulefact`) VALUES ('rptrequirement', 'rptis.facts.RPU');
INSERT IGNORE INTO `sys_ruleset_fact` (`ruleset`, `rulefact`) VALUES ('bldgassessment', 'rptis.facts.RPUAssessment');
INSERT IGNORE INTO `sys_ruleset_fact` (`ruleset`, `rulefact`) VALUES ('landassessment', 'rptis.facts.RPUAssessment');
INSERT IGNORE INTO `sys_ruleset_fact` (`ruleset`, `rulefact`) VALUES ('machassessment', 'rptis.facts.RPUAssessment');
INSERT IGNORE INTO `sys_ruleset_fact` (`ruleset`, `rulefact`) VALUES ('miscassessment', 'rptis.facts.RPUAssessment');
INSERT IGNORE INTO `sys_ruleset_fact` (`ruleset`, `rulefact`) VALUES ('landassessment', 'rptis.land.facts.LandAdjustment');
INSERT IGNORE INTO `sys_ruleset_fact` (`ruleset`, `rulefact`) VALUES ('landassessment', 'rptis.land.facts.LandDetail');
INSERT IGNORE INTO `sys_ruleset_fact` (`ruleset`, `rulefact`) VALUES ('machassessment', 'rptis.mach.facts.MachineActualUse');
INSERT IGNORE INTO `sys_ruleset_fact` (`ruleset`, `rulefact`) VALUES ('machassessment', 'rptis.mach.facts.MachineDetail');
INSERT IGNORE INTO `sys_ruleset_fact` (`ruleset`, `rulefact`) VALUES ('miscassessment', 'rptis.misc.facts.MiscItem');
INSERT IGNORE INTO `sys_ruleset_fact` (`ruleset`, `rulefact`) VALUES ('miscassessment', 'rptis.misc.facts.MiscRPU');
INSERT IGNORE INTO `sys_ruleset_fact` (`ruleset`, `rulefact`) VALUES ('planttreeassessment', 'rptis.planttree.facts.PlantTreeDetail');
INSERT IGNORE INTO `sys_ruleset_fact` (`ruleset`, `rulefact`) VALUES ('rptrequirement', 'RPTTxnInfoFact');
INSERT IGNORE INTO `sys_ruleset_fact` (`ruleset`, `rulefact`) VALUES ('rptrequirement', 'TxnAttributeFact');

INSERT IGNORE INTO `sys_rule` (`objid`, `state`, `name`, `ruleset`, `rulegroup`, `title`, `description`, `salience`, `effectivefrom`, `effectiveto`, `dtfiled`, `user_objid`, `user_name`, `noloop`, `_ukey`) VALUES ('RUL-2486b0ca:146fff66c3e:-2c4a', 'DEPLOYED', 'CALC_ACTUAL_USE_MV', 'bldgassessment', 'MARKETVALUE', 'CALC ACTUAL USE MV', NULL, '50000', NULL, NULL, '2014-12-15 23:59:15', 'USR7e15465b:14a51353b1a:-7fb7', 'ADMIN', '1', 'RUL-2486b0ca:146fff66c3e:-2c4a');
INSERT IGNORE INTO `sys_rule` (`objid`, `state`, `name`, `ruleset`, `rulegroup`, `title`, `description`, `salience`, `effectivefrom`, `effectiveto`, `dtfiled`, `user_objid`, `user_name`, `noloop`, `_ukey`) VALUES ('RUL-2486b0ca:146fff66c3e:-38e4', 'DEPLOYED', 'CALC_FLOOR_MARKET_VALUE', 'bldgassessment', 'BEFORE-MARKETVALUE', 'CALC FLOOR MARKET VALUE', NULL, '50000', NULL, NULL, '2014-12-15 23:59:15', 'USR7e15465b:14a51353b1a:-7fb7', 'ADMIN', '1', 'RUL-2486b0ca:146fff66c3e:-38e4');
INSERT IGNORE INTO `sys_rule` (`objid`, `state`, `name`, `ruleset`, `rulegroup`, `title`, `description`, `salience`, `effectivefrom`, `effectiveto`, `dtfiled`, `user_objid`, `user_name`, `noloop`, `_ukey`) VALUES ('RUL-2486b0ca:146fff66c3e:-4192', 'DEPLOYED', 'CALC_DEPRECIATION', 'bldgassessment', 'DEPRECIATION', 'CALC DEPRECIATION', NULL, '50000', NULL, NULL, '2014-12-15 23:59:15', 'USR7e15465b:14a51353b1a:-7fb7', 'ADMIN', '1', 'RUL-2486b0ca:146fff66c3e:-4192');
INSERT IGNORE INTO `sys_rule` (`objid`, `state`, `name`, `ruleset`, `rulegroup`, `title`, `description`, `salience`, `effectivefrom`, `effectiveto`, `dtfiled`, `user_objid`, `user_name`, `noloop`, `_ukey`) VALUES ('RUL-2486b0ca:146fff66c3e:-4697', 'DEPLOYED', 'CALC_DEPRECATION_RATE_FROM_SKED', 'bldgassessment', 'BEFORE-DEPRECIATON', 'CALC DEPRECATION RATE FROM SKED', NULL, '50000', NULL, NULL, '2014-12-15 23:59:15', 'USR7e15465b:14a51353b1a:-7fb7', 'ADMIN', '1', 'RUL-2486b0ca:146fff66c3e:-4697');
INSERT IGNORE INTO `sys_rule` (`objid`, `state`, `name`, `ruleset`, `rulegroup`, `title`, `description`, `salience`, `effectivefrom`, `effectiveto`, `dtfiled`, `user_objid`, `user_name`, `noloop`, `_ukey`) VALUES ('RUL-2486b0ca:146fff66c3e:-6b05', 'DEPLOYED', 'CALC_FLOOR_BMV', 'bldgassessment', 'FLOOR', 'CALC FLOOR BMV', NULL, '50000', NULL, NULL, '2014-12-15 23:59:15', 'USR7e15465b:14a51353b1a:-7fb7', 'ADMIN', '1', 'RUL-2486b0ca:146fff66c3e:-6b05');
INSERT IGNORE INTO `sys_rule` (`objid`, `state`, `name`, `ruleset`, `rulegroup`, `title`, `description`, `salience`, `effectivefrom`, `effectiveto`, `dtfiled`, `user_objid`, `user_name`, `noloop`, `_ukey`) VALUES ('RUL-31fc82f2:15cf6ecbe4d:-6b3d', 'DEPLOYED', 'COMPUTE_AV_NOT_ROUND', 'landassessment', 'ASSESSEDVALUE', 'COMPUTE AV', NULL, '50000', NULL, NULL, '2017-06-29 22:58:53', 'USR7e15465b:14a51353b1a:-7fb7', 'ADMIN', '1', 'RUL-31fc82f2:15cf6ecbe4d:-6b3d');
INSERT IGNORE INTO `sys_rule` (`objid`, `state`, `name`, `ruleset`, `rulegroup`, `title`, `description`, `salience`, `effectivefrom`, `effectiveto`, `dtfiled`, `user_objid`, `user_name`, `noloop`, `_ukey`) VALUES ('RUL-3e8edbea:156bc08656a:-5f05', 'DEPLOYED', 'RECALC_RPU_TOTAL_AV', 'landassessment', 'AFTER-SUMMARY', 'RECALC RPU TOTAL AV', NULL, '40000', NULL, NULL, '2016-08-24 07:03:36', 'USR-ADMIN', 'ADMIN', '1', 'RUL-3e8edbea:156bc08656a:-5f05');
INSERT IGNORE INTO `sys_rule` (`objid`, `state`, `name`, `ruleset`, `rulegroup`, `title`, `description`, `salience`, `effectivefrom`, `effectiveto`, `dtfiled`, `user_objid`, `user_name`, `noloop`, `_ukey`) VALUES ('RUL-46fca07e:14c545f3e6a:-33b4', 'DEPLOYED', 'ROUND_FLOOR_BMV_TO_NEAREST_ONES', 'bldgassessment', 'AFTER-BASEMARKETVALUE', 'ROUND_FLOOR BMV TO NEAREST ONES', NULL, '50000', NULL, NULL, '2015-04-06 23:40:36', 'USR-5596bc96:149114d7d7c:-4468', 'VINZ', '1', 'RUL-46fca07e:14c545f3e6a:-33b4');
INSERT IGNORE INTO `sys_rule` (`objid`, `state`, `name`, `ruleset`, `rulegroup`, `title`, `description`, `salience`, `effectivefrom`, `effectiveto`, `dtfiled`, `user_objid`, `user_name`, `noloop`, `_ukey`) VALUES ('RUL-46fca07e:14c545f3e6a:-350f', 'DEPLOYED', 'ROUND_ACTUALUSE_BMV_TO_NEAREST_ONE', 'bldgassessment', 'AFTER-BASEMARKETVALUE', 'ROUND ACTUALUSE BMV TO NEAREST ONE', NULL, '50000', NULL, NULL, '2015-04-06 23:40:36', 'USR-5596bc96:149114d7d7c:-4468', 'VINZ', '1', 'RUL-46fca07e:14c545f3e6a:-350f');
INSERT IGNORE INTO `sys_rule` (`objid`, `state`, `name`, `ruleset`, `rulegroup`, `title`, `description`, `salience`, `effectivefrom`, `effectiveto`, `dtfiled`, `user_objid`, `user_name`, `noloop`, `_ukey`) VALUES ('RUL-46fca07e:14c545f3e6a:-7740', 'DEPLOYED', 'CALC_MV', 'landassessment', 'MARKETVALUE', 'CALC MV', NULL, '50000', NULL, NULL, '2015-04-06 23:40:42', 'USR-5596bc96:149114d7d7c:-4468', 'VINZ', '1', 'RUL-46fca07e:14c545f3e6a:-7740');
INSERT IGNORE INTO `sys_rule` (`objid`, `state`, `name`, `ruleset`, `rulegroup`, `title`, `description`, `salience`, `effectivefrom`, `effectiveto`, `dtfiled`, `user_objid`, `user_name`, `noloop`, `_ukey`) VALUES ('RUL-46fca07e:14c545f3e6a:-7a8b', 'DEPLOYED', 'CALC_BMV', 'landassessment', 'BASEMARKETVALUE', 'CALC BMV', NULL, '50000', NULL, NULL, '2015-04-06 23:40:42', 'USR-5596bc96:149114d7d7c:-4468', 'VINZ', '1', 'RUL-46fca07e:14c545f3e6a:-7a8b');
INSERT IGNORE INTO `sys_rule` (`objid`, `state`, `name`, `ruleset`, `rulegroup`, `title`, `description`, `salience`, `effectivefrom`, `effectiveto`, `dtfiled`, `user_objid`, `user_name`, `noloop`, `_ukey`) VALUES ('RUL-4dd00f9d:1698f34b282:-7e5f', 'DEPLOYED', 'CALC_TOTAL_AV', 'bldgassessment', 'AFTER-SUMMARY', 'CALC TOTAL AV', NULL, '50000', NULL, NULL, '2019-03-18 13:14:57', 'USR-ADMIN', 'ADMIN', '1', 'RUL-4dd00f9d:1698f34b282:-7e5f');
INSERT IGNORE INTO `sys_rule` (`objid`, `state`, `name`, `ruleset`, `rulegroup`, `title`, `description`, `salience`, `effectivefrom`, `effectiveto`, `dtfiled`, `user_objid`, `user_name`, `noloop`, `_ukey`) VALUES ('RUL-5e76cf73:14d69e9c549:-7084', 'DEPLOYED', 'ROUND_LAND_ITEM_ADJUSTMENTS', 'landassessment', 'AFTER-ADJUSTMENT', 'ROUND LAND ITEM ADJUSTMENTS', NULL, '50000', NULL, NULL, '2015-05-18 22:33:40', 'USR-5596bc96:149114d7d7c:-4468', 'VINZ', '1', 'RUL-5e76cf73:14d69e9c549:-7084');
INSERT IGNORE INTO `sys_rule` (`objid`, `state`, `name`, `ruleset`, `rulegroup`, `title`, `description`, `salience`, `effectivefrom`, `effectiveto`, `dtfiled`, `user_objid`, `user_name`, `noloop`, `_ukey`) VALUES ('RUL-5e76cf73:14d69e9c549:-7fd4', 'DEPLOYED', 'ROUND_ADJ_TO_ONE', 'landassessment', 'AFTER-ADJUSTMENT', 'ROUND ADJ TO ONE', NULL, '50000', NULL, NULL, '2015-05-18 22:04:33', 'USR-5596bc96:149114d7d7c:-4468', 'VINZ', '1', 'RUL-5e76cf73:14d69e9c549:-7fd4');
INSERT IGNORE INTO `sys_rule` (`objid`, `state`, `name`, `ruleset`, `rulegroup`, `title`, `description`, `salience`, `effectivefrom`, `effectiveto`, `dtfiled`, `user_objid`, `user_name`, `noloop`, `_ukey`) VALUES ('RUL-60c99d04:1470b276e7f:-7ecc', 'DEPLOYED', 'CALC_BMV', 'bldgassessment', 'BASEMARKETVALUE', 'CALC BMV ', NULL, '50000', NULL, NULL, '2014-12-15 23:59:15', 'USR7e15465b:14a51353b1a:-7fb7', 'ADMIN', '1', 'RUL-60c99d04:1470b276e7f:-7ecc');
INSERT IGNORE INTO `sys_rule` (`objid`, `state`, `name`, `ruleset`, `rulegroup`, `title`, `description`, `salience`, `effectivefrom`, `effectiveto`, `dtfiled`, `user_objid`, `user_name`, `noloop`, `_ukey`) VALUES ('RUL-762e9176:15d067a9c42:-5aa0', 'DEPLOYED', 'RECALC_RPU_TOTAL_AV', 'miscassessment', 'AFTER-SUMMARY', 'RECALC_RPU_TOTAL_AV', NULL, '60000', NULL, NULL, '2017-07-02 23:29:56', 'USR7e15465b:14a51353b1a:-7fb7', 'ADMIN', '1', 'RUL-762e9176:15d067a9c42:-5aa0');
INSERT IGNORE INTO `sys_rule` (`objid`, `state`, `name`, `ruleset`, `rulegroup`, `title`, `description`, `salience`, `effectivefrom`, `effectiveto`, `dtfiled`, `user_objid`, `user_name`, `noloop`, `_ukey`) VALUES ('RUL-79a9a347:15cfcae84de:-6f2a', 'DEPLOYED', 'RECALC_TOTAL_AV', 'bldgassessment', 'AFTER-SUMMARY', 'RECALC TOTAL AV', NULL, '50000', NULL, NULL, '2017-07-01 02:09:32', 'USR7e15465b:14a51353b1a:-7fb7', 'ADMIN', '1', 'RUL-79a9a347:15cfcae84de:-6f2a');
INSERT IGNORE INTO `sys_rule` (`objid`, `state`, `name`, `ruleset`, `rulegroup`, `title`, `description`, `salience`, `effectivefrom`, `effectiveto`, `dtfiled`, `user_objid`, `user_name`, `noloop`, `_ukey`) VALUES ('RUL-79a9a347:15cfcae84de:f6c', 'DEPLOYED', 'CALC_AV', 'planttreeassessment', 'ASSESSEDVALUE', 'CALC AV', NULL, '50000', NULL, NULL, '2017-07-01 04:05:19', 'USR7e15465b:14a51353b1a:-7fb7', 'ADMIN', '1', 'RUL-79a9a347:15cfcae84de:f6c');
INSERT IGNORE INTO `sys_rule` (`objid`, `state`, `name`, `ruleset`, `rulegroup`, `title`, `description`, `salience`, `effectivefrom`, `effectiveto`, `dtfiled`, `user_objid`, `user_name`, `noloop`, `_ukey`) VALUES ('RUL-a35dd35:14e51ec3311:-5d4c', 'DEPLOYED', 'CALC_RPU_SWORN_AMOUNT', 'miscassessment', 'BEFORE-ASSESSLEVEL', 'CALC RPU SWORN AMOUNT', NULL, '50000', NULL, NULL, '2015-07-02 23:32:32', 'USR-5596bc96:149114d7d7c:-4468', 'VINZ', '1', 'RUL-a35dd35:14e51ec3311:-5d4c');
INSERT IGNORE INTO `sys_rule` (`objid`, `state`, `name`, `ruleset`, `rulegroup`, `title`, `description`, `salience`, `effectivefrom`, `effectiveto`, `dtfiled`, `user_objid`, `user_name`, `noloop`, `_ukey`) VALUES ('RUL1441128c:1471efa4c1c:-6c93', 'DEPLOYED', 'CALC_ASSESS_LEVEL', 'bldgassessment', 'AFTER-ASSESSLEVEL', 'CALC ASSESS LEVEL', NULL, '50000', NULL, NULL, '2014-12-15 23:59:15', 'USR7e15465b:14a51353b1a:-7fb7', 'ADMIN', '1', 'RUL1441128c:1471efa4c1c:-6c93');
INSERT IGNORE INTO `sys_rule` (`objid`, `state`, `name`, `ruleset`, `rulegroup`, `title`, `description`, `salience`, `effectivefrom`, `effectiveto`, `dtfiled`, `user_objid`, `user_name`, `noloop`, `_ukey`) VALUES ('RUL1441128c:1471efa4c1c:-6eaa', 'DEPLOYED', 'BUILD_ASSESSMENT_INFO', 'bldgassessment', 'BEFORE-ASSESSLEVEL', 'BUILD ASSESSMENT INFO', NULL, '50000', NULL, NULL, '2014-12-15 23:59:15', 'USR7e15465b:14a51353b1a:-7fb7', 'ADMIN', '1', 'RUL1441128c:1471efa4c1c:-6eaa');
INSERT IGNORE INTO `sys_rule` (`objid`, `state`, `name`, `ruleset`, `rulegroup`, `title`, `description`, `salience`, `effectivefrom`, `effectiveto`, `dtfiled`, `user_objid`, `user_name`, `noloop`, `_ukey`) VALUES ('RUL1b4af871:14e3cc46e09:-301e', 'DEPLOYED', 'TOTAL_MARKET_VALUE', 'miscassessment', 'AFTER-MARKETVALUE', 'TOTAL MARKET VALUE', NULL, '50000', NULL, NULL, '2015-06-28 22:30:12', 'USR-5596bc96:149114d7d7c:-4468', 'VINZ', '1', 'RUL1b4af871:14e3cc46e09:-301e');
INSERT IGNORE INTO `sys_rule` (`objid`, `state`, `name`, `ruleset`, `rulegroup`, `title`, `description`, `salience`, `effectivefrom`, `effectiveto`, `dtfiled`, `user_objid`, `user_name`, `noloop`, `_ukey`) VALUES ('RUL1b4af871:14e3cc46e09:-3341', 'DEPLOYED', 'TOTAL_BASE_MARKET_VALUE', 'miscassessment', 'AFTER-BASEMARKETVALUE', 'TOTAL BASE MARKET VALUE', NULL, '50000', NULL, NULL, '2015-06-28 22:13:15', 'USR-5596bc96:149114d7d7c:-4468', 'VINZ', '1', 'RUL1b4af871:14e3cc46e09:-3341');
INSERT IGNORE INTO `sys_rule` (`objid`, `state`, `name`, `ruleset`, `rulegroup`, `title`, `description`, `salience`, `effectivefrom`, `effectiveto`, `dtfiled`, `user_objid`, `user_name`, `noloop`, `_ukey`) VALUES ('RUL3b800abe:14d2b978f55:-61fb', 'DEPLOYED', 'ROUND_ACTUALUSE_MV_TO_ONES', 'bldgassessment', 'AFTER-MARKETVALUE', 'ROUND ACTUALUSE MV TO ONES', NULL, '50000', NULL, NULL, '2015-05-06 19:49:34', 'USR-5596bc96:149114d7d7c:-4468', 'VINZ', '1', 'RUL3b800abe:14d2b978f55:-61fb');
INSERT IGNORE INTO `sys_rule` (`objid`, `state`, `name`, `ruleset`, `rulegroup`, `title`, `description`, `salience`, `effectivefrom`, `effectiveto`, `dtfiled`, `user_objid`, `user_name`, `noloop`, `_ukey`) VALUES ('RUL3b800abe:14d2b978f55:-63a0', 'DEPLOYED', 'ROUND_FLOOR_MV_TO_ONES', 'bldgassessment', 'AFTER-MARKETVALUE', 'ROUND FLOOR MV TO ONES', NULL, '50000', NULL, NULL, '2015-05-06 19:48:41', 'USR-5596bc96:149114d7d7c:-4468', 'VINZ', '1', 'RUL3b800abe:14d2b978f55:-63a0');
INSERT IGNORE INTO `sys_rule` (`objid`, `state`, `name`, `ruleset`, `rulegroup`, `title`, `description`, `salience`, `effectivefrom`, `effectiveto`, `dtfiled`, `user_objid`, `user_name`, `noloop`, `_ukey`) VALUES ('RUL3b800abe:14d2b978f55:-7e09', 'DEPLOYED', 'ROUND_ADJ_TO_ONES', 'bldgassessment', 'AFTER-ADJUSTMENT', 'ROUND ADJ TO ONES', NULL, '50000', NULL, NULL, '2015-05-06 19:40:20', 'USR-5596bc96:149114d7d7c:-4468', 'VINZ', '1', 'RUL3b800abe:14d2b978f55:-7e09');
INSERT IGNORE INTO `sys_rule` (`objid`, `state`, `name`, `ruleset`, `rulegroup`, `title`, `description`, `salience`, `effectivefrom`, `effectiveto`, `dtfiled`, `user_objid`, `user_name`, `noloop`, `_ukey`) VALUES ('RUL3e2b89cb:146ff734573:-7dcc', 'DEPLOYED', 'COMPUTE_BLDG_AGE', 'bldgassessment', 'PRE-ASSESSMENT', 'COMPUTE BLDG AGE', NULL, '50000', NULL, NULL, '2014-12-15 23:59:15', 'USR7e15465b:14a51353b1a:-7fb7', 'ADMIN', '1', 'RUL3e2b89cb:146ff734573:-7dcc');
INSERT IGNORE INTO `sys_rule` (`objid`, `state`, `name`, `ruleset`, `rulegroup`, `title`, `description`, `salience`, `effectivefrom`, `effectiveto`, `dtfiled`, `user_objid`, `user_name`, `noloop`, `_ukey`) VALUES ('RUL3fb43b91:14ccf782188:-6008', 'DEPLOYED', 'ADJUSTMENT_COMPUTATION', 'planttreeassessment', 'AFTER-ADJUSTMENT', 'ADJUSTMENT COMPUTATION', NULL, '50000', NULL, NULL, '2015-04-18 23:11:31', 'USR-5596bc96:149114d7d7c:-4468', 'VINZ', '1', 'RUL3fb43b91:14ccf782188:-6008');
INSERT IGNORE INTO `sys_rule` (`objid`, `state`, `name`, `ruleset`, `rulegroup`, `title`, `description`, `salience`, `effectivefrom`, `effectiveto`, `dtfiled`, `user_objid`, `user_name`, `noloop`, `_ukey`) VALUES ('RUL40fb8c21:16b4f90f5b4:-71f1', 'DEPLOYED', 'CALC_ASSESS_VALUE', 'bldgassessment', 'ASSESSVALUE', 'CALC_ASSESS_VALUE', NULL, '50000', NULL, NULL, '2019-06-13 08:48:19', 'USR-ADMIN', 'ADMIN', '1', 'RUL40fb8c21:16b4f90f5b4:-71f1');
INSERT IGNORE INTO `sys_rule` (`objid`, `state`, `name`, `ruleset`, `rulegroup`, `title`, `description`, `salience`, `effectivefrom`, `effectiveto`, `dtfiled`, `user_objid`, `user_name`, `noloop`, `_ukey`) VALUES ('RUL40fb8c21:16b4f90f5b4:-79bd', 'DEPLOYED', 'RECALC_ASSESSMENT_AV', 'landassessment', 'AFTER-SUMMARY', 'RECALC ASSESSMENT AV', NULL, '10000', NULL, NULL, '2019-06-13 06:54:27', 'USR-ADMIN', 'ADMIN', '1', 'RUL40fb8c21:16b4f90f5b4:-79bd');
INSERT IGNORE INTO `sys_rule` (`objid`, `state`, `name`, `ruleset`, `rulegroup`, `title`, `description`, `salience`, `effectivefrom`, `effectiveto`, `dtfiled`, `user_objid`, `user_name`, `noloop`, `_ukey`) VALUES ('RUL49a3c540:14e51feb8f6:-77d2', 'DEPLOYED', 'CALC_RPU_APPRAISAL', 'miscassessment', 'BEFORE-ASSESSLEVEL', 'CALC RPU APPRAISAL', NULL, '50000', NULL, NULL, '2015-07-02 23:44:36', 'USR-5596bc96:149114d7d7c:-4468', 'VINZ', '1', 'RUL49a3c540:14e51feb8f6:-77d2');
INSERT IGNORE INTO `sys_rule` (`objid`, `state`, `name`, `ruleset`, `rulegroup`, `title`, `description`, `salience`, `effectivefrom`, `effectiveto`, `dtfiled`, `user_objid`, `user_name`, `noloop`, `_ukey`) VALUES ('RUL4e46261d:14f924c6b53:-7d9b', 'DEPLOYED', 'CALC_DEPRECIATION_SWORN', 'bldgassessment', 'DEPRECIATION', 'CALC DEPRECIATION SWORN', NULL, '50000', NULL, NULL, '2015-09-03 04:39:13', 'USR-5596bc96:149114d7d7c:-4468', 'VINZ', '1', 'RUL4e46261d:14f924c6b53:-7d9b');
INSERT IGNORE INTO `sys_rule` (`objid`, `state`, `name`, `ruleset`, `rulegroup`, `title`, `description`, `salience`, `effectivefrom`, `effectiveto`, `dtfiled`, `user_objid`, `user_name`, `noloop`, `_ukey`) VALUES ('RUL59614e16:14c5e56ecc8:-7cbf', 'DEPLOYED', 'CALC_MARKET_VALUE', 'miscassessment', 'MARKETVALUE', 'CALC MARKET VALUE', NULL, '50000', NULL, NULL, '2015-04-06 23:40:52', 'USR-5596bc96:149114d7d7c:-4468', 'VINZ', '1', 'RUL59614e16:14c5e56ecc8:-7cbf');
INSERT IGNORE INTO `sys_rule` (`objid`, `state`, `name`, `ruleset`, `rulegroup`, `title`, `description`, `salience`, `effectivefrom`, `effectiveto`, `dtfiled`, `user_objid`, `user_name`, `noloop`, `_ukey`) VALUES ('RUL59614e16:14c5e56ecc8:-7dfb', 'DEPLOYED', 'CALC_DEPRECIATION', 'miscassessment', 'DEPRECIATION', 'CALC DEPRECIATION', NULL, '50000', NULL, NULL, '2015-04-06 23:40:52', 'USR-5596bc96:149114d7d7c:-4468', 'VINZ', '1', 'RUL59614e16:14c5e56ecc8:-7dfb');
INSERT IGNORE INTO `sys_rule` (`objid`, `state`, `name`, `ruleset`, `rulegroup`, `title`, `description`, `salience`, `effectivefrom`, `effectiveto`, `dtfiled`, `user_objid`, `user_name`, `noloop`, `_ukey`) VALUES ('RUL5b4ac915:147baaa06b4:-6f31', 'DEPLOYED', 'BUILD_ASSESSMENT_INFO_SPLIT', 'landassessment', 'SUMMARY', 'BUILD_ASSESSMENT_INFO_SPLIT', NULL, '50000', NULL, NULL, '2014-12-15 23:59:22', 'USR7e15465b:14a51353b1a:-7fb7', 'ADMIN', '1', 'RUL5b4ac915:147baaa06b4:-6f31');
INSERT IGNORE INTO `sys_rule` (`objid`, `state`, `name`, `ruleset`, `rulegroup`, `title`, `description`, `salience`, `effectivefrom`, `effectiveto`, `dtfiled`, `user_objid`, `user_name`, `noloop`, `_ukey`) VALUES ('RUL5f10a9aa:1698ea3f7ff:-6cba', 'DEPLOYED', 'CALC_TOTAL_AV', 'landassessment', 'AFTER-SUMMARY', 'CALC TOTAL AV', NULL, '50000', NULL, NULL, '2019-03-18 12:49:01', 'USR-ADMIN', 'ADMIN', '1', 'RUL5f10a9aa:1698ea3f7ff:-6cba');
INSERT IGNORE INTO `sys_rule` (`objid`, `state`, `name`, `ruleset`, `rulegroup`, `title`, `description`, `salience`, `effectivefrom`, `effectiveto`, `dtfiled`, `user_objid`, `user_name`, `noloop`, `_ukey`) VALUES ('RUL6d174068:14e3de9c20b:-7fcb', 'DEPLOYED', 'CALC_RPU_ASSESSED_VALUE', 'miscassessment', 'ASSESSEDVALUE', 'CALC RPU ASSESSED VALUE', NULL, '50000', NULL, NULL, '2015-06-29 02:04:44', 'USR-5596bc96:149114d7d7c:-4468', 'VINZ', '1', 'RUL6d174068:14e3de9c20b:-7fcb');

INSERT IGNORE INTO `sys_rule_deployed` (`objid`, `ruletext`) VALUES ('RUL-2486b0ca:146fff66c3e:-2c4a', '\npackage bldgassessment.CALC_ACTUAL_USE_MV;\nimport bldgassessment.*;\nimport java.util.*;\nimport com.rameses.rules.common.*;\n\nglobal RuleAction action;\n\nrule \"CALC_ACTUAL_USE_MV\"\n	agenda-group \"MARKETVALUE\"\n	salience 50000\n	no-loop\n	when\n		\n		\n		BU: rptis.bldg.facts.BldgUse (  BMV:basemarketvalue,DEP:depreciationvalue,ADJ:adjustment ) \n		\n	then\n		Map bindings = new HashMap();\n		\n		bindings.put(\"BU\", BU );\n		\n		bindings.put(\"BMV\", BMV );\n		\n		bindings.put(\"DEP\", DEP );\n		\n		bindings.put(\"ADJ\", ADJ );\n		\n	Map _p0 = new HashMap();\r\n_p0.put( \"bldguse\", BU );\r\n_p0.put( \"expr\", (new ActionExpression(\"@ROUNDTOTEN( BMV + ADJ - DEP  )\", bindings)) );\r\naction.execute( \"calc-bldguse-mv\",_p0,drools);\r\n\nend\n\n\n	');
INSERT IGNORE INTO `sys_rule_deployed` (`objid`, `ruletext`) VALUES ('RUL-2486b0ca:146fff66c3e:-38e4', '\npackage bldgassessment.CALC_FLOOR_MARKET_VALUE;\nimport bldgassessment.*;\nimport java.util.*;\nimport com.rameses.rules.common.*;\n\nglobal RuleAction action;\n\nrule \"CALC_FLOOR_MARKET_VALUE\"\n	agenda-group \"BEFORE-MARKETVALUE\"\n	salience 50000\n	no-loop\n	when\n		\n		\n		BF: rptis.bldg.facts.BldgFloor (  BMV:basemarketvalue,ADJ:adjustment ) \n		\n	then\n		Map bindings = new HashMap();\n		\n		bindings.put(\"BF\", BF );\n		\n		bindings.put(\"BMV\", BMV );\n		\n		bindings.put(\"ADJ\", ADJ );\n		\n	Map _p0 = new HashMap();\r\n_p0.put( \"bldgfloor\", BF );\r\n_p0.put( \"expr\", (new ActionExpression(\"@ROUNDTOTEN( BMV + ADJ )\", bindings)) );\r\naction.execute( \"calc-floor-mv\",_p0,drools);\r\n\nend\n\n\n	');
INSERT IGNORE INTO `sys_rule_deployed` (`objid`, `ruletext`) VALUES ('RUL-2486b0ca:146fff66c3e:-4192', '\npackage bldgassessment.CALC_DEPRECIATION;\nimport bldgassessment.*;\nimport java.util.*;\nimport com.rameses.rules.common.*;\n\nglobal RuleAction action;\n\nrule \"CALC_DEPRECIATION\"\n	agenda-group \"DEPRECIATION\"\n	salience 50000\n	no-loop\n	when\n		\n		\n		RPU: rptis.bldg.facts.BldgRPU (  DPRATE:depreciation ) \n		\n		BU: rptis.bldg.facts.BldgUse (  BMV:basemarketvalue,ADJUSTMENT:adjustment,useswornamount == false  ) \n		\n	then\n		Map bindings = new HashMap();\n		\n		bindings.put(\"RPU\", RPU );\n		\n		bindings.put(\"DPRATE\", DPRATE );\n		\n		bindings.put(\"BMV\", BMV );\n		\n		bindings.put(\"BU\", BU );\n		\n		bindings.put(\"ADJUSTMENT\", ADJUSTMENT );\n		\n	Map _p0 = new HashMap();\r\n_p0.put( \"bldguse\", BU );\r\n_p0.put( \"expr\", (new ActionExpression(\"@ROUND( (BMV + ADJUSTMENT ) * DPRATE   / 100.0  , 2)\", bindings)) );\r\naction.execute( \"calc-bldguse-depreciation\",_p0,drools);\r\n\nend\n\n\n	');
INSERT IGNORE INTO `sys_rule_deployed` (`objid`, `ruletext`) VALUES ('RUL-2486b0ca:146fff66c3e:-4697', '\npackage bldgassessment.CALC_DEPRECATION_RATE_FROM_SKED;\nimport bldgassessment.*;\nimport java.util.*;\nimport com.rameses.rules.common.*;\n\nglobal RuleAction action;\n\nrule \"CALC_DEPRECATION_RATE_FROM_SKED\"\n	agenda-group \"BEFORE-DEPRECIATON\"\n	salience 50000\n	no-loop\n	when\n		\n		\n		BS: rptis.bldg.facts.BldgStructure (   ) \n		\n	then\n		Map bindings = new HashMap();\n		\n		bindings.put(\"BS\", BS );\n		\n	Map _p0 = new HashMap();\r\n_p0.put( \"bldgstructure\", BS );\r\naction.execute( \"calc-depreciation-sked\",_p0,drools);\r\n\nend\n\n\n	');
INSERT IGNORE INTO `sys_rule_deployed` (`objid`, `ruletext`) VALUES ('RUL-2486b0ca:146fff66c3e:-6b05', '\npackage bldgassessment.CALC_FLOOR_BMV;\nimport bldgassessment.*;\nimport java.util.*;\nimport com.rameses.rules.common.*;\n\nglobal RuleAction action;\n\nrule \"CALC_FLOOR_BMV\"\n	agenda-group \"FLOOR\"\n	salience 50000\n	no-loop\n	when\n		\n		\n		BF: rptis.bldg.facts.BldgFloor (  AREA:area,UV:unitvalue ) \n		\n	then\n		Map bindings = new HashMap();\n		\n		bindings.put(\"BF\", BF );\n		\n		bindings.put(\"AREA\", AREA );\n		\n		bindings.put(\"UV\", UV );\n		\n	Map _p0 = new HashMap();\r\n_p0.put( \"bldgfloor\", BF );\r\n_p0.put( \"expr\", (new ActionExpression(\"AREA * UV\", bindings)) );\r\naction.execute( \"calc-floor-bmv\",_p0,drools);\r\n\nend\n\n\n	');
INSERT IGNORE INTO `sys_rule_deployed` (`objid`, `ruletext`) VALUES ('RUL-31fc82f2:15cf6ecbe4d:-6b3d', '\npackage landassessment.COMPUTE_AV_NOT_ROUND;\nimport landassessment.*;\nimport java.util.*;\nimport com.rameses.rules.common.*;\n\nglobal RuleAction action;\n\nrule \"COMPUTE_AV_NOT_ROUND\"\n	agenda-group \"ASSESSEDVALUE\"\n	salience 50000\n	no-loop\n	when\n		\n		\n		LA: rptis.land.facts.LandDetail (  MV:marketvalue,AL:assesslevel,taxable == true  ) \n		\n	then\n		Map bindings = new HashMap();\n		\n		bindings.put(\"LA\", LA );\n		\n		bindings.put(\"MV\", MV );\n		\n		bindings.put(\"AL\", AL );\n		\n	Map _p0 = new HashMap();\r\n_p0.put( \"landdetail\", LA );\r\n_p0.put( \"expr\", (new ActionExpression(\"@ROUNDTOTEN( MV * AL / 100.0 )\", bindings)) );\r\naction.execute( \"calc-av\",_p0,drools);\r\n\nend\n\n\n	');
INSERT IGNORE INTO `sys_rule_deployed` (`objid`, `ruletext`) VALUES ('RUL-3e8edbea:156bc08656a:-5f05', '\npackage landassessment.RECALC_RPU_TOTAL_AV;\nimport landassessment.*;\nimport java.util.*;\nimport com.rameses.rules.common.*;\n\nglobal RuleAction action;\n\nrule \"RECALC_RPU_TOTAL_AV\"\n	agenda-group \"AFTER-SUMMARY\"\n	salience 40000\n	no-loop\n	when\n		\n		\n		RPU: rptis.facts.RPU (   ) \n		\n		VAR: rptis.facts.RPTVariable (  varid matches \"TOTAL_AV\",AV:value ) \n		\n	then\n		Map bindings = new HashMap();\n		\n		bindings.put(\"RPU\", RPU );\n		\n		bindings.put(\"VAR\", VAR );\n		\n		bindings.put(\"AV\", AV );\n		\n	Map _p0 = new HashMap();\r\n_p0.put( \"rpu\", RPU );\r\n_p0.put( \"expr\", (new ActionExpression(\"@ROUNDTOTEN( AV  )\", bindings)) );\r\naction.execute( \"recalc-rpu-totalav\",_p0,drools);\r\n\nend\n\n\n	');
INSERT IGNORE INTO `sys_rule_deployed` (`objid`, `ruletext`) VALUES ('RUL-46fca07e:14c545f3e6a:-33b4', '\npackage bldgassessment.ROUND_FLOOR_BMV_TO_NEAREST_ONES;\nimport bldgassessment.*;\nimport java.util.*;\nimport com.rameses.rules.common.*;\n\nglobal RuleAction action;\n\nrule \"ROUND_FLOOR_BMV_TO_NEAREST_ONES\"\n	agenda-group \"AFTER-BASEMARKETVALUE\"\n	salience 50000\n	no-loop\n	when\n		\n		\n		BF: rptis.bldg.facts.BldgFloor (  BMV:basemarketvalue ) \n		\n	then\n		Map bindings = new HashMap();\n		\n		bindings.put(\"BF\", BF );\n		\n		bindings.put(\"BMV\", BMV );\n		\n	Map _p0 = new HashMap();\r\n_p0.put( \"bldgfloor\", BF );\r\n_p0.put( \"expr\", (new ActionExpression(\"@ROUNDTOTEN( BMV)\", bindings)) );\r\naction.execute( \"calc-floor-bmv\",_p0,drools);\r\n\nend\n\n\n	');
INSERT IGNORE INTO `sys_rule_deployed` (`objid`, `ruletext`) VALUES ('RUL-46fca07e:14c545f3e6a:-350f', '\npackage bldgassessment.ROUND_ACTUALUSE_BMV_TO_NEAREST_ONE;\nimport bldgassessment.*;\nimport java.util.*;\nimport com.rameses.rules.common.*;\n\nglobal RuleAction action;\n\nrule \"ROUND_ACTUALUSE_BMV_TO_NEAREST_ONE\"\n	agenda-group \"AFTER-BASEMARKETVALUE\"\n	salience 50000\n	no-loop\n	when\n		\n		\n		BU: rptis.bldg.facts.BldgUse (  BMV:basemarketvalue ) \n		\n	then\n		Map bindings = new HashMap();\n		\n		bindings.put(\"BU\", BU );\n		\n		bindings.put(\"BMV\", BMV );\n		\n	Map _p0 = new HashMap();\r\n_p0.put( \"bldguse\", BU );\r\n_p0.put( \"expr\", (new ActionExpression(\"@ROUNDTOTEN(BMV)\", bindings)) );\r\naction.execute( \"calc-bldguse-bmv\",_p0,drools);\r\n\nend\n\n\n	');
INSERT IGNORE INTO `sys_rule_deployed` (`objid`, `ruletext`) VALUES ('RUL-46fca07e:14c545f3e6a:-7740', '\npackage landassessment.CALC_MV;\nimport landassessment.*;\nimport java.util.*;\nimport com.rameses.rules.common.*;\n\nglobal RuleAction action;\n\nrule \"CALC_MV\"\n	agenda-group \"MARKETVALUE\"\n	salience 50000\n	no-loop\n	when\n		\n		\n		LA: rptis.land.facts.LandDetail (  BMV:basemarketvalue,ADJ:adjustment ) \n		\n	then\n		Map bindings = new HashMap();\n		\n		bindings.put(\"LA\", LA );\n		\n		bindings.put(\"BMV\", BMV );\n		\n		bindings.put(\"ADJ\", ADJ );\n		\n	Map _p0 = new HashMap();\r\n_p0.put( \"landdetail\", LA );\r\n_p0.put( \"expr\", (new ActionExpression(\" BMV + ADJ\", bindings)) );\r\naction.execute( \"calc-mv\",_p0,drools);\r\n\nend\n\n\n	');
INSERT IGNORE INTO `sys_rule_deployed` (`objid`, `ruletext`) VALUES ('RUL-46fca07e:14c545f3e6a:-7a8b', '\npackage landassessment.CALC_BMV;\nimport landassessment.*;\nimport java.util.*;\nimport com.rameses.rules.common.*;\n\nglobal RuleAction action;\n\nrule \"CALC_BMV\"\n	agenda-group \"BASEMARKETVALUE\"\n	salience 50000\n	no-loop\n	when\n		\n		\n		LA: rptis.land.facts.LandDetail (  AREA:area,UV:unitvalue ) \n		\n	then\n		Map bindings = new HashMap();\n		\n		bindings.put(\"LA\", LA );\n		\n		bindings.put(\"AREA\", AREA );\n		\n		bindings.put(\"UV\", UV );\n		\n	Map _p0 = new HashMap();\r\n_p0.put( \"landdetail\", LA );\r\n_p0.put( \"expr\", (new ActionExpression(\"@ROUND( AREA * UV, 2)\", bindings)) );\r\naction.execute( \"calc-bmv\",_p0,drools);\r\n\nend\n\n\n	');
INSERT IGNORE INTO `sys_rule_deployed` (`objid`, `ruletext`) VALUES ('RUL-4dd00f9d:1698f34b282:-7e5f', '\npackage bldgassessment.CALC_TOTAL_AV;\nimport bldgassessment.*;\nimport java.util.*;\nimport com.rameses.rules.common.*;\n\nglobal RuleAction action;\n\nrule \"CALC_TOTAL_AV\"\n	agenda-group \"AFTER-SUMMARY\"\n	salience 50000\n	no-loop\n	when\n		\n		\n		RA: rptis.facts.RPUAssessment (  actualuseid != null,AV:assessedvalue,taxable == true  ) \n		\n	then\n		Map bindings = new HashMap();\n		\n		bindings.put(\"RA\", RA );\n		\n		bindings.put(\"AV\", AV );\n		\n	Map _p0 = new HashMap();\r\n_p0.put( \"var\", new KeyValue(\"TOTAL_AV\", \"TOTAL_AV\") );\r\n_p0.put( \"aggregatetype\", \"sum\" );\r\n_p0.put( \"expr\", (new ActionExpression(\"AV\", bindings)) );\r\naction.execute( \"add-derive-var\",_p0,drools);\r\n\nend\n\n\n	');
INSERT IGNORE INTO `sys_rule_deployed` (`objid`, `ruletext`) VALUES ('RUL-5e76cf73:14d69e9c549:-7084', '\npackage landassessment.ROUND_LAND_ITEM_ADJUSTMENTS;\nimport landassessment.*;\nimport java.util.*;\nimport com.rameses.rules.common.*;\n\nglobal RuleAction action;\n\nrule \"ROUND_LAND_ITEM_ADJUSTMENTS\"\n	agenda-group \"AFTER-ADJUSTMENT\"\n	salience 50000\n	no-loop\n	when\n		\n		\n		LA: rptis.land.facts.LandDetail (  ADJ:adjustment,LVADJ:landvalueadjustment,AUADJ:actualuseadjustment ) \n		\n	then\n		Map bindings = new HashMap();\n		\n		bindings.put(\"LA\", LA );\n		\n		bindings.put(\"ADJ\", ADJ );\n		\n		bindings.put(\"LVADJ\", LVADJ );\n		\n		bindings.put(\"AUADJ\", AUADJ );\n		\n	Map _p0 = new HashMap();\r\n_p0.put( \"landdetail\", LA );\r\n_p0.put( \"expr\", (new ActionExpression(\"@ROUND( LVADJ, 2)\", bindings)) );\r\naction.execute( \"update-landdetail-value-adj\",_p0,drools);\r\nMap _p1 = new HashMap();\r\n_p1.put( \"landdetail\", LA );\r\n_p1.put( \"expr\", (new ActionExpression(\"@ROUND( AUADJ, 2)\", bindings)) );\r\naction.execute( \"update-landdetail-actualuse-adj\",_p1,drools);\r\nMap _p2 = new HashMap();\r\n_p2.put( \"landdetail\", LA );\r\n_p2.put( \"expr\", (new ActionExpression(\"@ROUND( ADJ, 2)\", bindings)) );\r\naction.execute( \"update-landdetail-adj\",_p2,drools);\r\n\nend\n\n\n	');
INSERT IGNORE INTO `sys_rule_deployed` (`objid`, `ruletext`) VALUES ('RUL-5e76cf73:14d69e9c549:-7fd4', '\npackage landassessment.ROUND_ADJ_TO_ONE;\nimport landassessment.*;\nimport java.util.*;\nimport com.rameses.rules.common.*;\n\nglobal RuleAction action;\n\nrule \"ROUND_ADJ_TO_ONE\"\n	agenda-group \"AFTER-ADJUSTMENT\"\n	salience 50000\n	no-loop\n	when\n		\n		\n		ADJ: rptis.land.facts.LandAdjustment (  ADJAMOUNT:adjustment ) \n		\n	then\n		Map bindings = new HashMap();\n		\n		bindings.put(\"ADJ\", ADJ );\n		\n		bindings.put(\"ADJAMOUNT\", ADJAMOUNT );\n		\n	Map _p0 = new HashMap();\r\n_p0.put( \"adjustment\", ADJ );\r\n_p0.put( \"expr\", (new ActionExpression(\"@ROUND( ADJAMOUNT, 2)\", bindings)) );\r\naction.execute( \"update-adj\",_p0,drools);\r\n\nend\n\n\n	');
INSERT IGNORE INTO `sys_rule_deployed` (`objid`, `ruletext`) VALUES ('RUL-60c99d04:1470b276e7f:-7ecc', '\npackage bldgassessment.CALC_BMV;\nimport bldgassessment.*;\nimport java.util.*;\nimport com.rameses.rules.common.*;\n\nglobal RuleAction action;\n\nrule \"CALC_BMV\"\n	agenda-group \"BASEMARKETVALUE\"\n	salience 50000\n	no-loop\n	when\n		\n		\n		BS: rptis.bldg.facts.BldgStructure (  TOTALAREA:totalfloorarea ) \n		\n		BU: rptis.bldg.facts.BldgUse (  bldgstructure == BS,BASEVALUE:basevalue,BUAREA:area ) \n		\n	then\n		Map bindings = new HashMap();\n		\n		bindings.put(\"BS\", BS );\n		\n		bindings.put(\"BU\", BU );\n		\n		bindings.put(\"TOTALAREA\", TOTALAREA );\n		\n		bindings.put(\"BASEVALUE\", BASEVALUE );\n		\n		bindings.put(\"BUAREA\", BUAREA );\n		\n	Map _p0 = new HashMap();\r\n_p0.put( \"bldguse\", BU );\r\n_p0.put( \"expr\", (new ActionExpression(\"@ROUND( BUAREA * BASEVALUE  )\", bindings)) );\r\naction.execute( \"calc-bldguse-bmv\",_p0,drools);\r\n\nend\n\n\n	');
INSERT IGNORE INTO `sys_rule_deployed` (`objid`, `ruletext`) VALUES ('RUL-762e9176:15d067a9c42:-5aa0', '\npackage miscassessment.RECALC_RPU_TOTAL_AV;\nimport miscassessment.*;\nimport java.util.*;\nimport com.rameses.rules.common.*;\n\nglobal RuleAction action;\n\nrule \"RECALC_RPU_TOTAL_AV\"\n	agenda-group \"AFTER-SUMMARY\"\n	salience 60000\n	no-loop\n	when\n		\n		\n		VAR: rptis.facts.RPTVariable (  varid matches \"P-79a9a347:15cfcae84de:-5edb\",TOTALAV:value ) \n		\n		RPU: rptis.facts.RPU (   ) \n		\n	then\n		Map bindings = new HashMap();\n		\n		bindings.put(\"VAR\", VAR );\n		\n		bindings.put(\"RPU\", RPU );\n		\n		bindings.put(\"TOTALAV\", TOTALAV );\n		\n	Map _p0 = new HashMap();\r\n_p0.put( \"rpu\", RPU );\r\n_p0.put( \"expr\", (new ActionExpression(\"@ROUNDTOTEN( TOTALAV)\", bindings)) );\r\naction.execute( \"recalc-rpu-totalav\",_p0,drools);\r\n\nend\n\n\n	');
INSERT IGNORE INTO `sys_rule_deployed` (`objid`, `ruletext`) VALUES ('RUL-79a9a347:15cfcae84de:-6f2a', '\npackage bldgassessment.RECALC_TOTAL_AV;\nimport bldgassessment.*;\nimport java.util.*;\nimport com.rameses.rules.common.*;\n\nglobal RuleAction action;\n\nrule \"RECALC_TOTAL_AV\"\n	agenda-group \"AFTER-SUMMARY\"\n	salience 50000\n	no-loop\n	when\n		\n		\n		RPU: rptis.facts.RPU (  RPUID:objid ) \n		\n		VAR: rptis.facts.RPTVariable (  varid matches \"TOTAL_AV\",AV:value ) \n		\n	then\n		Map bindings = new HashMap();\n		\n		bindings.put(\"RPU\", RPU );\n		\n		bindings.put(\"RPUID\", RPUID );\n		\n		bindings.put(\"VAR\", VAR );\n		\n		bindings.put(\"AV\", AV );\n		\n	Map _p0 = new HashMap();\r\n_p0.put( \"rpu\", RPU );\r\n_p0.put( \"expr\", (new ActionExpression(\"@ROUNDTOTEN(AV );\", bindings)) );\r\naction.execute( \"recalc-rpu-totalav\",_p0,drools);\r\n\nend\n\n\n	');
INSERT IGNORE INTO `sys_rule_deployed` (`objid`, `ruletext`) VALUES ('RUL-79a9a347:15cfcae84de:f6c', '\npackage planttreeassessment.CALC_AV;\nimport planttreeassessment.*;\nimport java.util.*;\nimport com.rameses.rules.common.*;\n\nglobal RuleAction action;\n\nrule \"CALC_AV\"\n	agenda-group \"ASSESSEDVALUE\"\n	salience 50000\n	no-loop\n	when\n		\n		\n		PTD: rptis.planttree.facts.PlantTreeDetail (  MV:marketvalue,AL:assesslevel ) \n		\n	then\n		Map bindings = new HashMap();\n		\n		bindings.put(\"PTD\", PTD );\n		\n		bindings.put(\"MV\", MV );\n		\n		bindings.put(\"AL\", AL );\n		\n	Map _p0 = new HashMap();\r\n_p0.put( \"planttreedetail\", PTD );\r\n_p0.put( \"expr\", (new ActionExpression(\"@ROUNDTOTEN(MV * AL / 100.0);\", bindings)) );\r\naction.execute( \"calc-planttree-av\",_p0,drools);\r\n\nend\n\n\n	');
INSERT IGNORE INTO `sys_rule_deployed` (`objid`, `ruletext`) VALUES ('RUL-a35dd35:14e51ec3311:-5d4c', '\npackage miscassessment.CALC_RPU_SWORN_AMOUNT;\nimport miscassessment.*;\nimport java.util.*;\nimport com.rameses.rules.common.*;\n\nglobal RuleAction action;\n\nrule \"CALC_RPU_SWORN_AMOUNT\"\n	agenda-group \"BEFORE-ASSESSLEVEL\"\n	salience 50000\n	no-loop\n	when\n		\n		\n		MRPU: rptis.misc.facts.MiscRPU (  useswornamount == true ,SWORNAMT:swornamount ) \n		\n		MI: rptis.misc.facts.MiscItem (  DPRATE:depreciation ) \n		\n	then\n		Map bindings = new HashMap();\n		\n		bindings.put(\"MRPU\", MRPU );\n		\n		bindings.put(\"DPRATE\", DPRATE );\n		\n		bindings.put(\"MI\", MI );\n		\n		bindings.put(\"SWORNAMT\", SWORNAMT );\n		\n	Map _p0 = new HashMap();\r\n_p0.put( \"miscrpu\", MRPU );\r\n_p0.put( \"expr\", (new ActionExpression(\"SWORNAMT * (100 - DPRATE ) / 100.0\", bindings)) );\r\naction.execute( \"calc-rpu-mv\",_p0,drools);\r\nMap _p1 = new HashMap();\r\n_p1.put( \"miscrpu\", MRPU );\r\n_p1.put( \"expr\", (new ActionExpression(\"SWORNAMT * (100 - DPRATE ) / 100.0\", bindings)) );\r\naction.execute( \"calc-rpu-bmv\",_p1,drools);\r\n\nend\n\n\n	');
INSERT IGNORE INTO `sys_rule_deployed` (`objid`, `ruletext`) VALUES ('RUL1441128c:1471efa4c1c:-6c93', '\npackage bldgassessment.CALC_ASSESS_LEVEL;\nimport bldgassessment.*;\nimport java.util.*;\nimport com.rameses.rules.common.*;\n\nglobal RuleAction action;\n\nrule \"CALC_ASSESS_LEVEL\"\n	agenda-group \"AFTER-ASSESSLEVEL\"\n	salience 50000\n	no-loop\n	when\n		\n		\n		BA: rptis.facts.RPUAssessment (  actualuseid != null ) \n		\n	then\n		Map bindings = new HashMap();\n		\n		bindings.put(\"BA\", BA );\n		\n	Map _p0 = new HashMap();\r\n_p0.put( \"assessment\", BA );\r\naction.execute( \"calc-assess-level\",_p0,drools);\r\n\nend\n\n\n	');
INSERT IGNORE INTO `sys_rule_deployed` (`objid`, `ruletext`) VALUES ('RUL1441128c:1471efa4c1c:-6eaa', '\npackage bldgassessment.BUILD_ASSESSMENT_INFO;\nimport bldgassessment.*;\nimport java.util.*;\nimport com.rameses.rules.common.*;\n\nglobal RuleAction action;\n\nrule \"BUILD_ASSESSMENT_INFO\"\n	agenda-group \"BEFORE-ASSESSLEVEL\"\n	salience 50000\n	no-loop\n	when\n		\n		\n		BU: rptis.bldg.facts.BldgUse (  ACTUALUSE:actualuseid != null ) \n		\n	then\n		Map bindings = new HashMap();\n		\n		bindings.put(\"BU\", BU );\n		\n		bindings.put(\"ACTUALUSE\", ACTUALUSE );\n		\n	Map _p0 = new HashMap();\r\n_p0.put( \"bldguse\", BU );\r\n_p0.put( \"actualuseid\", ACTUALUSE );\r\naction.execute( \"add-assessment-info\",_p0,drools);\r\n\nend\n\n\n	');
INSERT IGNORE INTO `sys_rule_deployed` (`objid`, `ruletext`) VALUES ('RUL1b4af871:14e3cc46e09:-301e', '\npackage miscassessment.TOTAL_MARKET_VALUE;\nimport miscassessment.*;\nimport java.util.*;\nimport com.rameses.rules.common.*;\n\nglobal RuleAction action;\n\nrule \"TOTAL_MARKET_VALUE\"\n	agenda-group \"AFTER-MARKETVALUE\"\n	salience 50000\n	no-loop\n	when\n		\n		\n		MRPU: rptis.misc.facts.MiscRPU (  REFID:objid ) \n		\n		MI: rptis.misc.facts.MiscItem (  MV:marketvalue ) \n		\n	then\n		Map bindings = new HashMap();\n		\n		bindings.put(\"MRPU\", MRPU );\n		\n		bindings.put(\"MV\", MV );\n		\n		bindings.put(\"REFID\", REFID );\n		\n		bindings.put(\"MI\", MI );\n		\n	Map _p0 = new HashMap();\r\n_p0.put( \"var\", new KeyValue(\"TOTAL_MV\", \"TOTAL_MV\") );\r\n_p0.put( \"aggregatetype\", \"sum\" );\r\n_p0.put( \"expr\", (new ActionExpression(\"MV\", bindings)) );\r\naction.execute( \"add-derive-var\",_p0,drools);\r\n\nend\n\n\n	');
INSERT IGNORE INTO `sys_rule_deployed` (`objid`, `ruletext`) VALUES ('RUL1b4af871:14e3cc46e09:-3341', '\npackage miscassessment.TOTAL_BASE_MARKET_VALUE;\nimport miscassessment.*;\nimport java.util.*;\nimport com.rameses.rules.common.*;\n\nglobal RuleAction action;\n\nrule \"TOTAL_BASE_MARKET_VALUE\"\n	agenda-group \"AFTER-BASEMARKETVALUE\"\n	salience 50000\n	no-loop\n	when\n		\n		\n		MRPU: rptis.misc.facts.MiscRPU (  REFID:objid ) \n		\n		MI: rptis.misc.facts.MiscItem (  BMV:basemarketvalue ) \n		\n	then\n		Map bindings = new HashMap();\n		\n		bindings.put(\"MRPU\", MRPU );\n		\n		bindings.put(\"BMV\", BMV );\n		\n		bindings.put(\"REFID\", REFID );\n		\n		bindings.put(\"MI\", MI );\n		\n	Map _p0 = new HashMap();\r\n_p0.put( \"var\", new KeyValue(\"TOTAL_BMV\", \"TOTAL_BMV\") );\r\n_p0.put( \"aggregatetype\", \"sum\" );\r\n_p0.put( \"expr\", (new ActionExpression(\"BMV\", bindings)) );\r\naction.execute( \"add-derive-var\",_p0,drools);\r\n\nend\n\n\n	');
INSERT IGNORE INTO `sys_rule_deployed` (`objid`, `ruletext`) VALUES ('RUL3b800abe:14d2b978f55:-61fb', '\npackage bldgassessment.ROUND_ACTUALUSE_MV_TO_ONES;\nimport bldgassessment.*;\nimport java.util.*;\nimport com.rameses.rules.common.*;\n\nglobal RuleAction action;\n\nrule \"ROUND_ACTUALUSE_MV_TO_ONES\"\n	agenda-group \"AFTER-MARKETVALUE\"\n	salience 50000\n	no-loop\n	when\n		\n		\n		BU: rptis.bldg.facts.BldgUse (  MV:marketvalue ) \n		\n	then\n		Map bindings = new HashMap();\n		\n		bindings.put(\"BU\", BU );\n		\n		bindings.put(\"MV\", MV );\n		\n	Map _p0 = new HashMap();\r\n_p0.put( \"bldguse\", BU );\r\n_p0.put( \"expr\", (new ActionExpression(\"@ROUNDTOTEN(MV)\", bindings)) );\r\naction.execute( \"calc-bldguse-mv\",_p0,drools);\r\n\nend\n\n\n	');
INSERT IGNORE INTO `sys_rule_deployed` (`objid`, `ruletext`) VALUES ('RUL3b800abe:14d2b978f55:-63a0', '\npackage bldgassessment.ROUND_FLOOR_MV_TO_ONES;\nimport bldgassessment.*;\nimport java.util.*;\nimport com.rameses.rules.common.*;\n\nglobal RuleAction action;\n\nrule \"ROUND_FLOOR_MV_TO_ONES\"\n	agenda-group \"AFTER-MARKETVALUE\"\n	salience 50000\n	no-loop\n	when\n		\n		\n		BF: rptis.bldg.facts.BldgFloor (  MV:marketvalue ) \n		\n	then\n		Map bindings = new HashMap();\n		\n		bindings.put(\"BF\", BF );\n		\n		bindings.put(\"MV\", MV );\n		\n	Map _p0 = new HashMap();\r\n_p0.put( \"bldgfloor\", BF );\r\n_p0.put( \"expr\", (new ActionExpression(\"@ROUNDTOTEN( MV )\", bindings)) );\r\naction.execute( \"calc-floor-mv\",_p0,drools);\r\n\nend\n\n\n	');
INSERT IGNORE INTO `sys_rule_deployed` (`objid`, `ruletext`) VALUES ('RUL3b800abe:14d2b978f55:-7e09', '\npackage bldgassessment.ROUND_ADJ_TO_ONES;\nimport bldgassessment.*;\nimport java.util.*;\nimport com.rameses.rules.common.*;\n\nglobal RuleAction action;\n\nrule \"ROUND_ADJ_TO_ONES\"\n	agenda-group \"AFTER-ADJUSTMENT\"\n	salience 50000\n	no-loop\n	when\n		\n		\n		ADJ: rptis.bldg.facts.BldgAdjustment (  bldgfloor != null,ADJAMOUNT:amount ) \n		\n	then\n		Map bindings = new HashMap();\n		\n		bindings.put(\"ADJ\", ADJ );\n		\n		bindings.put(\"ADJAMOUNT\", ADJAMOUNT );\n		\n	Map _p0 = new HashMap();\r\n_p0.put( \"adjustment\", ADJ );\r\n_p0.put( \"var\", null );\r\n_p0.put( \"expr\", (new ActionExpression(\"@ROUND(ADJAMOUNT, 2)\", bindings)) );\r\naction.execute( \"calc-adj\",_p0,drools);\r\n\nend\n\n\n	');
INSERT IGNORE INTO `sys_rule_deployed` (`objid`, `ruletext`) VALUES ('RUL3e2b89cb:146ff734573:-7dcc', '\npackage bldgassessment.COMPUTE_BLDG_AGE;\nimport bldgassessment.*;\nimport java.util.*;\nimport com.rameses.rules.common.*;\n\nglobal RuleAction action;\n\nrule \"COMPUTE_BLDG_AGE\"\n	agenda-group \"PRE-ASSESSMENT\"\n	salience 50000\n	no-loop\n	when\n		\n		\n		RPU: rptis.bldg.facts.BldgRPU (  YRAPPRAISED:yrappraised > 0,YRCOMPLETED:yrcompleted > 0 ) \n		\n	then\n		Map bindings = new HashMap();\n		\n		bindings.put(\"RPU\", RPU );\n		\n		bindings.put(\"YRAPPRAISED\", YRAPPRAISED );\n		\n		bindings.put(\"YRCOMPLETED\", YRCOMPLETED );\n		\n	Map _p0 = new HashMap();\r\n_p0.put( \"rpu\", RPU );\r\n_p0.put( \"expr\", (new ActionExpression(\"YRAPPRAISED - YRCOMPLETED\", bindings)) );\r\naction.execute( \"calc-bldg-age\",_p0,drools);\r\n\nend\n\n\n	');
INSERT IGNORE INTO `sys_rule_deployed` (`objid`, `ruletext`) VALUES ('RUL3fb43b91:14ccf782188:-6008', '\npackage planttreeassessment.ADJUSTMENT_COMPUTATION;\nimport planttreeassessment.*;\nimport java.util.*;\nimport com.rameses.rules.common.*;\n\nglobal RuleAction action;\n\nrule \"ADJUSTMENT_COMPUTATION\"\n	agenda-group \"AFTER-ADJUSTMENT\"\n	salience 50000\n	no-loop\n	when\n		\n		\n		PTD: rptis.planttree.facts.PlantTreeDetail (  BMV:basemarketvalue,ADJRATE:adjustmentrate > 0.00 ) \n		\n	then\n		Map bindings = new HashMap();\n		\n		bindings.put(\"PTD\", PTD );\n		\n		bindings.put(\"BMV\", BMV );\n		\n		bindings.put(\"ADJRATE\", ADJRATE );\n		\n	Map _p0 = new HashMap();\r\n_p0.put( \"planttreedetail\", PTD );\r\n_p0.put( \"expr\", (new ActionExpression(\"@ROUND( BMV * ADJRATE / 100.0, 0)\", bindings)) );\r\naction.execute( \"calc-planttree-adjustment\",_p0,drools);\r\n\nend\n\n\n	');
INSERT IGNORE INTO `sys_rule_deployed` (`objid`, `ruletext`) VALUES ('RUL40fb8c21:16b4f90f5b4:-71f1', '\npackage bldgassessment.CALC_ASSESS_VALUE;\nimport bldgassessment.*;\nimport java.util.*;\nimport com.rameses.rules.common.*;\n\nglobal RuleAction action;\n\nrule \"CALC_ASSESS_VALUE\"\n	agenda-group \"ASSESSVALUE\"\n	salience 50000\n	no-loop\n	when\n		\n		\n		BA: rptis.facts.RPUAssessment (  actualuseid != null,MV:marketvalue,AL:assesslevel,taxable == true  ) \n		\n	then\n		Map bindings = new HashMap();\n		\n		bindings.put(\"BA\", BA );\n		\n		bindings.put(\"MV\", MV );\n		\n		bindings.put(\"AL\", AL );\n		\n	Map _p0 = new HashMap();\r\n_p0.put( \"assessment\", BA );\r\n_p0.put( \"expr\", (new ActionExpression(\"@ROUNDTOTEN( MV * AL  / 100.0 )\", bindings)) );\r\naction.execute( \"calc-assess-value\",_p0,drools);\r\n\nend\n\n\n	');
INSERT IGNORE INTO `sys_rule_deployed` (`objid`, `ruletext`) VALUES ('RUL40fb8c21:16b4f90f5b4:-79bd', '\npackage landassessment.RECALC_ASSESSMENT_AV;\nimport landassessment.*;\nimport java.util.*;\nimport com.rameses.rules.common.*;\n\nglobal RuleAction action;\n\nrule \"RECALC_ASSESSMENT_AV\"\n	agenda-group \"AFTER-SUMMARY\"\n	salience 10000\n	no-loop\n	when\n		\n		\n		RA: rptis.facts.RPUAssessment (  actualuseid != null,AV:assessedvalue ) \n		\n	then\n		Map bindings = new HashMap();\n		\n		bindings.put(\"RA\", RA );\n		\n		bindings.put(\"AV\", AV );\n		\n	Map _p0 = new HashMap();\r\n_p0.put( \"rpuassessment\", RA );\r\n_p0.put( \"expr\", (new ActionExpression(\"@ROUNDTOTEN(AV)\", bindings)) );\r\naction.execute( \"recalc-rpuassessment\",_p0,drools);\r\n\nend\n\n\n	');
INSERT IGNORE INTO `sys_rule_deployed` (`objid`, `ruletext`) VALUES ('RUL49a3c540:14e51feb8f6:-77d2', '\npackage miscassessment.CALC_RPU_APPRAISAL;\nimport miscassessment.*;\nimport java.util.*;\nimport com.rameses.rules.common.*;\n\nglobal RuleAction action;\n\nrule \"CALC_RPU_APPRAISAL\"\n	agenda-group \"BEFORE-ASSESSLEVEL\"\n	salience 50000\n	no-loop\n	when\n		\n		\n		MRPU: rptis.misc.facts.MiscRPU (  useswornamount == false  ) \n		\n		VAR1: rptis.facts.RPTVariable (  varid matches \"TOTAL_BMV\",TOTALBMV:value ) \n		\n		VAR2: rptis.facts.RPTVariable (  varid matches \"TOTAL_MV\",TOTALMV:value ) \n		\n	then\n		Map bindings = new HashMap();\n		\n		bindings.put(\"MRPU\", MRPU );\n		\n		bindings.put(\"VAR1\", VAR1 );\n		\n		bindings.put(\"TOTALMV\", TOTALMV );\n		\n		bindings.put(\"TOTALBMV\", TOTALBMV );\n		\n		bindings.put(\"VAR2\", VAR2 );\n		\n	Map _p0 = new HashMap();\r\n_p0.put( \"miscrpu\", MRPU );\r\n_p0.put( \"expr\", (new ActionExpression(\"TOTALMV\", bindings)) );\r\naction.execute( \"calc-rpu-mv\",_p0,drools);\r\nMap _p1 = new HashMap();\r\n_p1.put( \"miscrpu\", MRPU );\r\n_p1.put( \"expr\", (new ActionExpression(\"TOTALBMV\", bindings)) );\r\naction.execute( \"calc-rpu-bmv\",_p1,drools);\r\n\nend\n\n\n	');
INSERT IGNORE INTO `sys_rule_deployed` (`objid`, `ruletext`) VALUES ('RUL4e46261d:14f924c6b53:-7d9b', '\npackage bldgassessment.CALC_DEPRECIATION_SWORN;\nimport bldgassessment.*;\nimport java.util.*;\nimport com.rameses.rules.common.*;\n\nglobal RuleAction action;\n\nrule \"CALC_DEPRECIATION_SWORN\"\n	agenda-group \"DEPRECIATION\"\n	salience 50000\n	no-loop\n	when\n		\n		\n		RPU: rptis.bldg.facts.BldgRPU (  DPRATE:depreciation ) \n		\n		BU: rptis.bldg.facts.BldgUse (  SWORNAMT:swornamount,ADJUSTMENT:adjustment,useswornamount == true  ) \n		\n	then\n		Map bindings = new HashMap();\n		\n		bindings.put(\"RPU\", RPU );\n		\n		bindings.put(\"SWORNAMT\", SWORNAMT );\n		\n		bindings.put(\"DPRATE\", DPRATE );\n		\n		bindings.put(\"BU\", BU );\n		\n		bindings.put(\"ADJUSTMENT\", ADJUSTMENT );\n		\n	Map _p0 = new HashMap();\r\n_p0.put( \"bldguse\", BU );\r\n_p0.put( \"expr\", (new ActionExpression(\"@ROUND( (SWORNAMT + ADJUSTMENT)  * DPRATE / 100.0, 2)\", bindings)) );\r\naction.execute( \"calc-bldguse-depreciation\",_p0,drools);\r\n\nend\n\n\n	');
INSERT IGNORE INTO `sys_rule_deployed` (`objid`, `ruletext`) VALUES ('RUL59614e16:14c5e56ecc8:-7cbf', '\npackage miscassessment.CALC_MARKET_VALUE;\nimport miscassessment.*;\nimport java.util.*;\nimport com.rameses.rules.common.*;\n\nglobal RuleAction action;\n\nrule \"CALC_MARKET_VALUE\"\n	agenda-group \"MARKETVALUE\"\n	salience 50000\n	no-loop\n	when\n		\n		\n		MI: rptis.misc.facts.MiscItem (  BMV:basemarketvalue,DEP:depreciatedvalue ) \n		\n	then\n		Map bindings = new HashMap();\n		\n		bindings.put(\"MI\", MI );\n		\n		bindings.put(\"BMV\", BMV );\n		\n		bindings.put(\"DEP\", DEP );\n		\n	Map _p0 = new HashMap();\r\n_p0.put( \"miscitem\", MI );\r\n_p0.put( \"expr\", (new ActionExpression(\"@ROUND( BMV - DEP , 2)\", bindings)) );\r\naction.execute( \"calc-mv\",_p0,drools);\r\n\nend\n\n\n	');
INSERT IGNORE INTO `sys_rule_deployed` (`objid`, `ruletext`) VALUES ('RUL59614e16:14c5e56ecc8:-7dfb', '\npackage miscassessment.CALC_DEPRECIATION;\nimport miscassessment.*;\nimport java.util.*;\nimport com.rameses.rules.common.*;\n\nglobal RuleAction action;\n\nrule \"CALC_DEPRECIATION\"\n	agenda-group \"DEPRECIATION\"\n	salience 50000\n	no-loop\n	when\n		\n		\n		MI: rptis.misc.facts.MiscItem (  BMV:basemarketvalue,DEPRATE:depreciation ) \n		\n	then\n		Map bindings = new HashMap();\n		\n		bindings.put(\"MI\", MI );\n		\n		bindings.put(\"BMV\", BMV );\n		\n		bindings.put(\"DEPRATE\", DEPRATE );\n		\n	Map _p0 = new HashMap();\r\n_p0.put( \"miscitem\", MI );\r\n_p0.put( \"expr\", (new ActionExpression(\"@ROUND( BMV * DEPRATE / 100 , 0)\", bindings)) );\r\naction.execute( \"calc-depreciation\",_p0,drools);\r\n\nend\n\n\n	');
INSERT IGNORE INTO `sys_rule_deployed` (`objid`, `ruletext`) VALUES ('RUL5b4ac915:147baaa06b4:-6f31', '\npackage landassessment.BUILD_ASSESSMENT_INFO_SPLIT;\nimport landassessment.*;\nimport java.util.*;\nimport com.rameses.rules.common.*;\n\nglobal RuleAction action;\n\nrule \"BUILD_ASSESSMENT_INFO_SPLIT\"\n	agenda-group \"SUMMARY\"\n	salience 50000\n	no-loop\n	when\n		\n		\n		LA: rptis.land.facts.LandDetail (  CLASS:classification != null ) \n		\n	then\n		Map bindings = new HashMap();\n		\n		bindings.put(\"LA\", LA );\n		\n		bindings.put(\"CLASS\", CLASS );\n		\n	Map _p0 = new HashMap();\r\n_p0.put( \"landdetail\", LA );\r\n_p0.put( \"classification\", CLASS );\r\naction.execute( \"add-assessment-info\",_p0,drools);\r\n\nend\n\n\n	');
INSERT IGNORE INTO `sys_rule_deployed` (`objid`, `ruletext`) VALUES ('RUL5f10a9aa:1698ea3f7ff:-6cba', '\npackage landassessment.CALC_TOTAL_AV;\nimport landassessment.*;\nimport java.util.*;\nimport com.rameses.rules.common.*;\n\nglobal RuleAction action;\n\nrule \"CALC_TOTAL_AV\"\n	agenda-group \"AFTER-SUMMARY\"\n	salience 50000\n	no-loop\n	when\n		\n		\n		RA: rptis.facts.RPUAssessment (  actualuseid != null,AV:assessedvalue ) \n		\n	then\n		Map bindings = new HashMap();\n		\n		bindings.put(\"RA\", RA );\n		\n		bindings.put(\"AV\", AV );\n		\n	Map _p0 = new HashMap();\r\n_p0.put( \"var\", new KeyValue(\"TOTAL_AV\", \"TOTAL_AV\") );\r\n_p0.put( \"aggregatetype\", \"sum\" );\r\n_p0.put( \"expr\", (new ActionExpression(\"AV\", bindings)) );\r\naction.execute( \"add-derive-var\",_p0,drools);\r\n\nend\n\n\n	');
INSERT IGNORE INTO `sys_rule_deployed` (`objid`, `ruletext`) VALUES ('RUL6d174068:14e3de9c20b:-7fcb', '\npackage miscassessment.CALC_RPU_ASSESSED_VALUE;\nimport miscassessment.*;\nimport java.util.*;\nimport com.rameses.rules.common.*;\n\nglobal RuleAction action;\n\nrule \"CALC_RPU_ASSESSED_VALUE\"\n	agenda-group \"ASSESSEDVALUE\"\n	salience 50000\n	no-loop\n	when\n		\n		\n		MRPU: rptis.misc.facts.MiscRPU (  MV:marketvalue,AL:assesslevel ) \n		\n	then\n		Map bindings = new HashMap();\n		\n		bindings.put(\"MRPU\", MRPU );\n		\n		bindings.put(\"MV\", MV );\n		\n		bindings.put(\"AL\", AL );\n		\n	Map _p0 = new HashMap();\r\n_p0.put( \"miscrpu\", MRPU );\r\n_p0.put( \"expr\", (new ActionExpression(\"@ROUND( MV * AL / 100.0 ,2 )\", bindings)) );\r\naction.execute( \"calc-rpu-av\",_p0,drools);\r\n\nend\n\n\n	');

INSERT IGNORE INTO `sys_rule_fact` (`objid`, `name`, `title`, `factclass`, `sortorder`, `handler`, `defaultvarname`, `dynamic`, `lookuphandler`, `lookupkey`, `lookupvalue`, `lookupdatatype`, `dynamicfieldname`, `builtinconstraints`, `domain`, `factsuperclass`) VALUES ('rptis.bldg.facts.BldgAdjustment', 'rptis.bldg.facts.BldgAdjustment', 'Building Adjustment', 'rptis.bldg.facts.BldgAdjustment', '10', NULL, 'ADJ', NULL, NULL, NULL, NULL, NULL, NULL, NULL, 'RPT', NULL);
INSERT IGNORE INTO `sys_rule_fact` (`objid`, `name`, `title`, `factclass`, `sortorder`, `handler`, `defaultvarname`, `dynamic`, `lookuphandler`, `lookupkey`, `lookupvalue`, `lookupdatatype`, `dynamicfieldname`, `builtinconstraints`, `domain`, `factsuperclass`) VALUES ('rptis.bldg.facts.BldgFloor', 'rptis.bldg.facts.BldgFloor', 'Building Floor', 'rptis.bldg.facts.BldgFloor', '4', NULL, 'BF', NULL, NULL, NULL, NULL, NULL, NULL, NULL, 'RPT', NULL);
INSERT IGNORE INTO `sys_rule_fact` (`objid`, `name`, `title`, `factclass`, `sortorder`, `handler`, `defaultvarname`, `dynamic`, `lookuphandler`, `lookupkey`, `lookupvalue`, `lookupdatatype`, `dynamicfieldname`, `builtinconstraints`, `domain`, `factsuperclass`) VALUES ('rptis.bldg.facts.BldgRPU', 'rptis.bldg.facts.BldgRPU', 'Building RPU', 'rptis.bldg.facts.BldgRPU', '1', NULL, 'RPU', NULL, NULL, NULL, NULL, NULL, NULL, NULL, 'rpt', NULL);
INSERT IGNORE INTO `sys_rule_fact` (`objid`, `name`, `title`, `factclass`, `sortorder`, `handler`, `defaultvarname`, `dynamic`, `lookuphandler`, `lookupkey`, `lookupvalue`, `lookupdatatype`, `dynamicfieldname`, `builtinconstraints`, `domain`, `factsuperclass`) VALUES ('rptis.bldg.facts.BldgStructure', 'rptis.bldg.facts.BldgStructure', 'Building Structure', 'rptis.bldg.facts.BldgStructure', '2', NULL, 'BS', NULL, NULL, NULL, NULL, NULL, NULL, NULL, 'RPT', NULL);
INSERT IGNORE INTO `sys_rule_fact` (`objid`, `name`, `title`, `factclass`, `sortorder`, `handler`, `defaultvarname`, `dynamic`, `lookuphandler`, `lookupkey`, `lookupvalue`, `lookupdatatype`, `dynamicfieldname`, `builtinconstraints`, `domain`, `factsuperclass`) VALUES ('rptis.bldg.facts.BldgUse', 'rptis.bldg.facts.BldgUse', 'Building Actual Use', 'rptis.bldg.facts.BldgUse', '3', NULL, 'BU', NULL, NULL, NULL, NULL, NULL, NULL, NULL, 'RPT', NULL);
INSERT IGNORE INTO `sys_rule_fact` (`objid`, `name`, `title`, `factclass`, `sortorder`, `handler`, `defaultvarname`, `dynamic`, `lookuphandler`, `lookupkey`, `lookupvalue`, `lookupdatatype`, `dynamicfieldname`, `builtinconstraints`, `domain`, `factsuperclass`) VALUES ('rptis.bldg.facts.BldgVariable', 'rptis.bldg.facts.BldgVariable', 'Derived Variable', 'rptis.bldg.facts.BldgVariable', '35', NULL, 'VAR', NULL, NULL, NULL, NULL, NULL, NULL, NULL, 'RPT', NULL);
INSERT IGNORE INTO `sys_rule_fact` (`objid`, `name`, `title`, `factclass`, `sortorder`, `handler`, `defaultvarname`, `dynamic`, `lookuphandler`, `lookupkey`, `lookupvalue`, `lookupdatatype`, `dynamicfieldname`, `builtinconstraints`, `domain`, `factsuperclass`) VALUES ('rptis.facts.Classification', 'rptis.facts.Classification', 'Classification', 'rptis.facts.Classification', '45', NULL, 'PC', NULL, NULL, NULL, NULL, NULL, NULL, NULL, 'RPT', NULL);
INSERT IGNORE INTO `sys_rule_fact` (`objid`, `name`, `title`, `factclass`, `sortorder`, `handler`, `defaultvarname`, `dynamic`, `lookuphandler`, `lookupkey`, `lookupvalue`, `lookupdatatype`, `dynamicfieldname`, `builtinconstraints`, `domain`, `factsuperclass`) VALUES ('rptis.facts.RPTVariable', 'rptis.facts.RPTVariable', 'System Variable', 'rptis.facts.RPTVariable', '1000', NULL, 'VAR', NULL, NULL, NULL, NULL, NULL, NULL, NULL, 'rpt', NULL);
INSERT IGNORE INTO `sys_rule_fact` (`objid`, `name`, `title`, `factclass`, `sortorder`, `handler`, `defaultvarname`, `dynamic`, `lookuphandler`, `lookupkey`, `lookupvalue`, `lookupdatatype`, `dynamicfieldname`, `builtinconstraints`, `domain`, `factsuperclass`) VALUES ('rptis.facts.RPU', 'rptis.facts.RPU', 'RPU', 'rptis.facts.RPU', '-1', NULL, 'RPU', NULL, NULL, NULL, NULL, NULL, NULL, NULL, 'rpt', NULL);
INSERT IGNORE INTO `sys_rule_fact` (`objid`, `name`, `title`, `factclass`, `sortorder`, `handler`, `defaultvarname`, `dynamic`, `lookuphandler`, `lookupkey`, `lookupvalue`, `lookupdatatype`, `dynamicfieldname`, `builtinconstraints`, `domain`, `factsuperclass`) VALUES ('rptis.facts.RPUAssessment', 'rptis.facts.RPUAssessment', 'Assessment', 'rptis.facts.RPUAssessment', '80', NULL, 'RA', NULL, NULL, NULL, NULL, NULL, NULL, NULL, 'rpt', NULL);
INSERT IGNORE INTO `sys_rule_fact` (`objid`, `name`, `title`, `factclass`, `sortorder`, `handler`, `defaultvarname`, `dynamic`, `lookuphandler`, `lookupkey`, `lookupvalue`, `lookupdatatype`, `dynamicfieldname`, `builtinconstraints`, `domain`, `factsuperclass`) VALUES ('rptis.land.facts.LandAdjustment', 'rptis.land.facts.LandAdjustment', 'Adjustment', 'rptis.land.facts.LandAdjustment', '6', NULL, 'ADJ', NULL, NULL, NULL, NULL, NULL, NULL, NULL, 'RPT', NULL);
INSERT IGNORE INTO `sys_rule_fact` (`objid`, `name`, `title`, `factclass`, `sortorder`, `handler`, `defaultvarname`, `dynamic`, `lookuphandler`, `lookupkey`, `lookupvalue`, `lookupdatatype`, `dynamicfieldname`, `builtinconstraints`, `domain`, `factsuperclass`) VALUES ('rptis.land.facts.LandDetail', 'rptis.land.facts.LandDetail', 'Appraisal', 'rptis.land.facts.LandDetail', '2', NULL, 'LA', NULL, NULL, NULL, NULL, NULL, NULL, NULL, 'rpt', NULL);
INSERT IGNORE INTO `sys_rule_fact` (`objid`, `name`, `title`, `factclass`, `sortorder`, `handler`, `defaultvarname`, `dynamic`, `lookuphandler`, `lookupkey`, `lookupvalue`, `lookupdatatype`, `dynamicfieldname`, `builtinconstraints`, `domain`, `factsuperclass`) VALUES ('rptis.mach.facts.MachineActualUse', 'rptis.mach.facts.MachineActualUse', 'Actual Use', 'rptis.mach.facts.MachineActualUse', '3', NULL, 'MAU', NULL, NULL, NULL, NULL, NULL, NULL, NULL, 'rpt', NULL);
INSERT IGNORE INTO `sys_rule_fact` (`objid`, `name`, `title`, `factclass`, `sortorder`, `handler`, `defaultvarname`, `dynamic`, `lookuphandler`, `lookupkey`, `lookupvalue`, `lookupdatatype`, `dynamicfieldname`, `builtinconstraints`, `domain`, `factsuperclass`) VALUES ('rptis.mach.facts.MachineDetail', 'rptis.mach.facts.MachineDetail', 'Machine', 'rptis.mach.facts.MachineDetail', '2', NULL, 'MACH', NULL, NULL, NULL, NULL, NULL, NULL, NULL, 'rpt', NULL);
INSERT IGNORE INTO `sys_rule_fact` (`objid`, `name`, `title`, `factclass`, `sortorder`, `handler`, `defaultvarname`, `dynamic`, `lookuphandler`, `lookupkey`, `lookupvalue`, `lookupdatatype`, `dynamicfieldname`, `builtinconstraints`, `domain`, `factsuperclass`) VALUES ('rptis.misc.facts.MiscItem', 'rptis.misc.facts.MiscItem', 'Miscellaneous Item', 'rptis.misc.facts.MiscItem', '1', NULL, 'MI', NULL, NULL, NULL, NULL, NULL, NULL, NULL, 'RPT', NULL);
INSERT IGNORE INTO `sys_rule_fact` (`objid`, `name`, `title`, `factclass`, `sortorder`, `handler`, `defaultvarname`, `dynamic`, `lookuphandler`, `lookupkey`, `lookupvalue`, `lookupdatatype`, `dynamicfieldname`, `builtinconstraints`, `domain`, `factsuperclass`) VALUES ('rptis.misc.facts.MiscRPU', 'rptis.misc.facts.MiscRPU', 'Miscellaneous RPU', 'rptis.misc.facts.MiscRPU', '0', NULL, 'MRPU', NULL, NULL, NULL, NULL, NULL, NULL, NULL, 'RPT', NULL);
INSERT IGNORE INTO `sys_rule_fact` (`objid`, `name`, `title`, `factclass`, `sortorder`, `handler`, `defaultvarname`, `dynamic`, `lookuphandler`, `lookupkey`, `lookupvalue`, `lookupdatatype`, `dynamicfieldname`, `builtinconstraints`, `domain`, `factsuperclass`) VALUES ('rptis.planttree.facts.PlantTreeDetail', 'rptis.planttree.facts.PlantTreeDetail', 'Plant/Tree Appraisal', 'rptis.planttree.facts.PlantTreeDetail', '1', NULL, 'PTD', NULL, NULL, NULL, NULL, NULL, NULL, NULL, 'RPT', NULL);
INSERT IGNORE INTO `sys_rule_fact` (`objid`, `name`, `title`, `factclass`, `sortorder`, `handler`, `defaultvarname`, `dynamic`, `lookuphandler`, `lookupkey`, `lookupvalue`, `lookupdatatype`, `dynamicfieldname`, `builtinconstraints`, `domain`, `factsuperclass`) VALUES ('RPTTxnInfoFact', 'RPTTxnInfoFact', 'Transaction', 'RPTTxnInfoFact', '0', NULL, NULL, NULL, NULL, NULL, NULL, NULL, NULL, NULL, 'RPT', NULL);
INSERT IGNORE INTO `sys_rule_fact` (`objid`, `name`, `title`, `factclass`, `sortorder`, `handler`, `defaultvarname`, `dynamic`, `lookuphandler`, `lookupkey`, `lookupvalue`, `lookupdatatype`, `dynamicfieldname`, `builtinconstraints`, `domain`, `factsuperclass`) VALUES ('RULFACT64302071:14232ed987c:-7f4e', 'payoption', 'Pay Option', 'bpls.facts.PayOption', '0', NULL, NULL, NULL, NULL, NULL, NULL, NULL, NULL, NULL, 'RPT', NULL);
INSERT IGNORE INTO `sys_rule_fact` (`objid`, `name`, `title`, `factclass`, `sortorder`, `handler`, `defaultvarname`, `dynamic`, `lookuphandler`, `lookupkey`, `lookupvalue`, `lookupdatatype`, `dynamicfieldname`, `builtinconstraints`, `domain`, `factsuperclass`) VALUES ('RULFACT7ee0ab5e:141b6a15885:-7ff1', 'Ledger', 'Business Ledger', 'BPLedger', '1', NULL, NULL, NULL, NULL, NULL, NULL, NULL, NULL, NULL, 'RPT', NULL);
INSERT IGNORE INTO `sys_rule_fact` (`objid`, `name`, `title`, `factclass`, `sortorder`, `handler`, `defaultvarname`, `dynamic`, `lookuphandler`, `lookupkey`, `lookupvalue`, `lookupdatatype`, `dynamicfieldname`, `builtinconstraints`, `domain`, `factsuperclass`) VALUES ('TxnAttributeFact', 'TxnAttributeFact', 'Attribute', 'TxnAttributeFact', '1', NULL, NULL, NULL, NULL, NULL, NULL, NULL, NULL, NULL, 'RPT', NULL);

INSERT IGNORE INTO `sys_rule_fact_field` (`objid`, `parentid`, `name`, `title`, `datatype`, `sortorder`, `handler`, `lookuphandler`, `lookupkey`, `lookupvalue`, `lookupdatatype`, `multivalued`, `required`, `vardatatype`, `lovname`) VALUES ('FACTFLD64302071:14232ed987c:-7f3d', 'RULFACT64302071:14232ed987c:-7f4e', 'type', 'Type', 'string', '1', 'lov', NULL, NULL, NULL, NULL, NULL, NULL, 'string', 'BP_PAYOPTIONS');
INSERT IGNORE INTO `sys_rule_fact_field` (`objid`, `parentid`, `name`, `title`, `datatype`, `sortorder`, `handler`, `lookuphandler`, `lookupkey`, `lookupvalue`, `lookupdatatype`, `multivalued`, `required`, `vardatatype`, `lovname`) VALUES ('FACTFLD7ee0ab5e:141b6a15885:-7fd5', 'RULFACT7ee0ab5e:141b6a15885:-7ff1', 'amtdue', 'Amount Due', 'decimal', '1', 'decimal', NULL, NULL, NULL, NULL, NULL, NULL, 'decimal', NULL);
INSERT IGNORE INTO `sys_rule_fact_field` (`objid`, `parentid`, `name`, `title`, `datatype`, `sortorder`, `handler`, `lookuphandler`, `lookupkey`, `lookupvalue`, `lookupdatatype`, `multivalued`, `required`, `vardatatype`, `lovname`) VALUES ('FACTFLD7ee0ab5e:141b6a15885:-7fdc', 'RULFACT7ee0ab5e:141b6a15885:-7ff1', 'qtr', 'Qtr', 'integer', '2', 'integer', NULL, NULL, NULL, NULL, NULL, NULL, 'integer', NULL);
INSERT IGNORE INTO `sys_rule_fact_field` (`objid`, `parentid`, `name`, `title`, `datatype`, `sortorder`, `handler`, `lookuphandler`, `lookupkey`, `lookupvalue`, `lookupdatatype`, `multivalued`, `required`, `vardatatype`, `lovname`) VALUES ('FACTFLD7ee0ab5e:141b6a15885:-7fe3', 'RULFACT7ee0ab5e:141b6a15885:-7ff1', 'year', 'Year', 'integer', '3', 'integer', NULL, NULL, NULL, NULL, NULL, NULL, 'integer', NULL);
INSERT IGNORE INTO `sys_rule_fact_field` (`objid`, `parentid`, `name`, `title`, `datatype`, `sortorder`, `handler`, `lookuphandler`, `lookupkey`, `lookupvalue`, `lookupdatatype`, `multivalued`, `required`, `vardatatype`, `lovname`) VALUES ('FACTFLD7ee0ab5e:141b6a15885:-7fea', 'RULFACT7ee0ab5e:141b6a15885:-7ff1', 'apptype', 'Application Type', NULL, '4', 'lov', NULL, NULL, NULL, NULL, NULL, NULL, NULL, 'BUSINESS_APP_TYPES');
INSERT IGNORE INTO `sys_rule_fact_field` (`objid`, `parentid`, `name`, `title`, `datatype`, `sortorder`, `handler`, `lookuphandler`, `lookupkey`, `lookupvalue`, `lookupdatatype`, `multivalued`, `required`, `vardatatype`, `lovname`) VALUES ('rptis.bldg.facts.BldgAdjustment.additionalitemcode', 'rptis.bldg.facts.BldgAdjustment', 'additionalitemcode', 'Adjustment Code', 'string', '3', 'string', 'bldgadditionalitem:lookup', 'objid', 'name', NULL, NULL, '0', 'string', NULL);
INSERT IGNORE INTO `sys_rule_fact_field` (`objid`, `parentid`, `name`, `title`, `datatype`, `sortorder`, `handler`, `lookuphandler`, `lookupkey`, `lookupvalue`, `lookupdatatype`, `multivalued`, `required`, `vardatatype`, `lovname`) VALUES ('rptis.bldg.facts.BldgAdjustment.adjtype', 'rptis.bldg.facts.BldgAdjustment', 'adjtype', 'Adjustment Type', 'string', '4', 'lov', NULL, NULL, NULL, NULL, NULL, NULL, 'string', 'RPT_BLDG_ADJUSTMENT_TYPES');
INSERT IGNORE INTO `sys_rule_fact_field` (`objid`, `parentid`, `name`, `title`, `datatype`, `sortorder`, `handler`, `lookuphandler`, `lookupkey`, `lookupvalue`, `lookupdatatype`, `multivalued`, `required`, `vardatatype`, `lovname`) VALUES ('rptis.bldg.facts.BldgAdjustment.amount', 'rptis.bldg.facts.BldgAdjustment', 'amount', 'Amount', 'decimal', '5', 'decimal', NULL, NULL, NULL, NULL, NULL, NULL, 'decimal', NULL);
INSERT IGNORE INTO `sys_rule_fact_field` (`objid`, `parentid`, `name`, `title`, `datatype`, `sortorder`, `handler`, `lookuphandler`, `lookupkey`, `lookupvalue`, `lookupdatatype`, `multivalued`, `required`, `vardatatype`, `lovname`) VALUES ('rptis.bldg.facts.BldgAdjustment.bldgfloor', 'rptis.bldg.facts.BldgAdjustment', 'bldgfloor', 'Building Floor', 'string', '2', 'var', NULL, NULL, NULL, NULL, NULL, '1', 'rptis.bldg.facts.BldgFloor', NULL);
INSERT IGNORE INTO `sys_rule_fact_field` (`objid`, `parentid`, `name`, `title`, `datatype`, `sortorder`, `handler`, `lookuphandler`, `lookupkey`, `lookupvalue`, `lookupdatatype`, `multivalued`, `required`, `vardatatype`, `lovname`) VALUES ('rptis.bldg.facts.BldgAdjustment.bldguse', 'rptis.bldg.facts.BldgAdjustment', 'bldguse', 'Building Actual Use', 'string', '1', 'var', NULL, NULL, NULL, NULL, NULL, NULL, 'rptis.bldg.facts.BldgUse', NULL);
INSERT IGNORE INTO `sys_rule_fact_field` (`objid`, `parentid`, `name`, `title`, `datatype`, `sortorder`, `handler`, `lookuphandler`, `lookupkey`, `lookupvalue`, `lookupdatatype`, `multivalued`, `required`, `vardatatype`, `lovname`) VALUES ('rptis.bldg.facts.BldgAdjustment.depreciate', 'rptis.bldg.facts.BldgAdjustment', 'depreciate', 'Depreciate?', 'boolean', '6', 'boolean', NULL, NULL, NULL, NULL, NULL, NULL, 'boolean', NULL);
INSERT IGNORE INTO `sys_rule_fact_field` (`objid`, `parentid`, `name`, `title`, `datatype`, `sortorder`, `handler`, `lookuphandler`, `lookupkey`, `lookupvalue`, `lookupdatatype`, `multivalued`, `required`, `vardatatype`, `lovname`) VALUES ('rptis.bldg.facts.BldgFloor.adjustment', 'rptis.bldg.facts.BldgFloor', 'adjustment', 'Adjustment', 'decimal', '7', 'decimal', NULL, NULL, NULL, NULL, NULL, NULL, 'decimal', NULL);
INSERT IGNORE INTO `sys_rule_fact_field` (`objid`, `parentid`, `name`, `title`, `datatype`, `sortorder`, `handler`, `lookuphandler`, `lookupkey`, `lookupvalue`, `lookupdatatype`, `multivalued`, `required`, `vardatatype`, `lovname`) VALUES ('rptis.bldg.facts.BldgFloor.area', 'rptis.bldg.facts.BldgFloor', 'area', 'Area', 'decimal', '3', 'decimal', NULL, NULL, NULL, NULL, NULL, NULL, 'decimal', NULL);
INSERT IGNORE INTO `sys_rule_fact_field` (`objid`, `parentid`, `name`, `title`, `datatype`, `sortorder`, `handler`, `lookuphandler`, `lookupkey`, `lookupvalue`, `lookupdatatype`, `multivalued`, `required`, `vardatatype`, `lovname`) VALUES ('rptis.bldg.facts.BldgFloor.basemarketvalue', 'rptis.bldg.facts.BldgFloor', 'basemarketvalue', 'Base Market Value', 'decimal', '6', 'decimal', NULL, NULL, NULL, NULL, NULL, NULL, 'decimal', NULL);
INSERT IGNORE INTO `sys_rule_fact_field` (`objid`, `parentid`, `name`, `title`, `datatype`, `sortorder`, `handler`, `lookuphandler`, `lookupkey`, `lookupvalue`, `lookupdatatype`, `multivalued`, `required`, `vardatatype`, `lovname`) VALUES ('rptis.bldg.facts.BldgFloor.basevalue', 'rptis.bldg.facts.BldgFloor', 'basevalue', 'Base Value', 'decimal', '4', 'decimal', NULL, NULL, NULL, NULL, NULL, NULL, 'decimal', NULL);
INSERT IGNORE INTO `sys_rule_fact_field` (`objid`, `parentid`, `name`, `title`, `datatype`, `sortorder`, `handler`, `lookuphandler`, `lookupkey`, `lookupvalue`, `lookupdatatype`, `multivalued`, `required`, `vardatatype`, `lovname`) VALUES ('rptis.bldg.facts.BldgFloor.bldguse', 'rptis.bldg.facts.BldgFloor', 'bldguse', 'Building Actual Use', 'string', '2', 'var', NULL, NULL, NULL, NULL, NULL, NULL, 'rptis.bldg.facts.BldgUse', NULL);
INSERT IGNORE INTO `sys_rule_fact_field` (`objid`, `parentid`, `name`, `title`, `datatype`, `sortorder`, `handler`, `lookuphandler`, `lookupkey`, `lookupvalue`, `lookupdatatype`, `multivalued`, `required`, `vardatatype`, `lovname`) VALUES ('rptis.bldg.facts.BldgFloor.marketvalue', 'rptis.bldg.facts.BldgFloor', 'marketvalue', 'Market Value', 'decimal', '8', 'decimal', NULL, NULL, NULL, NULL, NULL, NULL, 'decimal', NULL);
INSERT IGNORE INTO `sys_rule_fact_field` (`objid`, `parentid`, `name`, `title`, `datatype`, `sortorder`, `handler`, `lookuphandler`, `lookupkey`, `lookupvalue`, `lookupdatatype`, `multivalued`, `required`, `vardatatype`, `lovname`) VALUES ('rptis.bldg.facts.BldgFloor.objid', 'rptis.bldg.facts.BldgFloor', 'objid', 'Objid', 'string', '1', 'string', NULL, NULL, NULL, NULL, NULL, NULL, 'string', NULL);
INSERT IGNORE INTO `sys_rule_fact_field` (`objid`, `parentid`, `name`, `title`, `datatype`, `sortorder`, `handler`, `lookuphandler`, `lookupkey`, `lookupvalue`, `lookupdatatype`, `multivalued`, `required`, `vardatatype`, `lovname`) VALUES ('rptis.bldg.facts.BldgFloor.storeyrate', 'rptis.bldg.facts.BldgFloor', 'storeyrate', 'Storey Adjustment', 'decimal', '9', 'decimal', NULL, NULL, NULL, NULL, NULL, NULL, 'decimal', NULL);
INSERT IGNORE INTO `sys_rule_fact_field` (`objid`, `parentid`, `name`, `title`, `datatype`, `sortorder`, `handler`, `lookuphandler`, `lookupkey`, `lookupvalue`, `lookupdatatype`, `multivalued`, `required`, `vardatatype`, `lovname`) VALUES ('rptis.bldg.facts.BldgFloor.unitvalue', 'rptis.bldg.facts.BldgFloor', 'unitvalue', 'Unit Value', 'decimal', '5', 'decimal', NULL, NULL, NULL, NULL, NULL, NULL, 'decimal', NULL);
INSERT IGNORE INTO `sys_rule_fact_field` (`objid`, `parentid`, `name`, `title`, `datatype`, `sortorder`, `handler`, `lookuphandler`, `lookupkey`, `lookupvalue`, `lookupdatatype`, `multivalued`, `required`, `vardatatype`, `lovname`) VALUES ('rptis.bldg.facts.BldgRPU.assesslevel', 'rptis.bldg.facts.BldgRPU', 'assesslevel', 'Assess Level', 'decimal', '23', 'decimal', NULL, NULL, NULL, NULL, NULL, NULL, 'decimal', NULL);
INSERT IGNORE INTO `sys_rule_fact_field` (`objid`, `parentid`, `name`, `title`, `datatype`, `sortorder`, `handler`, `lookuphandler`, `lookupkey`, `lookupvalue`, `lookupdatatype`, `multivalued`, `required`, `vardatatype`, `lovname`) VALUES ('rptis.bldg.facts.BldgRPU.basevalue', 'rptis.bldg.facts.BldgRPU', 'basevalue', 'Base Value', 'decimal', '12', 'decimal', NULL, NULL, NULL, NULL, NULL, NULL, 'decimal', NULL);
INSERT IGNORE INTO `sys_rule_fact_field` (`objid`, `parentid`, `name`, `title`, `datatype`, `sortorder`, `handler`, `lookuphandler`, `lookupkey`, `lookupvalue`, `lookupdatatype`, `multivalued`, `required`, `vardatatype`, `lovname`) VALUES ('rptis.bldg.facts.BldgRPU.bldgage', 'rptis.bldg.facts.BldgRPU', 'bldgage', 'Building Age', 'integer', '16', 'integer', NULL, NULL, NULL, NULL, NULL, NULL, 'integer', NULL);
INSERT IGNORE INTO `sys_rule_fact_field` (`objid`, `parentid`, `name`, `title`, `datatype`, `sortorder`, `handler`, `lookuphandler`, `lookupkey`, `lookupvalue`, `lookupdatatype`, `multivalued`, `required`, `vardatatype`, `lovname`) VALUES ('rptis.bldg.facts.BldgRPU.bldgclass', 'rptis.bldg.facts.BldgRPU', 'bldgclass', 'Building Class', 'string', '25', 'lov', NULL, NULL, NULL, NULL, NULL, NULL, 'string', 'RPT_BLDG_CLASS');
INSERT IGNORE INTO `sys_rule_fact_field` (`objid`, `parentid`, `name`, `title`, `datatype`, `sortorder`, `handler`, `lookuphandler`, `lookupkey`, `lookupvalue`, `lookupdatatype`, `multivalued`, `required`, `vardatatype`, `lovname`) VALUES ('rptis.bldg.facts.BldgRPU.classificationid', 'rptis.bldg.facts.BldgRPU', 'classificationid', 'Classification', 'string', '2', 'lookup', 'propertyclassification:lookup', 'objid', 'name', NULL, NULL, NULL, 'string', 'property');
INSERT IGNORE INTO `sys_rule_fact_field` (`objid`, `parentid`, `name`, `title`, `datatype`, `sortorder`, `handler`, `lookuphandler`, `lookupkey`, `lookupvalue`, `lookupdatatype`, `multivalued`, `required`, `vardatatype`, `lovname`) VALUES ('rptis.bldg.facts.BldgRPU.condominium', 'rptis.bldg.facts.BldgRPU', 'condominium', 'Is Condominium', 'boolean', '24', 'boolean', NULL, NULL, NULL, NULL, NULL, NULL, 'boolean', NULL);
INSERT IGNORE INTO `sys_rule_fact_field` (`objid`, `parentid`, `name`, `title`, `datatype`, `sortorder`, `handler`, `lookuphandler`, `lookupkey`, `lookupvalue`, `lookupdatatype`, `multivalued`, `required`, `vardatatype`, `lovname`) VALUES ('rptis.bldg.facts.BldgRPU.depreciation', 'rptis.bldg.facts.BldgRPU', 'depreciation', 'Depreciation Rate', 'decimal', '19', 'decimal', NULL, NULL, NULL, NULL, NULL, NULL, 'decimal', NULL);
INSERT IGNORE INTO `sys_rule_fact_field` (`objid`, `parentid`, `name`, `title`, `datatype`, `sortorder`, `handler`, `lookuphandler`, `lookupkey`, `lookupvalue`, `lookupdatatype`, `multivalued`, `required`, `vardatatype`, `lovname`) VALUES ('rptis.bldg.facts.BldgRPU.depreciationvalue', 'rptis.bldg.facts.BldgRPU', 'depreciationvalue', 'Deprecation Value', 'decimal', '20', 'decimal', NULL, NULL, NULL, NULL, NULL, NULL, 'decimal', NULL);
INSERT IGNORE INTO `sys_rule_fact_field` (`objid`, `parentid`, `name`, `title`, `datatype`, `sortorder`, `handler`, `lookuphandler`, `lookupkey`, `lookupvalue`, `lookupdatatype`, `multivalued`, `required`, `vardatatype`, `lovname`) VALUES ('rptis.bldg.facts.BldgRPU.effectiveage', 'rptis.bldg.facts.BldgRPU', 'effectiveage', 'Effective Building Age', 'integer', '17', 'integer', NULL, NULL, NULL, NULL, NULL, NULL, 'integer', NULL);
INSERT IGNORE INTO `sys_rule_fact_field` (`objid`, `parentid`, `name`, `title`, `datatype`, `sortorder`, `handler`, `lookuphandler`, `lookupkey`, `lookupvalue`, `lookupdatatype`, `multivalued`, `required`, `vardatatype`, `lovname`) VALUES ('rptis.bldg.facts.BldgRPU.exemptiontypeid', 'rptis.bldg.facts.BldgRPU', 'exemptiontypeid', 'Exemption Type', 'string', '3', 'lookup', 'exemptiontype:lookup', 'objid', 'name', NULL, NULL, NULL, 'string', NULL);
INSERT IGNORE INTO `sys_rule_fact_field` (`objid`, `parentid`, `name`, `title`, `datatype`, `sortorder`, `handler`, `lookuphandler`, `lookupkey`, `lookupvalue`, `lookupdatatype`, `multivalued`, `required`, `vardatatype`, `lovname`) VALUES ('rptis.bldg.facts.BldgRPU.fixrate', 'rptis.bldg.facts.BldgRPU', 'fixrate', 'Fix Rate Assess Level?', 'boolean', '26', 'boolean', NULL, NULL, NULL, NULL, NULL, NULL, 'boolean', NULL);
INSERT IGNORE INTO `sys_rule_fact_field` (`objid`, `parentid`, `name`, `title`, `datatype`, `sortorder`, `handler`, `lookuphandler`, `lookupkey`, `lookupvalue`, `lookupdatatype`, `multivalued`, `required`, `vardatatype`, `lovname`) VALUES ('rptis.bldg.facts.BldgRPU.floorcount', 'rptis.bldg.facts.BldgRPU', 'floorcount', 'Floor Count', 'integer', '18', 'integer', NULL, NULL, NULL, NULL, NULL, NULL, 'integer', NULL);
INSERT IGNORE INTO `sys_rule_fact_field` (`objid`, `parentid`, `name`, `title`, `datatype`, `sortorder`, `handler`, `lookuphandler`, `lookupkey`, `lookupvalue`, `lookupdatatype`, `multivalued`, `required`, `vardatatype`, `lovname`) VALUES ('rptis.bldg.facts.BldgRPU.percentcompleted', 'rptis.bldg.facts.BldgRPU', 'percentcompleted', 'Percent Completed', 'integer', '22', 'integer', NULL, NULL, NULL, NULL, NULL, NULL, 'integer', NULL);
INSERT IGNORE INTO `sys_rule_fact_field` (`objid`, `parentid`, `name`, `title`, `datatype`, `sortorder`, `handler`, `lookuphandler`, `lookupkey`, `lookupvalue`, `lookupdatatype`, `multivalued`, `required`, `vardatatype`, `lovname`) VALUES ('rptis.bldg.facts.BldgRPU.ry', 'rptis.bldg.facts.BldgRPU', 'ry', 'Revision Year', 'integer', '1', 'integer', NULL, NULL, NULL, NULL, NULL, NULL, 'integer', NULL);
INSERT IGNORE INTO `sys_rule_fact_field` (`objid`, `parentid`, `name`, `title`, `datatype`, `sortorder`, `handler`, `lookuphandler`, `lookupkey`, `lookupvalue`, `lookupdatatype`, `multivalued`, `required`, `vardatatype`, `lovname`) VALUES ('rptis.bldg.facts.BldgRPU.swornamount', 'rptis.bldg.facts.BldgRPU', 'swornamount', 'Sworn Amount', 'decimal', '10', 'decimal', NULL, NULL, NULL, NULL, NULL, NULL, 'decimal', NULL);
INSERT IGNORE INTO `sys_rule_fact_field` (`objid`, `parentid`, `name`, `title`, `datatype`, `sortorder`, `handler`, `lookuphandler`, `lookupkey`, `lookupvalue`, `lookupdatatype`, `multivalued`, `required`, `vardatatype`, `lovname`) VALUES ('rptis.bldg.facts.BldgRPU.taxable', 'rptis.bldg.facts.BldgRPU', 'taxable', 'Taxable?', 'boolean', '4', 'boolean', NULL, NULL, NULL, NULL, NULL, NULL, 'boolean', NULL);
INSERT IGNORE INTO `sys_rule_fact_field` (`objid`, `parentid`, `name`, `title`, `datatype`, `sortorder`, `handler`, `lookuphandler`, `lookupkey`, `lookupvalue`, `lookupdatatype`, `multivalued`, `required`, `vardatatype`, `lovname`) VALUES ('rptis.bldg.facts.BldgRPU.totaladjustment', 'rptis.bldg.facts.BldgRPU', 'totaladjustment', 'Total Adjustment', 'decimal', '21', 'decimal', NULL, NULL, NULL, NULL, NULL, NULL, 'decimal', NULL);
INSERT IGNORE INTO `sys_rule_fact_field` (`objid`, `parentid`, `name`, `title`, `datatype`, `sortorder`, `handler`, `lookuphandler`, `lookupkey`, `lookupvalue`, `lookupdatatype`, `multivalued`, `required`, `vardatatype`, `lovname`) VALUES ('rptis.bldg.facts.BldgRPU.totalareaha', 'rptis.bldg.facts.BldgRPU', 'totalareaha', 'Area in Hectare', 'decimal', '5', 'decimal', NULL, NULL, NULL, NULL, NULL, NULL, 'decimal', NULL);
INSERT IGNORE INTO `sys_rule_fact_field` (`objid`, `parentid`, `name`, `title`, `datatype`, `sortorder`, `handler`, `lookuphandler`, `lookupkey`, `lookupvalue`, `lookupdatatype`, `multivalued`, `required`, `vardatatype`, `lovname`) VALUES ('rptis.bldg.facts.BldgRPU.totalareasqm', 'rptis.bldg.facts.BldgRPU', 'totalareasqm', 'Area in Sq. Meter', 'decimal', '6', 'decimal', NULL, NULL, NULL, NULL, NULL, NULL, 'decimal', NULL);
INSERT IGNORE INTO `sys_rule_fact_field` (`objid`, `parentid`, `name`, `title`, `datatype`, `sortorder`, `handler`, `lookuphandler`, `lookupkey`, `lookupvalue`, `lookupdatatype`, `multivalued`, `required`, `vardatatype`, `lovname`) VALUES ('rptis.bldg.facts.BldgRPU.totalav', 'rptis.bldg.facts.BldgRPU', 'totalav', 'Assess Value', 'decimal', '9', 'decimal', NULL, NULL, NULL, NULL, NULL, NULL, 'decimal', NULL);
INSERT IGNORE INTO `sys_rule_fact_field` (`objid`, `parentid`, `name`, `title`, `datatype`, `sortorder`, `handler`, `lookuphandler`, `lookupkey`, `lookupvalue`, `lookupdatatype`, `multivalued`, `required`, `vardatatype`, `lovname`) VALUES ('rptis.bldg.facts.BldgRPU.totalbmv', 'rptis.bldg.facts.BldgRPU', 'totalbmv', 'Base Market Value', 'decimal', '7', 'decimal', NULL, NULL, NULL, NULL, NULL, NULL, 'decimal', NULL);
INSERT IGNORE INTO `sys_rule_fact_field` (`objid`, `parentid`, `name`, `title`, `datatype`, `sortorder`, `handler`, `lookuphandler`, `lookupkey`, `lookupvalue`, `lookupdatatype`, `multivalued`, `required`, `vardatatype`, `lovname`) VALUES ('rptis.bldg.facts.BldgRPU.totalmv', 'rptis.bldg.facts.BldgRPU', 'totalmv', 'Market Value', 'decimal', '8', 'decimal', NULL, NULL, NULL, NULL, NULL, NULL, 'decimal', NULL);
INSERT IGNORE INTO `sys_rule_fact_field` (`objid`, `parentid`, `name`, `title`, `datatype`, `sortorder`, `handler`, `lookuphandler`, `lookupkey`, `lookupvalue`, `lookupdatatype`, `multivalued`, `required`, `vardatatype`, `lovname`) VALUES ('rptis.bldg.facts.BldgRPU.useswornamount', 'rptis.bldg.facts.BldgRPU', 'useswornamount', 'Use Sworn Amount?', 'boolean', '11', 'boolean', NULL, NULL, NULL, NULL, NULL, NULL, 'boolean', NULL);
INSERT IGNORE INTO `sys_rule_fact_field` (`objid`, `parentid`, `name`, `title`, `datatype`, `sortorder`, `handler`, `lookuphandler`, `lookupkey`, `lookupvalue`, `lookupdatatype`, `multivalued`, `required`, `vardatatype`, `lovname`) VALUES ('rptis.bldg.facts.BldgRPU.yrappraised', 'rptis.bldg.facts.BldgRPU', 'yrappraised', 'Year Appraised', 'integer', '13', 'integer', NULL, NULL, NULL, NULL, NULL, NULL, 'integer', NULL);
INSERT IGNORE INTO `sys_rule_fact_field` (`objid`, `parentid`, `name`, `title`, `datatype`, `sortorder`, `handler`, `lookuphandler`, `lookupkey`, `lookupvalue`, `lookupdatatype`, `multivalued`, `required`, `vardatatype`, `lovname`) VALUES ('rptis.bldg.facts.BldgRPU.yrcompleted', 'rptis.bldg.facts.BldgRPU', 'yrcompleted', 'Year Completed', 'integer', '14', 'integer', NULL, NULL, NULL, NULL, NULL, NULL, 'integer', NULL);
INSERT IGNORE INTO `sys_rule_fact_field` (`objid`, `parentid`, `name`, `title`, `datatype`, `sortorder`, `handler`, `lookuphandler`, `lookupkey`, `lookupvalue`, `lookupdatatype`, `multivalued`, `required`, `vardatatype`, `lovname`) VALUES ('rptis.bldg.facts.BldgRPU.yroccupied', 'rptis.bldg.facts.BldgRPU', 'yroccupied', 'Year Occupied', 'integer', '15', 'integer', NULL, NULL, NULL, NULL, NULL, NULL, 'integer', NULL);
INSERT IGNORE INTO `sys_rule_fact_field` (`objid`, `parentid`, `name`, `title`, `datatype`, `sortorder`, `handler`, `lookuphandler`, `lookupkey`, `lookupvalue`, `lookupdatatype`, `multivalued`, `required`, `vardatatype`, `lovname`) VALUES ('rptis.bldg.facts.BldgStructure.basefloorarea', 'rptis.bldg.facts.BldgStructure', 'basefloorarea', 'Base Floor Area', 'decimal', '3', 'decimal', NULL, NULL, NULL, NULL, NULL, NULL, 'decimal', NULL);
INSERT IGNORE INTO `sys_rule_fact_field` (`objid`, `parentid`, `name`, `title`, `datatype`, `sortorder`, `handler`, `lookuphandler`, `lookupkey`, `lookupvalue`, `lookupdatatype`, `multivalued`, `required`, `vardatatype`, `lovname`) VALUES ('rptis.bldg.facts.BldgStructure.basevalue', 'rptis.bldg.facts.BldgStructure', 'basevalue', 'Base Value', 'decimal', '5', 'decimal', NULL, NULL, NULL, NULL, NULL, NULL, 'decimal', NULL);
INSERT IGNORE INTO `sys_rule_fact_field` (`objid`, `parentid`, `name`, `title`, `datatype`, `sortorder`, `handler`, `lookuphandler`, `lookupkey`, `lookupvalue`, `lookupdatatype`, `multivalued`, `required`, `vardatatype`, `lovname`) VALUES ('rptis.bldg.facts.BldgStructure.floorcount', 'rptis.bldg.facts.BldgStructure', 'floorcount', 'Floor Count', 'integer', '2', 'integer', NULL, NULL, NULL, NULL, NULL, NULL, 'integer', NULL);
INSERT IGNORE INTO `sys_rule_fact_field` (`objid`, `parentid`, `name`, `title`, `datatype`, `sortorder`, `handler`, `lookuphandler`, `lookupkey`, `lookupvalue`, `lookupdatatype`, `multivalued`, `required`, `vardatatype`, `lovname`) VALUES ('rptis.bldg.facts.BldgStructure.rpu', 'rptis.bldg.facts.BldgStructure', 'rpu', 'Building Real Property', 'string', '1', 'var', NULL, NULL, NULL, NULL, NULL, '0', 'rptis.bldg.facts.BldgRPU', NULL);
INSERT IGNORE INTO `sys_rule_fact_field` (`objid`, `parentid`, `name`, `title`, `datatype`, `sortorder`, `handler`, `lookuphandler`, `lookupkey`, `lookupvalue`, `lookupdatatype`, `multivalued`, `required`, `vardatatype`, `lovname`) VALUES ('rptis.bldg.facts.BldgStructure.totalfloorarea', 'rptis.bldg.facts.BldgStructure', 'totalfloorarea', 'Total Floor Area', 'decimal', '4', 'decimal', NULL, NULL, NULL, NULL, NULL, NULL, 'decimal', NULL);
INSERT IGNORE INTO `sys_rule_fact_field` (`objid`, `parentid`, `name`, `title`, `datatype`, `sortorder`, `handler`, `lookuphandler`, `lookupkey`, `lookupvalue`, `lookupdatatype`, `multivalued`, `required`, `vardatatype`, `lovname`) VALUES ('rptis.bldg.facts.BldgStructure.unitvalue', 'rptis.bldg.facts.BldgStructure', 'unitvalue', 'Unit Value', 'decimal', '6', 'decimal', NULL, NULL, NULL, NULL, NULL, NULL, 'decimal', NULL);
INSERT IGNORE INTO `sys_rule_fact_field` (`objid`, `parentid`, `name`, `title`, `datatype`, `sortorder`, `handler`, `lookuphandler`, `lookupkey`, `lookupvalue`, `lookupdatatype`, `multivalued`, `required`, `vardatatype`, `lovname`) VALUES ('rptis.bldg.facts.BldgUse.actualuseid', 'rptis.bldg.facts.BldgUse', 'actualuseid', 'Actual Use', 'string', '12', 'var', NULL, NULL, NULL, NULL, NULL, NULL, 'string', NULL);
INSERT IGNORE INTO `sys_rule_fact_field` (`objid`, `parentid`, `name`, `title`, `datatype`, `sortorder`, `handler`, `lookuphandler`, `lookupkey`, `lookupvalue`, `lookupdatatype`, `multivalued`, `required`, `vardatatype`, `lovname`) VALUES ('rptis.bldg.facts.BldgUse.adjfordepreciation', 'rptis.bldg.facts.BldgUse', 'adjfordepreciation', 'Adjustment for Depreciation', 'decimal', '15', 'decimal', NULL, NULL, NULL, NULL, NULL, NULL, 'decimal', NULL);
INSERT IGNORE INTO `sys_rule_fact_field` (`objid`, `parentid`, `name`, `title`, `datatype`, `sortorder`, `handler`, `lookuphandler`, `lookupkey`, `lookupvalue`, `lookupdatatype`, `multivalued`, `required`, `vardatatype`, `lovname`) VALUES ('rptis.bldg.facts.BldgUse.adjustment', 'rptis.bldg.facts.BldgUse', 'adjustment', 'Adjustment', 'decimal', '7', 'decimal', NULL, NULL, NULL, NULL, NULL, NULL, 'decimal', NULL);
INSERT IGNORE INTO `sys_rule_fact_field` (`objid`, `parentid`, `name`, `title`, `datatype`, `sortorder`, `handler`, `lookuphandler`, `lookupkey`, `lookupvalue`, `lookupdatatype`, `multivalued`, `required`, `vardatatype`, `lovname`) VALUES ('rptis.bldg.facts.BldgUse.area', 'rptis.bldg.facts.BldgUse', 'area', 'Area', 'decimal', '4', 'decimal', NULL, NULL, NULL, NULL, NULL, NULL, 'decimal', NULL);
INSERT IGNORE INTO `sys_rule_fact_field` (`objid`, `parentid`, `name`, `title`, `datatype`, `sortorder`, `handler`, `lookuphandler`, `lookupkey`, `lookupvalue`, `lookupdatatype`, `multivalued`, `required`, `vardatatype`, `lovname`) VALUES ('rptis.bldg.facts.BldgUse.assessedvalue', 'rptis.bldg.facts.BldgUse', 'assessedvalue', 'Assess Value', 'decimal', '10', 'decimal', NULL, NULL, NULL, NULL, NULL, NULL, 'decimal', NULL);
INSERT IGNORE INTO `sys_rule_fact_field` (`objid`, `parentid`, `name`, `title`, `datatype`, `sortorder`, `handler`, `lookuphandler`, `lookupkey`, `lookupvalue`, `lookupdatatype`, `multivalued`, `required`, `vardatatype`, `lovname`) VALUES ('rptis.bldg.facts.BldgUse.assesslevel', 'rptis.bldg.facts.BldgUse', 'assesslevel', 'Assess Level', 'decimal', '9', 'decimal', NULL, NULL, NULL, NULL, NULL, NULL, 'decimal', NULL);
INSERT IGNORE INTO `sys_rule_fact_field` (`objid`, `parentid`, `name`, `title`, `datatype`, `sortorder`, `handler`, `lookuphandler`, `lookupkey`, `lookupvalue`, `lookupdatatype`, `multivalued`, `required`, `vardatatype`, `lovname`) VALUES ('rptis.bldg.facts.BldgUse.basemarketvalue', 'rptis.bldg.facts.BldgUse', 'basemarketvalue', 'Base Market Value', 'decimal', '5', 'decimal', NULL, NULL, NULL, NULL, NULL, NULL, 'decimal', NULL);
INSERT IGNORE INTO `sys_rule_fact_field` (`objid`, `parentid`, `name`, `title`, `datatype`, `sortorder`, `handler`, `lookuphandler`, `lookupkey`, `lookupvalue`, `lookupdatatype`, `multivalued`, `required`, `vardatatype`, `lovname`) VALUES ('rptis.bldg.facts.BldgUse.basevalue', 'rptis.bldg.facts.BldgUse', 'basevalue', 'Base Value', 'decimal', '3', 'decimal', NULL, NULL, NULL, NULL, NULL, NULL, 'decimal', NULL);
INSERT IGNORE INTO `sys_rule_fact_field` (`objid`, `parentid`, `name`, `title`, `datatype`, `sortorder`, `handler`, `lookuphandler`, `lookupkey`, `lookupvalue`, `lookupdatatype`, `multivalued`, `required`, `vardatatype`, `lovname`) VALUES ('rptis.bldg.facts.BldgUse.bldgstructure', 'rptis.bldg.facts.BldgUse', 'bldgstructure', 'Building Structure', 'string', '2', 'var', NULL, NULL, NULL, NULL, NULL, NULL, 'rptis.bldg.facts.BldgStructure', NULL);
INSERT IGNORE INTO `sys_rule_fact_field` (`objid`, `parentid`, `name`, `title`, `datatype`, `sortorder`, `handler`, `lookuphandler`, `lookupkey`, `lookupvalue`, `lookupdatatype`, `multivalued`, `required`, `vardatatype`, `lovname`) VALUES ('rptis.bldg.facts.BldgUse.depreciationvalue', 'rptis.bldg.facts.BldgUse', 'depreciationvalue', 'Depreciation Value', 'decimal', '6', 'decimal', NULL, NULL, NULL, NULL, NULL, NULL, 'decimal', NULL);
INSERT IGNORE INTO `sys_rule_fact_field` (`objid`, `parentid`, `name`, `title`, `datatype`, `sortorder`, `handler`, `lookuphandler`, `lookupkey`, `lookupvalue`, `lookupdatatype`, `multivalued`, `required`, `vardatatype`, `lovname`) VALUES ('rptis.bldg.facts.BldgUse.fixrate', 'rptis.bldg.facts.BldgUse', 'fixrate', 'Fix Rate Assess Level?', 'boolean', '11', 'boolean', NULL, NULL, NULL, NULL, NULL, NULL, 'boolean', NULL);
INSERT IGNORE INTO `sys_rule_fact_field` (`objid`, `parentid`, `name`, `title`, `datatype`, `sortorder`, `handler`, `lookuphandler`, `lookupkey`, `lookupvalue`, `lookupdatatype`, `multivalued`, `required`, `vardatatype`, `lovname`) VALUES ('rptis.bldg.facts.BldgUse.marketvalue', 'rptis.bldg.facts.BldgUse', 'marketvalue', 'Market Value', 'decimal', '8', 'decimal', NULL, NULL, NULL, NULL, NULL, NULL, 'decimal', NULL);
INSERT IGNORE INTO `sys_rule_fact_field` (`objid`, `parentid`, `name`, `title`, `datatype`, `sortorder`, `handler`, `lookuphandler`, `lookupkey`, `lookupvalue`, `lookupdatatype`, `multivalued`, `required`, `vardatatype`, `lovname`) VALUES ('rptis.bldg.facts.BldgUse.objid', 'rptis.bldg.facts.BldgUse', 'objid', 'Objid', 'string', '1', 'string', NULL, NULL, NULL, NULL, NULL, NULL, 'string', NULL);
INSERT IGNORE INTO `sys_rule_fact_field` (`objid`, `parentid`, `name`, `title`, `datatype`, `sortorder`, `handler`, `lookuphandler`, `lookupkey`, `lookupvalue`, `lookupdatatype`, `multivalued`, `required`, `vardatatype`, `lovname`) VALUES ('rptis.bldg.facts.BldgUse.swornamount', 'rptis.bldg.facts.BldgUse', 'swornamount', 'Sworn Amount', 'decimal', '13', 'decimal', NULL, NULL, NULL, NULL, NULL, NULL, 'decimal', NULL);
INSERT IGNORE INTO `sys_rule_fact_field` (`objid`, `parentid`, `name`, `title`, `datatype`, `sortorder`, `handler`, `lookuphandler`, `lookupkey`, `lookupvalue`, `lookupdatatype`, `multivalued`, `required`, `vardatatype`, `lovname`) VALUES ('rptis.bldg.facts.BldgUse.useswornamount', 'rptis.bldg.facts.BldgUse', 'useswornamount', 'Use Sworn Amount?', 'boolean', '14', 'boolean', NULL, NULL, NULL, NULL, NULL, NULL, 'boolean', NULL);
INSERT IGNORE INTO `sys_rule_fact_field` (`objid`, `parentid`, `name`, `title`, `datatype`, `sortorder`, `handler`, `lookuphandler`, `lookupkey`, `lookupvalue`, `lookupdatatype`, `multivalued`, `required`, `vardatatype`, `lovname`) VALUES ('rptis.bldg.facts.BldgVariable.bldguse', 'rptis.bldg.facts.BldgVariable', 'bldguse', 'Building Actual Use', 'string', '1', 'var', NULL, NULL, NULL, NULL, NULL, NULL, 'rptis.bldg.facts.BldgUse', NULL);
INSERT IGNORE INTO `sys_rule_fact_field` (`objid`, `parentid`, `name`, `title`, `datatype`, `sortorder`, `handler`, `lookuphandler`, `lookupkey`, `lookupvalue`, `lookupdatatype`, `multivalued`, `required`, `vardatatype`, `lovname`) VALUES ('rptis.bldg.facts.BldgVariable.value', 'rptis.bldg.facts.BldgVariable', 'value', 'Value', 'decimal', '3', 'decimal', NULL, NULL, NULL, NULL, NULL, NULL, 'decimal', NULL);
INSERT IGNORE INTO `sys_rule_fact_field` (`objid`, `parentid`, `name`, `title`, `datatype`, `sortorder`, `handler`, `lookuphandler`, `lookupkey`, `lookupvalue`, `lookupdatatype`, `multivalued`, `required`, `vardatatype`, `lovname`) VALUES ('rptis.bldg.facts.BldgVariable.varid', 'rptis.bldg.facts.BldgVariable', 'varid', 'Variable Name', 'string', '2', 'lookup', 'rptparameter:lookup', 'objid', 'name', NULL, NULL, NULL, 'string', NULL);
INSERT IGNORE INTO `sys_rule_fact_field` (`objid`, `parentid`, `name`, `title`, `datatype`, `sortorder`, `handler`, `lookuphandler`, `lookupkey`, `lookupvalue`, `lookupdatatype`, `multivalued`, `required`, `vardatatype`, `lovname`) VALUES ('rptis.facts.Classification.objid', 'rptis.facts.Classification', 'objid', 'Classification', 'string', '1', 'lookup', 'propertyclassification:lookup', 'objid', 'name', NULL, NULL, NULL, 'string', NULL);
INSERT IGNORE INTO `sys_rule_fact_field` (`objid`, `parentid`, `name`, `title`, `datatype`, `sortorder`, `handler`, `lookuphandler`, `lookupkey`, `lookupvalue`, `lookupdatatype`, `multivalued`, `required`, `vardatatype`, `lovname`) VALUES ('rptis.facts.RPTVariable.objid', 'rptis.facts.RPTVariable', 'objid', 'Objid', 'string', '1', 'string', NULL, NULL, NULL, NULL, NULL, NULL, 'string', NULL);
INSERT IGNORE INTO `sys_rule_fact_field` (`objid`, `parentid`, `name`, `title`, `datatype`, `sortorder`, `handler`, `lookuphandler`, `lookupkey`, `lookupvalue`, `lookupdatatype`, `multivalued`, `required`, `vardatatype`, `lovname`) VALUES ('rptis.facts.RPTVariable.refid', 'rptis.facts.RPTVariable', 'refid', 'Reference ID', 'string', '2', 'string', NULL, NULL, NULL, NULL, NULL, NULL, 'string', NULL);
INSERT IGNORE INTO `sys_rule_fact_field` (`objid`, `parentid`, `name`, `title`, `datatype`, `sortorder`, `handler`, `lookuphandler`, `lookupkey`, `lookupvalue`, `lookupdatatype`, `multivalued`, `required`, `vardatatype`, `lovname`) VALUES ('rptis.facts.RPTVariable.value', 'rptis.facts.RPTVariable', 'value', 'Value', 'decimal', '4', 'decimal', NULL, NULL, NULL, NULL, NULL, NULL, 'decimal', NULL);
INSERT IGNORE INTO `sys_rule_fact_field` (`objid`, `parentid`, `name`, `title`, `datatype`, `sortorder`, `handler`, `lookuphandler`, `lookupkey`, `lookupvalue`, `lookupdatatype`, `multivalued`, `required`, `vardatatype`, `lovname`) VALUES ('rptis.facts.RPTVariable.varid', 'rptis.facts.RPTVariable', 'varid', 'Variable Name', 'string', '3', 'lookup', 'rptparameter:lookup', 'objid', 'name', NULL, NULL, NULL, 'string', NULL);
INSERT IGNORE INTO `sys_rule_fact_field` (`objid`, `parentid`, `name`, `title`, `datatype`, `sortorder`, `handler`, `lookuphandler`, `lookupkey`, `lookupvalue`, `lookupdatatype`, `multivalued`, `required`, `vardatatype`, `lovname`) VALUES ('rptis.facts.RPU.classificationid', 'rptis.facts.RPU', 'classificationid', 'Classification', 'string', '4', 'lookup', 'propertyclassification:lookup', 'objid', 'name', NULL, NULL, NULL, 'string', NULL);
INSERT IGNORE INTO `sys_rule_fact_field` (`objid`, `parentid`, `name`, `title`, `datatype`, `sortorder`, `handler`, `lookuphandler`, `lookupkey`, `lookupvalue`, `lookupdatatype`, `multivalued`, `required`, `vardatatype`, `lovname`) VALUES ('rptis.facts.RPU.exemptiontypeid', 'rptis.facts.RPU', 'exemptiontypeid', 'Exemption Type', 'string', '5', 'lookup', 'exemptiontype:lookup', 'objid', 'name', NULL, NULL, NULL, 'string', NULL);
INSERT IGNORE INTO `sys_rule_fact_field` (`objid`, `parentid`, `name`, `title`, `datatype`, `sortorder`, `handler`, `lookuphandler`, `lookupkey`, `lookupvalue`, `lookupdatatype`, `multivalued`, `required`, `vardatatype`, `lovname`) VALUES ('rptis.facts.RPU.objid', 'rptis.facts.RPU', 'objid', 'objid', 'string', '1', 'string', NULL, NULL, NULL, NULL, NULL, NULL, 'string', NULL);
INSERT IGNORE INTO `sys_rule_fact_field` (`objid`, `parentid`, `name`, `title`, `datatype`, `sortorder`, `handler`, `lookuphandler`, `lookupkey`, `lookupvalue`, `lookupdatatype`, `multivalued`, `required`, `vardatatype`, `lovname`) VALUES ('rptis.facts.RPU.rputype', 'rptis.facts.RPU', 'rputype', 'Property Type', 'string', '2', 'lov', NULL, NULL, NULL, NULL, NULL, NULL, 'string', 'RPT_RPUTYPES');
INSERT IGNORE INTO `sys_rule_fact_field` (`objid`, `parentid`, `name`, `title`, `datatype`, `sortorder`, `handler`, `lookuphandler`, `lookupkey`, `lookupvalue`, `lookupdatatype`, `multivalued`, `required`, `vardatatype`, `lovname`) VALUES ('rptis.facts.RPU.ry', 'rptis.facts.RPU', 'ry', 'Revision Year', 'integer', '3', 'integer', NULL, NULL, NULL, NULL, NULL, NULL, 'integer', NULL);
INSERT IGNORE INTO `sys_rule_fact_field` (`objid`, `parentid`, `name`, `title`, `datatype`, `sortorder`, `handler`, `lookuphandler`, `lookupkey`, `lookupvalue`, `lookupdatatype`, `multivalued`, `required`, `vardatatype`, `lovname`) VALUES ('rptis.facts.RPU.swornamount', 'rptis.facts.RPU', 'swornamount', 'Sworn Amount', 'decimal', '13', 'decimal', NULL, NULL, NULL, NULL, NULL, NULL, 'decimal', NULL);
INSERT IGNORE INTO `sys_rule_fact_field` (`objid`, `parentid`, `name`, `title`, `datatype`, `sortorder`, `handler`, `lookuphandler`, `lookupkey`, `lookupvalue`, `lookupdatatype`, `multivalued`, `required`, `vardatatype`, `lovname`) VALUES ('rptis.facts.RPU.taxable', 'rptis.facts.RPU', 'taxable', 'Taxable?', 'boolean', '6', 'boolean', NULL, NULL, NULL, NULL, NULL, NULL, 'boolean', NULL);
INSERT IGNORE INTO `sys_rule_fact_field` (`objid`, `parentid`, `name`, `title`, `datatype`, `sortorder`, `handler`, `lookuphandler`, `lookupkey`, `lookupvalue`, `lookupdatatype`, `multivalued`, `required`, `vardatatype`, `lovname`) VALUES ('rptis.facts.RPU.totalareaha', 'rptis.facts.RPU', 'totalareaha', 'Area in Hectare', 'decimal', '8', 'decimal', NULL, NULL, NULL, NULL, NULL, NULL, 'decimal', NULL);
INSERT IGNORE INTO `sys_rule_fact_field` (`objid`, `parentid`, `name`, `title`, `datatype`, `sortorder`, `handler`, `lookuphandler`, `lookupkey`, `lookupvalue`, `lookupdatatype`, `multivalued`, `required`, `vardatatype`, `lovname`) VALUES ('rptis.facts.RPU.totalareasqm', 'rptis.facts.RPU', 'totalareasqm', 'Area in Sq. Meter', 'decimal', '7', 'decimal', NULL, NULL, NULL, NULL, NULL, NULL, 'decimal', NULL);
INSERT IGNORE INTO `sys_rule_fact_field` (`objid`, `parentid`, `name`, `title`, `datatype`, `sortorder`, `handler`, `lookuphandler`, `lookupkey`, `lookupvalue`, `lookupdatatype`, `multivalued`, `required`, `vardatatype`, `lovname`) VALUES ('rptis.facts.RPU.totalav', 'rptis.facts.RPU', 'totalav', 'Assessed Value', 'decimal', '11', 'decimal', NULL, NULL, NULL, NULL, NULL, NULL, 'decimal', NULL);
INSERT IGNORE INTO `sys_rule_fact_field` (`objid`, `parentid`, `name`, `title`, `datatype`, `sortorder`, `handler`, `lookuphandler`, `lookupkey`, `lookupvalue`, `lookupdatatype`, `multivalued`, `required`, `vardatatype`, `lovname`) VALUES ('rptis.facts.RPU.totalbmv', 'rptis.facts.RPU', 'totalbmv', 'Base Market Value', 'decimal', '9', 'decimal', NULL, NULL, NULL, NULL, NULL, NULL, 'decimal', NULL);
INSERT IGNORE INTO `sys_rule_fact_field` (`objid`, `parentid`, `name`, `title`, `datatype`, `sortorder`, `handler`, `lookuphandler`, `lookupkey`, `lookupvalue`, `lookupdatatype`, `multivalued`, `required`, `vardatatype`, `lovname`) VALUES ('rptis.facts.RPU.totalmv', 'rptis.facts.RPU', 'totalmv', 'Market Value', 'decimal', '10', 'decimal', NULL, NULL, NULL, NULL, NULL, NULL, 'decimal', NULL);
INSERT IGNORE INTO `sys_rule_fact_field` (`objid`, `parentid`, `name`, `title`, `datatype`, `sortorder`, `handler`, `lookuphandler`, `lookupkey`, `lookupvalue`, `lookupdatatype`, `multivalued`, `required`, `vardatatype`, `lovname`) VALUES ('rptis.facts.RPU.useswornamount', 'rptis.facts.RPU', 'useswornamount', 'Use Sworn Amount?', 'boolean', '12', 'boolean', NULL, NULL, NULL, NULL, NULL, NULL, 'boolean', NULL);
INSERT IGNORE INTO `sys_rule_fact_field` (`objid`, `parentid`, `name`, `title`, `datatype`, `sortorder`, `handler`, `lookuphandler`, `lookupkey`, `lookupvalue`, `lookupdatatype`, `multivalued`, `required`, `vardatatype`, `lovname`) VALUES ('rptis.facts.RPUAssessment.actualuseid', 'rptis.facts.RPUAssessment', 'actualuseid', 'Actual Use', 'string', '1', 'var', NULL, NULL, NULL, NULL, NULL, '1', 'string', NULL);
INSERT IGNORE INTO `sys_rule_fact_field` (`objid`, `parentid`, `name`, `title`, `datatype`, `sortorder`, `handler`, `lookuphandler`, `lookupkey`, `lookupvalue`, `lookupdatatype`, `multivalued`, `required`, `vardatatype`, `lovname`) VALUES ('rptis.facts.RPUAssessment.assessedvalue', 'rptis.facts.RPUAssessment', 'assessedvalue', 'Assessed Value', 'decimal', '5', 'decimal', NULL, NULL, NULL, NULL, NULL, NULL, 'decimal', NULL);
INSERT IGNORE INTO `sys_rule_fact_field` (`objid`, `parentid`, `name`, `title`, `datatype`, `sortorder`, `handler`, `lookuphandler`, `lookupkey`, `lookupvalue`, `lookupdatatype`, `multivalued`, `required`, `vardatatype`, `lovname`) VALUES ('rptis.facts.RPUAssessment.assesslevel', 'rptis.facts.RPUAssessment', 'assesslevel', 'Assess Level', 'decimal', '4', 'decimal', NULL, NULL, NULL, NULL, NULL, NULL, 'decimal', NULL);
INSERT IGNORE INTO `sys_rule_fact_field` (`objid`, `parentid`, `name`, `title`, `datatype`, `sortorder`, `handler`, `lookuphandler`, `lookupkey`, `lookupvalue`, `lookupdatatype`, `multivalued`, `required`, `vardatatype`, `lovname`) VALUES ('rptis.facts.RPUAssessment.exemptedmarketvalue', 'rptis.facts.RPUAssessment', 'exemptedmarketvalue', 'Exempted Market Value', 'decimal', '3', 'decimal', NULL, NULL, NULL, NULL, NULL, NULL, 'decimal', NULL);
INSERT IGNORE INTO `sys_rule_fact_field` (`objid`, `parentid`, `name`, `title`, `datatype`, `sortorder`, `handler`, `lookuphandler`, `lookupkey`, `lookupvalue`, `lookupdatatype`, `multivalued`, `required`, `vardatatype`, `lovname`) VALUES ('rptis.facts.RPUAssessment.marketvalue', 'rptis.facts.RPUAssessment', 'marketvalue', 'Market Value', 'decimal', '2', 'decimal', NULL, NULL, NULL, NULL, NULL, NULL, 'decimal', NULL);
INSERT IGNORE INTO `sys_rule_fact_field` (`objid`, `parentid`, `name`, `title`, `datatype`, `sortorder`, `handler`, `lookuphandler`, `lookupkey`, `lookupvalue`, `lookupdatatype`, `multivalued`, `required`, `vardatatype`, `lovname`) VALUES ('rptis.facts.RPUAssessment.taxable', 'rptis.facts.RPUAssessment', 'taxable', 'Taxable', 'boolean', '6', 'boolean', NULL, NULL, NULL, NULL, NULL, NULL, 'boolean', NULL);
INSERT IGNORE INTO `sys_rule_fact_field` (`objid`, `parentid`, `name`, `title`, `datatype`, `sortorder`, `handler`, `lookuphandler`, `lookupkey`, `lookupvalue`, `lookupdatatype`, `multivalued`, `required`, `vardatatype`, `lovname`) VALUES ('rptis.land.facts.LandAdjustment.adjustment', 'rptis.land.facts.LandAdjustment', 'adjustment', 'Adjustment', 'decimal', '3', 'decimal', NULL, NULL, NULL, NULL, NULL, NULL, 'decimal', NULL);
INSERT IGNORE INTO `sys_rule_fact_field` (`objid`, `parentid`, `name`, `title`, `datatype`, `sortorder`, `handler`, `lookuphandler`, `lookupkey`, `lookupvalue`, `lookupdatatype`, `multivalued`, `required`, `vardatatype`, `lovname`) VALUES ('rptis.land.facts.LandAdjustment.landdetail', 'rptis.land.facts.LandAdjustment', 'landdetail', 'Land Detail', 'string', '2', 'var', NULL, NULL, NULL, NULL, NULL, NULL, 'rptis.land.facts.LandDetail', NULL);
INSERT IGNORE INTO `sys_rule_fact_field` (`objid`, `parentid`, `name`, `title`, `datatype`, `sortorder`, `handler`, `lookuphandler`, `lookupkey`, `lookupvalue`, `lookupdatatype`, `multivalued`, `required`, `vardatatype`, `lovname`) VALUES ('rptis.land.facts.LandAdjustment.rpu', 'rptis.land.facts.LandAdjustment', 'rpu', 'RPU', 'string', '1', 'var', NULL, NULL, NULL, NULL, NULL, NULL, 'rptis.facts.RPU', NULL);
INSERT IGNORE INTO `sys_rule_fact_field` (`objid`, `parentid`, `name`, `title`, `datatype`, `sortorder`, `handler`, `lookuphandler`, `lookupkey`, `lookupvalue`, `lookupdatatype`, `multivalued`, `required`, `vardatatype`, `lovname`) VALUES ('rptis.land.facts.LandAdjustment.type', 'rptis.land.facts.LandAdjustment', 'type', 'Adjustment Type', 'string', '4', 'lov', NULL, NULL, NULL, NULL, NULL, NULL, 'string', 'RPT_LAND_ADJUSTMENT_TYPES');
INSERT IGNORE INTO `sys_rule_fact_field` (`objid`, `parentid`, `name`, `title`, `datatype`, `sortorder`, `handler`, `lookuphandler`, `lookupkey`, `lookupvalue`, `lookupdatatype`, `multivalued`, `required`, `vardatatype`, `lovname`) VALUES ('rptis.land.facts.LandDetail.actualuseadjustment', 'rptis.land.facts.LandDetail', 'actualuseadjustment', 'Actual Use Adjustment', 'decimal', '11', 'decimal', NULL, NULL, NULL, NULL, NULL, NULL, 'decimal', NULL);
INSERT IGNORE INTO `sys_rule_fact_field` (`objid`, `parentid`, `name`, `title`, `datatype`, `sortorder`, `handler`, `lookuphandler`, `lookupkey`, `lookupvalue`, `lookupdatatype`, `multivalued`, `required`, `vardatatype`, `lovname`) VALUES ('rptis.land.facts.LandDetail.adjustment', 'rptis.land.facts.LandDetail', 'adjustment', 'Adjustment', 'decimal', '9', 'decimal', NULL, NULL, NULL, NULL, NULL, NULL, 'decimal', NULL);
INSERT IGNORE INTO `sys_rule_fact_field` (`objid`, `parentid`, `name`, `title`, `datatype`, `sortorder`, `handler`, `lookuphandler`, `lookupkey`, `lookupvalue`, `lookupdatatype`, `multivalued`, `required`, `vardatatype`, `lovname`) VALUES ('rptis.land.facts.LandDetail.area', 'rptis.land.facts.LandDetail', 'area', 'Area', 'decimal', '2', 'decimal', NULL, NULL, NULL, NULL, NULL, NULL, 'decimal', NULL);
INSERT IGNORE INTO `sys_rule_fact_field` (`objid`, `parentid`, `name`, `title`, `datatype`, `sortorder`, `handler`, `lookuphandler`, `lookupkey`, `lookupvalue`, `lookupdatatype`, `multivalued`, `required`, `vardatatype`, `lovname`) VALUES ('rptis.land.facts.LandDetail.areaha', 'rptis.land.facts.LandDetail', 'areaha', 'Area in Hectare', 'decimal', '4', 'decimal', NULL, NULL, NULL, NULL, NULL, NULL, 'decimal', NULL);
INSERT IGNORE INTO `sys_rule_fact_field` (`objid`, `parentid`, `name`, `title`, `datatype`, `sortorder`, `handler`, `lookuphandler`, `lookupkey`, `lookupvalue`, `lookupdatatype`, `multivalued`, `required`, `vardatatype`, `lovname`) VALUES ('rptis.land.facts.LandDetail.areasqm', 'rptis.land.facts.LandDetail', 'areasqm', 'Area in Sq. Meter', 'decimal', '3', 'decimal', NULL, NULL, NULL, NULL, NULL, NULL, 'decimal', NULL);
INSERT IGNORE INTO `sys_rule_fact_field` (`objid`, `parentid`, `name`, `title`, `datatype`, `sortorder`, `handler`, `lookuphandler`, `lookupkey`, `lookupvalue`, `lookupdatatype`, `multivalued`, `required`, `vardatatype`, `lovname`) VALUES ('rptis.land.facts.LandDetail.assessedvalue', 'rptis.land.facts.LandDetail', 'assessedvalue', 'Assessed Value', 'decimal', '14', 'decimal', NULL, NULL, NULL, NULL, NULL, NULL, 'decimal', NULL);
INSERT IGNORE INTO `sys_rule_fact_field` (`objid`, `parentid`, `name`, `title`, `datatype`, `sortorder`, `handler`, `lookuphandler`, `lookupkey`, `lookupvalue`, `lookupdatatype`, `multivalued`, `required`, `vardatatype`, `lovname`) VALUES ('rptis.land.facts.LandDetail.assesslevel', 'rptis.land.facts.LandDetail', 'assesslevel', 'Assess Level', 'decimal', '13', 'decimal', NULL, NULL, NULL, NULL, NULL, NULL, 'decimal', NULL);
INSERT IGNORE INTO `sys_rule_fact_field` (`objid`, `parentid`, `name`, `title`, `datatype`, `sortorder`, `handler`, `lookuphandler`, `lookupkey`, `lookupvalue`, `lookupdatatype`, `multivalued`, `required`, `vardatatype`, `lovname`) VALUES ('rptis.land.facts.LandDetail.basemarketvalue', 'rptis.land.facts.LandDetail', 'basemarketvalue', 'Base Market Value', 'decimal', '8', 'decimal', NULL, NULL, NULL, NULL, NULL, NULL, 'decimal', NULL);
INSERT IGNORE INTO `sys_rule_fact_field` (`objid`, `parentid`, `name`, `title`, `datatype`, `sortorder`, `handler`, `lookuphandler`, `lookupkey`, `lookupvalue`, `lookupdatatype`, `multivalued`, `required`, `vardatatype`, `lovname`) VALUES ('rptis.land.facts.LandDetail.basevalue', 'rptis.land.facts.LandDetail', 'basevalue', 'Base Value', 'decimal', '5', 'decimal', NULL, NULL, NULL, NULL, NULL, NULL, 'decimal', NULL);
INSERT IGNORE INTO `sys_rule_fact_field` (`objid`, `parentid`, `name`, `title`, `datatype`, `sortorder`, `handler`, `lookuphandler`, `lookupkey`, `lookupvalue`, `lookupdatatype`, `multivalued`, `required`, `vardatatype`, `lovname`) VALUES ('rptis.land.facts.LandDetail.classification', 'rptis.land.facts.LandDetail', 'classification', 'Classification', 'string', '15', 'var', NULL, NULL, NULL, NULL, NULL, NULL, 'rptis.facts.Classification', NULL);
INSERT IGNORE INTO `sys_rule_fact_field` (`objid`, `parentid`, `name`, `title`, `datatype`, `sortorder`, `handler`, `lookuphandler`, `lookupkey`, `lookupvalue`, `lookupdatatype`, `multivalued`, `required`, `vardatatype`, `lovname`) VALUES ('rptis.land.facts.LandDetail.landvalueadjustment', 'rptis.land.facts.LandDetail', 'landvalueadjustment', 'Land Value Adjustment', 'decimal', '10', 'decimal', NULL, NULL, NULL, NULL, NULL, NULL, 'decimal', NULL);
INSERT IGNORE INTO `sys_rule_fact_field` (`objid`, `parentid`, `name`, `title`, `datatype`, `sortorder`, `handler`, `lookuphandler`, `lookupkey`, `lookupvalue`, `lookupdatatype`, `multivalued`, `required`, `vardatatype`, `lovname`) VALUES ('rptis.land.facts.LandDetail.marketvalue', 'rptis.land.facts.LandDetail', 'marketvalue', 'Market Value', 'decimal', '12', 'decimal', NULL, NULL, NULL, NULL, NULL, NULL, 'decimal', NULL);
INSERT IGNORE INTO `sys_rule_fact_field` (`objid`, `parentid`, `name`, `title`, `datatype`, `sortorder`, `handler`, `lookuphandler`, `lookupkey`, `lookupvalue`, `lookupdatatype`, `multivalued`, `required`, `vardatatype`, `lovname`) VALUES ('rptis.land.facts.LandDetail.rpu', 'rptis.land.facts.LandDetail', 'rpu', 'RPU', 'string', '1', 'var', NULL, NULL, NULL, NULL, NULL, NULL, 'RPU', NULL);
INSERT IGNORE INTO `sys_rule_fact_field` (`objid`, `parentid`, `name`, `title`, `datatype`, `sortorder`, `handler`, `lookuphandler`, `lookupkey`, `lookupvalue`, `lookupdatatype`, `multivalued`, `required`, `vardatatype`, `lovname`) VALUES ('rptis.land.facts.LandDetail.taxable', 'rptis.land.facts.LandDetail', 'taxable', 'Taxable', 'boolean', '7', 'boolean', NULL, NULL, NULL, NULL, NULL, NULL, 'boolean', NULL);
INSERT IGNORE INTO `sys_rule_fact_field` (`objid`, `parentid`, `name`, `title`, `datatype`, `sortorder`, `handler`, `lookuphandler`, `lookupkey`, `lookupvalue`, `lookupdatatype`, `multivalued`, `required`, `vardatatype`, `lovname`) VALUES ('rptis.land.facts.LandDetail.unitvalue', 'rptis.land.facts.LandDetail', 'unitvalue', 'Unit Value', 'decimal', '6', 'decimal', NULL, NULL, NULL, NULL, NULL, NULL, 'decimal', NULL);
INSERT IGNORE INTO `sys_rule_fact_field` (`objid`, `parentid`, `name`, `title`, `datatype`, `sortorder`, `handler`, `lookuphandler`, `lookupkey`, `lookupvalue`, `lookupdatatype`, `multivalued`, `required`, `vardatatype`, `lovname`) VALUES ('rptis.mach.facts.MachineActualUse.actualuseid', 'rptis.mach.facts.MachineActualUse', 'actualuseid', 'Actual Use', 'string', '1', 'lookup', 'propertyclassification:lookup', 'objid', 'name', NULL, NULL, NULL, 'string', NULL);
INSERT IGNORE INTO `sys_rule_fact_field` (`objid`, `parentid`, `name`, `title`, `datatype`, `sortorder`, `handler`, `lookuphandler`, `lookupkey`, `lookupvalue`, `lookupdatatype`, `multivalued`, `required`, `vardatatype`, `lovname`) VALUES ('rptis.mach.facts.MachineActualUse.assessedvalue', 'rptis.mach.facts.MachineActualUse', 'assessedvalue', 'Assessed Value', 'decimal', '4', 'decimal', NULL, NULL, NULL, NULL, NULL, NULL, 'decimal', NULL);
INSERT IGNORE INTO `sys_rule_fact_field` (`objid`, `parentid`, `name`, `title`, `datatype`, `sortorder`, `handler`, `lookuphandler`, `lookupkey`, `lookupvalue`, `lookupdatatype`, `multivalued`, `required`, `vardatatype`, `lovname`) VALUES ('rptis.mach.facts.MachineActualUse.basemarketvalue', 'rptis.mach.facts.MachineActualUse', 'basemarketvalue', 'Base Market Value', 'decimal', '2', 'decimal', NULL, NULL, NULL, NULL, NULL, NULL, 'decimal', NULL);
INSERT IGNORE INTO `sys_rule_fact_field` (`objid`, `parentid`, `name`, `title`, `datatype`, `sortorder`, `handler`, `lookuphandler`, `lookupkey`, `lookupvalue`, `lookupdatatype`, `multivalued`, `required`, `vardatatype`, `lovname`) VALUES ('rptis.mach.facts.MachineActualUse.marketvalue', 'rptis.mach.facts.MachineActualUse', 'marketvalue', 'Market Value', 'decimal', '3', 'decimal', NULL, NULL, NULL, NULL, NULL, NULL, 'decimal', NULL);
INSERT IGNORE INTO `sys_rule_fact_field` (`objid`, `parentid`, `name`, `title`, `datatype`, `sortorder`, `handler`, `lookuphandler`, `lookupkey`, `lookupvalue`, `lookupdatatype`, `multivalued`, `required`, `vardatatype`, `lovname`) VALUES ('rptis.mach.facts.MachineActualUse.taxable', 'rptis.mach.facts.MachineActualUse', 'taxable', 'Taxable', 'boolean', '5', 'boolean', NULL, NULL, NULL, NULL, NULL, NULL, 'boolean', NULL);
INSERT IGNORE INTO `sys_rule_fact_field` (`objid`, `parentid`, `name`, `title`, `datatype`, `sortorder`, `handler`, `lookuphandler`, `lookupkey`, `lookupvalue`, `lookupdatatype`, `multivalued`, `required`, `vardatatype`, `lovname`) VALUES ('rptis.mach.facts.MachineDetail.assessedvalue', 'rptis.mach.facts.MachineDetail', 'assessedvalue', 'Assessed Value', 'decimal', '6', 'decimal', NULL, NULL, NULL, NULL, NULL, NULL, 'decimal', NULL);
INSERT IGNORE INTO `sys_rule_fact_field` (`objid`, `parentid`, `name`, `title`, `datatype`, `sortorder`, `handler`, `lookuphandler`, `lookupkey`, `lookupvalue`, `lookupdatatype`, `multivalued`, `required`, `vardatatype`, `lovname`) VALUES ('rptis.mach.facts.MachineDetail.assesslevel', 'rptis.mach.facts.MachineDetail', 'assesslevel', 'Assess Level', 'decimal', '5', 'decimal', NULL, NULL, NULL, NULL, NULL, NULL, 'decimal', NULL);
INSERT IGNORE INTO `sys_rule_fact_field` (`objid`, `parentid`, `name`, `title`, `datatype`, `sortorder`, `handler`, `lookuphandler`, `lookupkey`, `lookupvalue`, `lookupdatatype`, `multivalued`, `required`, `vardatatype`, `lovname`) VALUES ('rptis.mach.facts.MachineDetail.basemarketvalue', 'rptis.mach.facts.MachineDetail', 'basemarketvalue', 'Base Market Value', 'decimal', '2', 'decimal', NULL, NULL, NULL, NULL, NULL, NULL, 'decimal', NULL);
INSERT IGNORE INTO `sys_rule_fact_field` (`objid`, `parentid`, `name`, `title`, `datatype`, `sortorder`, `handler`, `lookuphandler`, `lookupkey`, `lookupvalue`, `lookupdatatype`, `multivalued`, `required`, `vardatatype`, `lovname`) VALUES ('rptis.mach.facts.MachineDetail.depreciation', 'rptis.mach.facts.MachineDetail', 'depreciation', 'Depreciation Rate', 'boolean', '10', 'boolean', NULL, NULL, NULL, NULL, NULL, NULL, 'boolean', NULL);
INSERT IGNORE INTO `sys_rule_fact_field` (`objid`, `parentid`, `name`, `title`, `datatype`, `sortorder`, `handler`, `lookuphandler`, `lookupkey`, `lookupvalue`, `lookupdatatype`, `multivalued`, `required`, `vardatatype`, `lovname`) VALUES ('rptis.mach.facts.MachineDetail.depreciationvalue', 'rptis.mach.facts.MachineDetail', 'depreciationvalue', 'Depreciation Value', 'decimal', '3', 'decimal', NULL, NULL, NULL, NULL, NULL, NULL, 'decimal', NULL);
INSERT IGNORE INTO `sys_rule_fact_field` (`objid`, `parentid`, `name`, `title`, `datatype`, `sortorder`, `handler`, `lookuphandler`, `lookupkey`, `lookupvalue`, `lookupdatatype`, `multivalued`, `required`, `vardatatype`, `lovname`) VALUES ('rptis.mach.facts.MachineDetail.machuse', 'rptis.mach.facts.MachineDetail', 'machuse', 'Machine Actual Use', 'string', '1', 'var', NULL, NULL, NULL, NULL, NULL, NULL, 'rptis.mach.facts.MachineActualUse', NULL);
INSERT IGNORE INTO `sys_rule_fact_field` (`objid`, `parentid`, `name`, `title`, `datatype`, `sortorder`, `handler`, `lookuphandler`, `lookupkey`, `lookupvalue`, `lookupdatatype`, `multivalued`, `required`, `vardatatype`, `lovname`) VALUES ('rptis.mach.facts.MachineDetail.marketvalue', 'rptis.mach.facts.MachineDetail', 'marketvalue', 'Market Value', 'decimal', '4', 'decimal', NULL, NULL, NULL, NULL, NULL, NULL, 'decimal', NULL);
INSERT IGNORE INTO `sys_rule_fact_field` (`objid`, `parentid`, `name`, `title`, `datatype`, `sortorder`, `handler`, `lookuphandler`, `lookupkey`, `lookupvalue`, `lookupdatatype`, `multivalued`, `required`, `vardatatype`, `lovname`) VALUES ('rptis.mach.facts.MachineDetail.swornamount', 'rptis.mach.facts.MachineDetail', 'swornamount', 'Sworn Amount', 'decimal', '9', 'decimal', NULL, NULL, NULL, NULL, NULL, NULL, 'decimal', NULL);
INSERT IGNORE INTO `sys_rule_fact_field` (`objid`, `parentid`, `name`, `title`, `datatype`, `sortorder`, `handler`, `lookuphandler`, `lookupkey`, `lookupvalue`, `lookupdatatype`, `multivalued`, `required`, `vardatatype`, `lovname`) VALUES ('rptis.mach.facts.MachineDetail.taxable', 'rptis.mach.facts.MachineDetail', 'taxable', 'Is Taxable', 'boolean', '7', 'boolean', NULL, NULL, NULL, NULL, NULL, NULL, 'boolean', NULL);
INSERT IGNORE INTO `sys_rule_fact_field` (`objid`, `parentid`, `name`, `title`, `datatype`, `sortorder`, `handler`, `lookuphandler`, `lookupkey`, `lookupvalue`, `lookupdatatype`, `multivalued`, `required`, `vardatatype`, `lovname`) VALUES ('rptis.mach.facts.MachineDetail.useswornamount', 'rptis.mach.facts.MachineDetail', 'useswornamount', 'Is Sworn Amount?', 'boolean', '8', 'boolean', NULL, NULL, NULL, NULL, NULL, NULL, 'boolean', NULL);
INSERT IGNORE INTO `sys_rule_fact_field` (`objid`, `parentid`, `name`, `title`, `datatype`, `sortorder`, `handler`, `lookuphandler`, `lookupkey`, `lookupvalue`, `lookupdatatype`, `multivalued`, `required`, `vardatatype`, `lovname`) VALUES ('rptis.misc.facts.MiscItem.assessedvalue', 'rptis.misc.facts.MiscItem', 'assessedvalue', 'Assessed Value', 'decimal', '6', 'decimal', NULL, NULL, NULL, NULL, NULL, NULL, 'decimal', NULL);
INSERT IGNORE INTO `sys_rule_fact_field` (`objid`, `parentid`, `name`, `title`, `datatype`, `sortorder`, `handler`, `lookuphandler`, `lookupkey`, `lookupvalue`, `lookupdatatype`, `multivalued`, `required`, `vardatatype`, `lovname`) VALUES ('rptis.misc.facts.MiscItem.assesslevel', 'rptis.misc.facts.MiscItem', 'assesslevel', 'Assess Level', 'decimal', '5', 'decimal', NULL, NULL, NULL, NULL, NULL, NULL, 'decimal', NULL);
INSERT IGNORE INTO `sys_rule_fact_field` (`objid`, `parentid`, `name`, `title`, `datatype`, `sortorder`, `handler`, `lookuphandler`, `lookupkey`, `lookupvalue`, `lookupdatatype`, `multivalued`, `required`, `vardatatype`, `lovname`) VALUES ('rptis.misc.facts.MiscItem.basemarketvalue', 'rptis.misc.facts.MiscItem', 'basemarketvalue', 'Base Market Value', 'decimal', '1', 'decimal', NULL, NULL, NULL, NULL, NULL, NULL, 'decimal', NULL);
INSERT IGNORE INTO `sys_rule_fact_field` (`objid`, `parentid`, `name`, `title`, `datatype`, `sortorder`, `handler`, `lookuphandler`, `lookupkey`, `lookupvalue`, `lookupdatatype`, `multivalued`, `required`, `vardatatype`, `lovname`) VALUES ('rptis.misc.facts.MiscItem.depreciatedvalue', 'rptis.misc.facts.MiscItem', 'depreciatedvalue', 'Depreciation', 'decimal', '3', 'decimal', NULL, NULL, NULL, NULL, NULL, NULL, 'decimal', NULL);
INSERT IGNORE INTO `sys_rule_fact_field` (`objid`, `parentid`, `name`, `title`, `datatype`, `sortorder`, `handler`, `lookuphandler`, `lookupkey`, `lookupvalue`, `lookupdatatype`, `multivalued`, `required`, `vardatatype`, `lovname`) VALUES ('rptis.misc.facts.MiscItem.depreciation', 'rptis.misc.facts.MiscItem', 'depreciation', 'Deprecation Rate', 'decimal', '2', 'decimal', NULL, NULL, NULL, NULL, NULL, NULL, 'decimal', NULL);
INSERT IGNORE INTO `sys_rule_fact_field` (`objid`, `parentid`, `name`, `title`, `datatype`, `sortorder`, `handler`, `lookuphandler`, `lookupkey`, `lookupvalue`, `lookupdatatype`, `multivalued`, `required`, `vardatatype`, `lovname`) VALUES ('rptis.misc.facts.MiscItem.marketvalue', 'rptis.misc.facts.MiscItem', 'marketvalue', 'Market Value', 'decimal', '4', 'decimal', NULL, NULL, NULL, NULL, NULL, NULL, 'decimal', NULL);
INSERT IGNORE INTO `sys_rule_fact_field` (`objid`, `parentid`, `name`, `title`, `datatype`, `sortorder`, `handler`, `lookuphandler`, `lookupkey`, `lookupvalue`, `lookupdatatype`, `multivalued`, `required`, `vardatatype`, `lovname`) VALUES ('rptis.misc.facts.MiscRPU.actualuseid', 'rptis.misc.facts.MiscRPU', 'actualuseid', 'Actual Use', 'string', '3', 'lookup', 'propertyclassification:objid', 'objid', 'name', NULL, NULL, NULL, 'string', NULL);
INSERT IGNORE INTO `sys_rule_fact_field` (`objid`, `parentid`, `name`, `title`, `datatype`, `sortorder`, `handler`, `lookuphandler`, `lookupkey`, `lookupvalue`, `lookupdatatype`, `multivalued`, `required`, `vardatatype`, `lovname`) VALUES ('rptis.misc.facts.MiscRPU.assessedvalue', 'rptis.misc.facts.MiscRPU', 'assessedvalue', 'Asessed Value', 'decimal', '9', 'decimal', NULL, NULL, NULL, NULL, NULL, NULL, 'decimal', NULL);
INSERT IGNORE INTO `sys_rule_fact_field` (`objid`, `parentid`, `name`, `title`, `datatype`, `sortorder`, `handler`, `lookuphandler`, `lookupkey`, `lookupvalue`, `lookupdatatype`, `multivalued`, `required`, `vardatatype`, `lovname`) VALUES ('rptis.misc.facts.MiscRPU.assesslevel', 'rptis.misc.facts.MiscRPU', 'assesslevel', 'Assess Level', 'decimal', '8', 'decimal', NULL, NULL, NULL, NULL, NULL, NULL, 'decimal', NULL);
INSERT IGNORE INTO `sys_rule_fact_field` (`objid`, `parentid`, `name`, `title`, `datatype`, `sortorder`, `handler`, `lookuphandler`, `lookupkey`, `lookupvalue`, `lookupdatatype`, `multivalued`, `required`, `vardatatype`, `lovname`) VALUES ('rptis.misc.facts.MiscRPU.basemarketvalue', 'rptis.misc.facts.MiscRPU', 'basemarketvalue', 'Base Market Value', 'decimal', '6', 'decimal', NULL, NULL, NULL, NULL, NULL, NULL, 'decimal', NULL);
INSERT IGNORE INTO `sys_rule_fact_field` (`objid`, `parentid`, `name`, `title`, `datatype`, `sortorder`, `handler`, `lookuphandler`, `lookupkey`, `lookupvalue`, `lookupdatatype`, `multivalued`, `required`, `vardatatype`, `lovname`) VALUES ('rptis.misc.facts.MiscRPU.classificationid', 'rptis.misc.facts.MiscRPU', 'classificationid', 'Classification', 'string', '2', 'lookup', 'propertyclassification:lookup', 'objid', 'name', NULL, NULL, NULL, 'string', NULL);
INSERT IGNORE INTO `sys_rule_fact_field` (`objid`, `parentid`, `name`, `title`, `datatype`, `sortorder`, `handler`, `lookuphandler`, `lookupkey`, `lookupvalue`, `lookupdatatype`, `multivalued`, `required`, `vardatatype`, `lovname`) VALUES ('rptis.misc.facts.MiscRPU.marketvalue', 'rptis.misc.facts.MiscRPU', 'marketvalue', 'Market Value', 'decimal', '7', 'decimal', NULL, NULL, NULL, NULL, NULL, NULL, 'decimal', NULL);
INSERT IGNORE INTO `sys_rule_fact_field` (`objid`, `parentid`, `name`, `title`, `datatype`, `sortorder`, `handler`, `lookuphandler`, `lookupkey`, `lookupvalue`, `lookupdatatype`, `multivalued`, `required`, `vardatatype`, `lovname`) VALUES ('rptis.misc.facts.MiscRPU.objid', 'rptis.misc.facts.MiscRPU', 'objid', 'RPU ID', 'string', '1', 'string', NULL, NULL, NULL, NULL, NULL, NULL, 'string', NULL);
INSERT IGNORE INTO `sys_rule_fact_field` (`objid`, `parentid`, `name`, `title`, `datatype`, `sortorder`, `handler`, `lookuphandler`, `lookupkey`, `lookupvalue`, `lookupdatatype`, `multivalued`, `required`, `vardatatype`, `lovname`) VALUES ('rptis.misc.facts.MiscRPU.swornamount', 'rptis.misc.facts.MiscRPU', 'swornamount', 'Sworn Amount', 'decimal', '5', 'decimal', NULL, NULL, NULL, NULL, NULL, NULL, 'decimal', NULL);
INSERT IGNORE INTO `sys_rule_fact_field` (`objid`, `parentid`, `name`, `title`, `datatype`, `sortorder`, `handler`, `lookuphandler`, `lookupkey`, `lookupvalue`, `lookupdatatype`, `multivalued`, `required`, `vardatatype`, `lovname`) VALUES ('rptis.misc.facts.MiscRPU.useswornamount', 'rptis.misc.facts.MiscRPU', 'useswornamount', 'Use Sworn Amount?', 'boolean', '4', 'boolean', NULL, NULL, NULL, NULL, NULL, NULL, 'boolean', NULL);
INSERT IGNORE INTO `sys_rule_fact_field` (`objid`, `parentid`, `name`, `title`, `datatype`, `sortorder`, `handler`, `lookuphandler`, `lookupkey`, `lookupvalue`, `lookupdatatype`, `multivalued`, `required`, `vardatatype`, `lovname`) VALUES ('rptis.planttree.facts.PlantTreeDetail.actualuseid', 'rptis.planttree.facts.PlantTreeDetail', 'actualuseid', 'Actual Use', 'string', '3', 'lookup', 'propertyclassification:lookup', 'objid', 'name', NULL, NULL, NULL, 'string', NULL);
INSERT IGNORE INTO `sys_rule_fact_field` (`objid`, `parentid`, `name`, `title`, `datatype`, `sortorder`, `handler`, `lookuphandler`, `lookupkey`, `lookupvalue`, `lookupdatatype`, `multivalued`, `required`, `vardatatype`, `lovname`) VALUES ('rptis.planttree.facts.PlantTreeDetail.adjustment', 'rptis.planttree.facts.PlantTreeDetail', 'adjustment', 'Adjustment', 'decimal', '9', 'decimal', NULL, NULL, NULL, NULL, NULL, NULL, 'decimal', NULL);
INSERT IGNORE INTO `sys_rule_fact_field` (`objid`, `parentid`, `name`, `title`, `datatype`, `sortorder`, `handler`, `lookuphandler`, `lookupkey`, `lookupvalue`, `lookupdatatype`, `multivalued`, `required`, `vardatatype`, `lovname`) VALUES ('rptis.planttree.facts.PlantTreeDetail.adjustmentrate', 'rptis.planttree.facts.PlantTreeDetail', 'adjustmentrate', 'Adjustment Rate', 'decimal', '10', 'decimal', NULL, NULL, NULL, NULL, NULL, NULL, 'decimal', NULL);
INSERT IGNORE INTO `sys_rule_fact_field` (`objid`, `parentid`, `name`, `title`, `datatype`, `sortorder`, `handler`, `lookuphandler`, `lookupkey`, `lookupvalue`, `lookupdatatype`, `multivalued`, `required`, `vardatatype`, `lovname`) VALUES ('rptis.planttree.facts.PlantTreeDetail.areacovered', 'rptis.planttree.facts.PlantTreeDetail', 'areacovered', 'Area Covered', 'decimal', '6', 'decimal', NULL, NULL, NULL, NULL, NULL, NULL, 'decimal', NULL);
INSERT IGNORE INTO `sys_rule_fact_field` (`objid`, `parentid`, `name`, `title`, `datatype`, `sortorder`, `handler`, `lookuphandler`, `lookupkey`, `lookupvalue`, `lookupdatatype`, `multivalued`, `required`, `vardatatype`, `lovname`) VALUES ('rptis.planttree.facts.PlantTreeDetail.assessedvalue', 'rptis.planttree.facts.PlantTreeDetail', 'assessedvalue', 'Assessed Value', 'decimal', '13', 'decimal', NULL, NULL, NULL, NULL, NULL, NULL, 'decimal', NULL);
INSERT IGNORE INTO `sys_rule_fact_field` (`objid`, `parentid`, `name`, `title`, `datatype`, `sortorder`, `handler`, `lookuphandler`, `lookupkey`, `lookupvalue`, `lookupdatatype`, `multivalued`, `required`, `vardatatype`, `lovname`) VALUES ('rptis.planttree.facts.PlantTreeDetail.assesslevel', 'rptis.planttree.facts.PlantTreeDetail', 'assesslevel', 'Assess Level', 'decimal', '12', 'decimal', NULL, NULL, NULL, NULL, NULL, NULL, 'decimal', NULL);
INSERT IGNORE INTO `sys_rule_fact_field` (`objid`, `parentid`, `name`, `title`, `datatype`, `sortorder`, `handler`, `lookuphandler`, `lookupkey`, `lookupvalue`, `lookupdatatype`, `multivalued`, `required`, `vardatatype`, `lovname`) VALUES ('rptis.planttree.facts.PlantTreeDetail.basemarketvalue', 'rptis.planttree.facts.PlantTreeDetail', 'basemarketvalue', 'Base Market Value', 'decimal', '8', 'decimal', NULL, NULL, NULL, NULL, NULL, NULL, 'decimal', NULL);
INSERT IGNORE INTO `sys_rule_fact_field` (`objid`, `parentid`, `name`, `title`, `datatype`, `sortorder`, `handler`, `lookuphandler`, `lookupkey`, `lookupvalue`, `lookupdatatype`, `multivalued`, `required`, `vardatatype`, `lovname`) VALUES ('rptis.planttree.facts.PlantTreeDetail.classificationid', 'rptis.planttree.facts.PlantTreeDetail', 'classificationid', 'Classification', 'string', '2', 'lookup', 'propertyclassification:lookup', 'objid', 'name', NULL, NULL, NULL, 'string', NULL);
INSERT IGNORE INTO `sys_rule_fact_field` (`objid`, `parentid`, `name`, `title`, `datatype`, `sortorder`, `handler`, `lookuphandler`, `lookupkey`, `lookupvalue`, `lookupdatatype`, `multivalued`, `required`, `vardatatype`, `lovname`) VALUES ('rptis.planttree.facts.PlantTreeDetail.marketvalue', 'rptis.planttree.facts.PlantTreeDetail', 'marketvalue', 'Market Value', 'decimal', '11', 'decimal', NULL, NULL, NULL, NULL, NULL, NULL, 'decimal', NULL);
INSERT IGNORE INTO `sys_rule_fact_field` (`objid`, `parentid`, `name`, `title`, `datatype`, `sortorder`, `handler`, `lookuphandler`, `lookupkey`, `lookupvalue`, `lookupdatatype`, `multivalued`, `required`, `vardatatype`, `lovname`) VALUES ('rptis.planttree.facts.PlantTreeDetail.nonproductive', 'rptis.planttree.facts.PlantTreeDetail', 'nonproductive', 'Non-Productive', 'decimal', '5', 'decimal', NULL, NULL, NULL, NULL, NULL, NULL, 'decimal', NULL);
INSERT IGNORE INTO `sys_rule_fact_field` (`objid`, `parentid`, `name`, `title`, `datatype`, `sortorder`, `handler`, `lookuphandler`, `lookupkey`, `lookupvalue`, `lookupdatatype`, `multivalued`, `required`, `vardatatype`, `lovname`) VALUES ('rptis.planttree.facts.PlantTreeDetail.productive', 'rptis.planttree.facts.PlantTreeDetail', 'productive', 'Productive', 'decimal', '4', 'decimal', NULL, NULL, NULL, NULL, NULL, NULL, 'decimal', NULL);
INSERT IGNORE INTO `sys_rule_fact_field` (`objid`, `parentid`, `name`, `title`, `datatype`, `sortorder`, `handler`, `lookuphandler`, `lookupkey`, `lookupvalue`, `lookupdatatype`, `multivalued`, `required`, `vardatatype`, `lovname`) VALUES ('rptis.planttree.facts.PlantTreeDetail.RPU', 'rptis.planttree.facts.PlantTreeDetail', 'RPU', 'RPU', 'string', '1', 'var', NULL, NULL, NULL, NULL, NULL, NULL, 'RPU', NULL);
INSERT IGNORE INTO `sys_rule_fact_field` (`objid`, `parentid`, `name`, `title`, `datatype`, `sortorder`, `handler`, `lookuphandler`, `lookupkey`, `lookupvalue`, `lookupdatatype`, `multivalued`, `required`, `vardatatype`, `lovname`) VALUES ('rptis.planttree.facts.PlantTreeDetail.unitvalue', 'rptis.planttree.facts.PlantTreeDetail', 'unitvalue', 'Unit Value', 'decimal', '7', 'decimal', NULL, NULL, NULL, NULL, NULL, NULL, 'decimal', NULL);
INSERT IGNORE INTO `sys_rule_fact_field` (`objid`, `parentid`, `name`, `title`, `datatype`, `sortorder`, `handler`, `lookuphandler`, `lookupkey`, `lookupvalue`, `lookupdatatype`, `multivalued`, `required`, `vardatatype`, `lovname`) VALUES ('RPTTxnInfoFact.planRequired', 'RPTTxnInfoFact', 'planRequired', 'Approved Plan Required', 'boolean', '3', 'boolean', NULL, NULL, NULL, NULL, NULL, NULL, 'boolean', NULL);
INSERT IGNORE INTO `sys_rule_fact_field` (`objid`, `parentid`, `name`, `title`, `datatype`, `sortorder`, `handler`, `lookuphandler`, `lookupkey`, `lookupvalue`, `lookupdatatype`, `multivalued`, `required`, `vardatatype`, `lovname`) VALUES ('RPTTxnInfoFact.txntype', 'RPTTxnInfoFact', 'txntype', 'Txn Type', 'string', '1', 'lov', NULL, NULL, NULL, NULL, NULL, NULL, 'string', 'RPT_TXN_TYPES');
INSERT IGNORE INTO `sys_rule_fact_field` (`objid`, `parentid`, `name`, `title`, `datatype`, `sortorder`, `handler`, `lookuphandler`, `lookupkey`, `lookupvalue`, `lookupdatatype`, `multivalued`, `required`, `vardatatype`, `lovname`) VALUES ('RPTTxnInfoFact.txntypemode', 'RPTTxnInfoFact', 'txntypemode', 'Txn Type Mode', 'string', '2', 'lov', NULL, NULL, NULL, NULL, NULL, NULL, 'string', 'RPT_TXN_TYPE_MODES');
INSERT IGNORE INTO `sys_rule_fact_field` (`objid`, `parentid`, `name`, `title`, `datatype`, `sortorder`, `handler`, `lookuphandler`, `lookupkey`, `lookupvalue`, `lookupdatatype`, `multivalued`, `required`, `vardatatype`, `lovname`) VALUES ('TxnAttributeFact.attribute', 'TxnAttributeFact', 'attribute', 'Attribute', 'string', '2', 'lookup', 'faastxnattributetype:lookup', 'attribute', 'attribute', NULL, NULL, '1', 'string', NULL);
INSERT IGNORE INTO `sys_rule_fact_field` (`objid`, `parentid`, `name`, `title`, `datatype`, `sortorder`, `handler`, `lookuphandler`, `lookupkey`, `lookupvalue`, `lookupdatatype`, `multivalued`, `required`, `vardatatype`, `lovname`) VALUES ('TxnAttributeFact.txntype', 'TxnAttributeFact', 'txntype', 'Txn Type', 'string', '1', 'string', NULL, NULL, NULL, NULL, NULL, '0', 'string', NULL);

INSERT IGNORE INTO `sys_rule_condition` (`objid`, `parentid`, `fact_name`, `fact_objid`, `varname`, `pos`, `ruletext`, `displaytext`, `dynamic_datatype`, `dynamic_key`, `dynamic_value`, `notexist`) VALUES ('RC-15f7fe9f:15cf6ec9fa5:-7fc3', 'RUL-31fc82f2:15cf6ecbe4d:-6b3d', 'rptis.land.facts.LandDetail', 'rptis.land.facts.LandDetail', 'LA', '0', NULL, NULL, NULL, NULL, NULL, '0');
INSERT IGNORE INTO `sys_rule_condition` (`objid`, `parentid`, `fact_name`, `fact_objid`, `varname`, `pos`, `ruletext`, `displaytext`, `dynamic_datatype`, `dynamic_key`, `dynamic_value`, `notexist`) VALUES ('RC48ce1e31:16b4f267a90:636f', 'RUL40fb8c21:16b4f90f5b4:-71f1', 'rptis.facts.RPUAssessment', 'rptis.facts.RPUAssessment', 'BA', '0', NULL, NULL, NULL, NULL, NULL, '0');
INSERT IGNORE INTO `sys_rule_condition` (`objid`, `parentid`, `fact_name`, `fact_objid`, `varname`, `pos`, `ruletext`, `displaytext`, `dynamic_datatype`, `dynamic_key`, `dynamic_value`, `notexist`) VALUES ('RCOND-103fed47:146ffb40356:-7d40', 'RUL3e2b89cb:146ff734573:-7dcc', 'rptis.bldg.facts.BldgRPU', 'rptis.bldg.facts.BldgRPU', 'RPU', '0', NULL, NULL, NULL, NULL, NULL, '0');
INSERT IGNORE INTO `sys_rule_condition` (`objid`, `parentid`, `fact_name`, `fact_objid`, `varname`, `pos`, `ruletext`, `displaytext`, `dynamic_datatype`, `dynamic_key`, `dynamic_value`, `notexist`) VALUES ('RCOND-2486b0ca:146fff66c3e:-2bf1', 'RUL-2486b0ca:146fff66c3e:-2c4a', 'rptis.bldg.facts.BldgUse', 'rptis.bldg.facts.BldgUse', 'BU', '0', NULL, NULL, NULL, NULL, NULL, '0');
INSERT IGNORE INTO `sys_rule_condition` (`objid`, `parentid`, `fact_name`, `fact_objid`, `varname`, `pos`, `ruletext`, `displaytext`, `dynamic_datatype`, `dynamic_key`, `dynamic_value`, `notexist`) VALUES ('RCOND-2486b0ca:146fff66c3e:-3888', 'RUL-2486b0ca:146fff66c3e:-38e4', 'rptis.bldg.facts.BldgFloor', 'rptis.bldg.facts.BldgFloor', 'BF', '0', NULL, NULL, NULL, NULL, NULL, '0');
INSERT IGNORE INTO `sys_rule_condition` (`objid`, `parentid`, `fact_name`, `fact_objid`, `varname`, `pos`, `ruletext`, `displaytext`, `dynamic_datatype`, `dynamic_key`, `dynamic_value`, `notexist`) VALUES ('RCOND-2486b0ca:146fff66c3e:-3ed1', 'RUL-2486b0ca:146fff66c3e:-4192', 'rptis.bldg.facts.BldgUse', 'rptis.bldg.facts.BldgUse', 'BU', '1', NULL, NULL, NULL, NULL, NULL, '0');
INSERT IGNORE INTO `sys_rule_condition` (`objid`, `parentid`, `fact_name`, `fact_objid`, `varname`, `pos`, `ruletext`, `displaytext`, `dynamic_datatype`, `dynamic_key`, `dynamic_value`, `notexist`) VALUES ('RCOND-2486b0ca:146fff66c3e:-3f91', 'RUL-2486b0ca:146fff66c3e:-4192', 'rptis.bldg.facts.BldgRPU', 'rptis.bldg.facts.BldgRPU', 'RPU', '0', NULL, NULL, NULL, NULL, NULL, '0');
INSERT IGNORE INTO `sys_rule_condition` (`objid`, `parentid`, `fact_name`, `fact_objid`, `varname`, `pos`, `ruletext`, `displaytext`, `dynamic_datatype`, `dynamic_key`, `dynamic_value`, `notexist`) VALUES ('RCOND-2486b0ca:146fff66c3e:-445d', 'RUL-2486b0ca:146fff66c3e:-4697', 'rptis.bldg.facts.BldgStructure', 'rptis.bldg.facts.BldgStructure', 'BS', '0', NULL, NULL, NULL, NULL, NULL, '0');
INSERT IGNORE INTO `sys_rule_condition` (`objid`, `parentid`, `fact_name`, `fact_objid`, `varname`, `pos`, `ruletext`, `displaytext`, `dynamic_datatype`, `dynamic_key`, `dynamic_value`, `notexist`) VALUES ('RCOND-2486b0ca:146fff66c3e:-6aad', 'RUL-2486b0ca:146fff66c3e:-6b05', 'rptis.bldg.facts.BldgFloor', 'rptis.bldg.facts.BldgFloor', 'BF', '0', NULL, NULL, NULL, NULL, NULL, '0');
INSERT IGNORE INTO `sys_rule_condition` (`objid`, `parentid`, `fact_name`, `fact_objid`, `varname`, `pos`, `ruletext`, `displaytext`, `dynamic_datatype`, `dynamic_key`, `dynamic_value`, `notexist`) VALUES ('RCOND-28dc975:156bcab666c:-5f3d', 'RUL-3e8edbea:156bc08656a:-5f05', 'rptis.facts.RPTVariable', 'rptis.facts.RPTVariable', 'VAR', '1', NULL, NULL, NULL, NULL, NULL, '0');
INSERT IGNORE INTO `sys_rule_condition` (`objid`, `parentid`, `fact_name`, `fact_objid`, `varname`, `pos`, `ruletext`, `displaytext`, `dynamic_datatype`, `dynamic_key`, `dynamic_value`, `notexist`) VALUES ('RCOND-28dc975:156bcab666c:-6051', 'RUL-3e8edbea:156bc08656a:-5f05', 'rptis.facts.RPU', 'rptis.facts.RPU', 'RPU', '0', NULL, NULL, NULL, NULL, NULL, '0');
INSERT IGNORE INTO `sys_rule_condition` (`objid`, `parentid`, `fact_name`, `fact_objid`, `varname`, `pos`, `ruletext`, `displaytext`, `dynamic_datatype`, `dynamic_key`, `dynamic_value`, `notexist`) VALUES ('RCOND-46fca07e:14c545f3e6a:-3353', 'RUL-46fca07e:14c545f3e6a:-33b4', 'rptis.bldg.facts.BldgFloor', 'rptis.bldg.facts.BldgFloor', 'BF', '0', NULL, NULL, NULL, NULL, NULL, '0');
INSERT IGNORE INTO `sys_rule_condition` (`objid`, `parentid`, `fact_name`, `fact_objid`, `varname`, `pos`, `ruletext`, `displaytext`, `dynamic_datatype`, `dynamic_key`, `dynamic_value`, `notexist`) VALUES ('RCOND-46fca07e:14c545f3e6a:-34b0', 'RUL-46fca07e:14c545f3e6a:-350f', 'rptis.bldg.facts.BldgUse', 'rptis.bldg.facts.BldgUse', 'BU', '0', NULL, NULL, NULL, NULL, NULL, '0');
INSERT IGNORE INTO `sys_rule_condition` (`objid`, `parentid`, `fact_name`, `fact_objid`, `varname`, `pos`, `ruletext`, `displaytext`, `dynamic_datatype`, `dynamic_key`, `dynamic_value`, `notexist`) VALUES ('RCOND-46fca07e:14c545f3e6a:-7707', 'RUL-46fca07e:14c545f3e6a:-7740', 'rptis.land.facts.LandDetail', 'rptis.land.facts.LandDetail', 'LA', '0', NULL, NULL, NULL, NULL, NULL, '0');
INSERT IGNORE INTO `sys_rule_condition` (`objid`, `parentid`, `fact_name`, `fact_objid`, `varname`, `pos`, `ruletext`, `displaytext`, `dynamic_datatype`, `dynamic_key`, `dynamic_value`, `notexist`) VALUES ('RCOND-46fca07e:14c545f3e6a:-786f', 'RUL-46fca07e:14c545f3e6a:-7a8b', 'rptis.land.facts.LandDetail', 'rptis.land.facts.LandDetail', 'LA', '0', NULL, NULL, NULL, NULL, NULL, '0');
INSERT IGNORE INTO `sys_rule_condition` (`objid`, `parentid`, `fact_name`, `fact_objid`, `varname`, `pos`, `ruletext`, `displaytext`, `dynamic_datatype`, `dynamic_key`, `dynamic_value`, `notexist`) VALUES ('RCOND-4dd00f9d:1698f34b282:-7ddb', 'RUL-4dd00f9d:1698f34b282:-7e5f', 'rptis.facts.RPUAssessment', 'rptis.facts.RPUAssessment', 'RA', '0', NULL, NULL, NULL, NULL, NULL, '0');
INSERT IGNORE INTO `sys_rule_condition` (`objid`, `parentid`, `fact_name`, `fact_objid`, `varname`, `pos`, `ruletext`, `displaytext`, `dynamic_datatype`, `dynamic_key`, `dynamic_value`, `notexist`) VALUES ('RCOND-5e76cf73:14d69e9c549:-701c', 'RUL-5e76cf73:14d69e9c549:-7084', 'rptis.land.facts.LandDetail', 'rptis.land.facts.LandDetail', 'LA', '0', NULL, NULL, NULL, NULL, NULL, '0');
INSERT IGNORE INTO `sys_rule_condition` (`objid`, `parentid`, `fact_name`, `fact_objid`, `varname`, `pos`, `ruletext`, `displaytext`, `dynamic_datatype`, `dynamic_key`, `dynamic_value`, `notexist`) VALUES ('RCOND-5e76cf73:14d69e9c549:-7e5d', 'RUL-5e76cf73:14d69e9c549:-7fd4', 'rptis.land.facts.LandAdjustment', 'rptis.land.facts.LandAdjustment', 'ADJ', '0', NULL, NULL, NULL, NULL, NULL, '0');
INSERT IGNORE INTO `sys_rule_condition` (`objid`, `parentid`, `fact_name`, `fact_objid`, `varname`, `pos`, `ruletext`, `displaytext`, `dynamic_datatype`, `dynamic_key`, `dynamic_value`, `notexist`) VALUES ('RCOND-60c99d04:1470b276e7f:-7dd3', 'RUL-60c99d04:1470b276e7f:-7ecc', 'rptis.bldg.facts.BldgUse', 'rptis.bldg.facts.BldgUse', 'BU', '1', NULL, NULL, NULL, NULL, NULL, '0');
INSERT IGNORE INTO `sys_rule_condition` (`objid`, `parentid`, `fact_name`, `fact_objid`, `varname`, `pos`, `ruletext`, `displaytext`, `dynamic_datatype`, `dynamic_key`, `dynamic_value`, `notexist`) VALUES ('RCOND-60c99d04:1470b276e7f:-7e2a', 'RUL-60c99d04:1470b276e7f:-7ecc', 'rptis.bldg.facts.BldgStructure', 'rptis.bldg.facts.BldgStructure', 'BS', '0', NULL, NULL, NULL, NULL, NULL, '0');
INSERT IGNORE INTO `sys_rule_condition` (`objid`, `parentid`, `fact_name`, `fact_objid`, `varname`, `pos`, `ruletext`, `displaytext`, `dynamic_datatype`, `dynamic_key`, `dynamic_value`, `notexist`) VALUES ('RCOND-762e9176:15d067a9c42:-5928', 'RUL-762e9176:15d067a9c42:-5aa0', 'rptis.facts.RPU', 'rptis.facts.RPU', 'RPU', '1', NULL, NULL, NULL, NULL, NULL, '0');
INSERT IGNORE INTO `sys_rule_condition` (`objid`, `parentid`, `fact_name`, `fact_objid`, `varname`, `pos`, `ruletext`, `displaytext`, `dynamic_datatype`, `dynamic_key`, `dynamic_value`, `notexist`) VALUES ('RCOND-762e9176:15d067a9c42:-5a4b', 'RUL-762e9176:15d067a9c42:-5aa0', 'rptis.facts.RPTVariable', 'rptis.facts.RPTVariable', 'VAR', '0', NULL, NULL, NULL, NULL, NULL, '0');
INSERT IGNORE INTO `sys_rule_condition` (`objid`, `parentid`, `fact_name`, `fact_objid`, `varname`, `pos`, `ruletext`, `displaytext`, `dynamic_datatype`, `dynamic_key`, `dynamic_value`, `notexist`) VALUES ('RCOND-79a9a347:15cfcae84de:-5af4', 'RUL-79a9a347:15cfcae84de:-6f2a', 'rptis.facts.RPTVariable', 'rptis.facts.RPTVariable', 'VAR', '1', NULL, NULL, NULL, NULL, NULL, '0');
INSERT IGNORE INTO `sys_rule_condition` (`objid`, `parentid`, `fact_name`, `fact_objid`, `varname`, `pos`, `ruletext`, `displaytext`, `dynamic_datatype`, `dynamic_key`, `dynamic_value`, `notexist`) VALUES ('RCOND-79a9a347:15cfcae84de:-6ebc', 'RUL-79a9a347:15cfcae84de:-6f2a', 'rptis.facts.RPU', 'rptis.facts.RPU', 'RPU', '0', NULL, NULL, NULL, NULL, NULL, '0');
INSERT IGNORE INTO `sys_rule_condition` (`objid`, `parentid`, `fact_name`, `fact_objid`, `varname`, `pos`, `ruletext`, `displaytext`, `dynamic_datatype`, `dynamic_key`, `dynamic_value`, `notexist`) VALUES ('RCOND-79a9a347:15cfcae84de:fb4', 'RUL-79a9a347:15cfcae84de:f6c', 'rptis.planttree.facts.PlantTreeDetail', 'rptis.planttree.facts.PlantTreeDetail', 'PTD', '0', NULL, NULL, NULL, NULL, NULL, '0');
INSERT IGNORE INTO `sys_rule_condition` (`objid`, `parentid`, `fact_name`, `fact_objid`, `varname`, `pos`, `ruletext`, `displaytext`, `dynamic_datatype`, `dynamic_key`, `dynamic_value`, `notexist`) VALUES ('RCOND-a35dd35:14e51ec3311:-5d14', 'RUL-a35dd35:14e51ec3311:-5d4c', 'rptis.misc.facts.MiscRPU', 'rptis.misc.facts.MiscRPU', 'MRPU', '0', NULL, NULL, NULL, NULL, NULL, '0');
INSERT IGNORE INTO `sys_rule_condition` (`objid`, `parentid`, `fact_name`, `fact_objid`, `varname`, `pos`, `ruletext`, `displaytext`, `dynamic_datatype`, `dynamic_key`, `dynamic_value`, `notexist`) VALUES ('RCOND1441128c:1471efa4c1c:-6c2f', 'RUL1441128c:1471efa4c1c:-6c93', 'rptis.facts.RPUAssessment', 'rptis.facts.RPUAssessment', 'BA', '0', NULL, NULL, NULL, NULL, NULL, '0');
INSERT IGNORE INTO `sys_rule_condition` (`objid`, `parentid`, `fact_name`, `fact_objid`, `varname`, `pos`, `ruletext`, `displaytext`, `dynamic_datatype`, `dynamic_key`, `dynamic_value`, `notexist`) VALUES ('RCOND1441128c:1471efa4c1c:-6d84', 'RUL1441128c:1471efa4c1c:-6eaa', 'rptis.bldg.facts.BldgUse', 'rptis.bldg.facts.BldgUse', 'BU', '0', NULL, NULL, NULL, NULL, NULL, '0');
INSERT IGNORE INTO `sys_rule_condition` (`objid`, `parentid`, `fact_name`, `fact_objid`, `varname`, `pos`, `ruletext`, `displaytext`, `dynamic_datatype`, `dynamic_key`, `dynamic_value`, `notexist`) VALUES ('RCOND1b4af871:14e3cc46e09:-2fc5', 'RUL1b4af871:14e3cc46e09:-301e', 'rptis.misc.facts.MiscItem', 'rptis.misc.facts.MiscItem', 'MI', '1', NULL, NULL, NULL, NULL, NULL, '0');
INSERT IGNORE INTO `sys_rule_condition` (`objid`, `parentid`, `fact_name`, `fact_objid`, `varname`, `pos`, `ruletext`, `displaytext`, `dynamic_datatype`, `dynamic_key`, `dynamic_value`, `notexist`) VALUES ('RCOND1b4af871:14e3cc46e09:-2fe8', 'RUL1b4af871:14e3cc46e09:-301e', 'rptis.misc.facts.MiscRPU', 'rptis.misc.facts.MiscRPU', 'MRPU', '0', NULL, NULL, NULL, NULL, NULL, '0');
INSERT IGNORE INTO `sys_rule_condition` (`objid`, `parentid`, `fact_name`, `fact_objid`, `varname`, `pos`, `ruletext`, `displaytext`, `dynamic_datatype`, `dynamic_key`, `dynamic_value`, `notexist`) VALUES ('RCOND1b4af871:14e3cc46e09:-31fc', 'RUL1b4af871:14e3cc46e09:-3341', 'rptis.misc.facts.MiscItem', 'rptis.misc.facts.MiscItem', 'MI', '1', NULL, NULL, NULL, NULL, NULL, '0');
INSERT IGNORE INTO `sys_rule_condition` (`objid`, `parentid`, `fact_name`, `fact_objid`, `varname`, `pos`, `ruletext`, `displaytext`, `dynamic_datatype`, `dynamic_key`, `dynamic_value`, `notexist`) VALUES ('RCOND1b4af871:14e3cc46e09:-3242', 'RUL1b4af871:14e3cc46e09:-3341', 'rptis.misc.facts.MiscRPU', 'rptis.misc.facts.MiscRPU', 'MRPU', '0', NULL, NULL, NULL, NULL, NULL, '0');
INSERT IGNORE INTO `sys_rule_condition` (`objid`, `parentid`, `fact_name`, `fact_objid`, `varname`, `pos`, `ruletext`, `displaytext`, `dynamic_datatype`, `dynamic_key`, `dynamic_value`, `notexist`) VALUES ('RCOND1ff29cd0:1572617f8d8:-7d30', 'RUL-a35dd35:14e51ec3311:-5d4c', 'rptis.misc.facts.MiscItem', 'rptis.misc.facts.MiscItem', 'MI', '1', NULL, NULL, NULL, NULL, NULL, '0');
INSERT IGNORE INTO `sys_rule_condition` (`objid`, `parentid`, `fact_name`, `fact_objid`, `varname`, `pos`, `ruletext`, `displaytext`, `dynamic_datatype`, `dynamic_key`, `dynamic_value`, `notexist`) VALUES ('RCOND3b800abe:14d2b978f55:-6196', 'RUL3b800abe:14d2b978f55:-61fb', 'rptis.bldg.facts.BldgUse', 'rptis.bldg.facts.BldgUse', 'BU', '0', NULL, NULL, NULL, NULL, NULL, '0');
INSERT IGNORE INTO `sys_rule_condition` (`objid`, `parentid`, `fact_name`, `fact_objid`, `varname`, `pos`, `ruletext`, `displaytext`, `dynamic_datatype`, `dynamic_key`, `dynamic_value`, `notexist`) VALUES ('RCOND3b800abe:14d2b978f55:-6339', 'RUL3b800abe:14d2b978f55:-63a0', 'rptis.bldg.facts.BldgFloor', 'rptis.bldg.facts.BldgFloor', 'BF', '0', NULL, NULL, NULL, NULL, NULL, '0');
INSERT IGNORE INTO `sys_rule_condition` (`objid`, `parentid`, `fact_name`, `fact_objid`, `varname`, `pos`, `ruletext`, `displaytext`, `dynamic_datatype`, `dynamic_key`, `dynamic_value`, `notexist`) VALUES ('RCOND3b800abe:14d2b978f55:-7d69', 'RUL3b800abe:14d2b978f55:-7e09', 'rptis.bldg.facts.BldgAdjustment', 'rptis.bldg.facts.BldgAdjustment', 'ADJ', '0', NULL, NULL, NULL, NULL, NULL, '0');
INSERT IGNORE INTO `sys_rule_condition` (`objid`, `parentid`, `fact_name`, `fact_objid`, `varname`, `pos`, `ruletext`, `displaytext`, `dynamic_datatype`, `dynamic_key`, `dynamic_value`, `notexist`) VALUES ('RCOND3fb43b91:14ccf782188:-5fd2', 'RUL3fb43b91:14ccf782188:-6008', 'rptis.planttree.facts.PlantTreeDetail', 'rptis.planttree.facts.PlantTreeDetail', 'PTD', '0', NULL, NULL, NULL, NULL, NULL, '0');
INSERT IGNORE INTO `sys_rule_condition` (`objid`, `parentid`, `fact_name`, `fact_objid`, `varname`, `pos`, `ruletext`, `displaytext`, `dynamic_datatype`, `dynamic_key`, `dynamic_value`, `notexist`) VALUES ('RCOND40fb8c21:16b4f90f5b4:-7972', 'RUL40fb8c21:16b4f90f5b4:-79bd', 'rptis.facts.RPUAssessment', 'rptis.facts.RPUAssessment', 'RA', '0', NULL, NULL, NULL, NULL, NULL, '0');
INSERT IGNORE INTO `sys_rule_condition` (`objid`, `parentid`, `fact_name`, `fact_objid`, `varname`, `pos`, `ruletext`, `displaytext`, `dynamic_datatype`, `dynamic_key`, `dynamic_value`, `notexist`) VALUES ('RCOND49a3c540:14e51feb8f6:-76da', 'RUL49a3c540:14e51feb8f6:-77d2', 'rptis.facts.RPTVariable', 'rptis.facts.RPTVariable', 'VAR2', '2', NULL, NULL, NULL, NULL, NULL, '0');
INSERT IGNORE INTO `sys_rule_condition` (`objid`, `parentid`, `fact_name`, `fact_objid`, `varname`, `pos`, `ruletext`, `displaytext`, `dynamic_datatype`, `dynamic_key`, `dynamic_value`, `notexist`) VALUES ('RCOND49a3c540:14e51feb8f6:-774e', 'RUL49a3c540:14e51feb8f6:-77d2', 'rptis.facts.RPTVariable', 'rptis.facts.RPTVariable', 'VAR1', '1', NULL, NULL, NULL, NULL, NULL, '0');
INSERT IGNORE INTO `sys_rule_condition` (`objid`, `parentid`, `fact_name`, `fact_objid`, `varname`, `pos`, `ruletext`, `displaytext`, `dynamic_datatype`, `dynamic_key`, `dynamic_value`, `notexist`) VALUES ('RCOND49a3c540:14e51feb8f6:-779a', 'RUL49a3c540:14e51feb8f6:-77d2', 'rptis.misc.facts.MiscRPU', 'rptis.misc.facts.MiscRPU', 'MRPU', '0', NULL, NULL, NULL, NULL, NULL, '0');
INSERT IGNORE INTO `sys_rule_condition` (`objid`, `parentid`, `fact_name`, `fact_objid`, `varname`, `pos`, `ruletext`, `displaytext`, `dynamic_datatype`, `dynamic_key`, `dynamic_value`, `notexist`) VALUES ('RCOND4e46261d:14f924c6b53:-7c57', 'RUL4e46261d:14f924c6b53:-7d9b', 'rptis.bldg.facts.BldgUse', 'rptis.bldg.facts.BldgUse', 'BU', '1', NULL, NULL, NULL, NULL, NULL, '0');
INSERT IGNORE INTO `sys_rule_condition` (`objid`, `parentid`, `fact_name`, `fact_objid`, `varname`, `pos`, `ruletext`, `displaytext`, `dynamic_datatype`, `dynamic_key`, `dynamic_value`, `notexist`) VALUES ('RCOND4e46261d:14f924c6b53:-7d37', 'RUL4e46261d:14f924c6b53:-7d9b', 'rptis.bldg.facts.BldgRPU', 'rptis.bldg.facts.BldgRPU', 'RPU', '0', NULL, NULL, NULL, NULL, NULL, '0');
INSERT IGNORE INTO `sys_rule_condition` (`objid`, `parentid`, `fact_name`, `fact_objid`, `varname`, `pos`, `ruletext`, `displaytext`, `dynamic_datatype`, `dynamic_key`, `dynamic_value`, `notexist`) VALUES ('RCOND59614e16:14c5e56ecc8:-7c8f', 'RUL59614e16:14c5e56ecc8:-7cbf', 'rptis.misc.facts.MiscItem', 'rptis.misc.facts.MiscItem', 'MI', '0', NULL, NULL, NULL, NULL, NULL, '0');
INSERT IGNORE INTO `sys_rule_condition` (`objid`, `parentid`, `fact_name`, `fact_objid`, `varname`, `pos`, `ruletext`, `displaytext`, `dynamic_datatype`, `dynamic_key`, `dynamic_value`, `notexist`) VALUES ('RCOND59614e16:14c5e56ecc8:-7dcb', 'RUL59614e16:14c5e56ecc8:-7dfb', 'rptis.misc.facts.MiscItem', 'rptis.misc.facts.MiscItem', 'MI', '0', NULL, NULL, NULL, NULL, NULL, '0');
INSERT IGNORE INTO `sys_rule_condition` (`objid`, `parentid`, `fact_name`, `fact_objid`, `varname`, `pos`, `ruletext`, `displaytext`, `dynamic_datatype`, `dynamic_key`, `dynamic_value`, `notexist`) VALUES ('RCOND5b4ac915:147baaa06b4:-6da4', 'RUL5b4ac915:147baaa06b4:-6f31', 'rptis.land.facts.LandDetail', 'rptis.land.facts.LandDetail', 'LA', '0', NULL, NULL, NULL, NULL, NULL, '0');
INSERT IGNORE INTO `sys_rule_condition` (`objid`, `parentid`, `fact_name`, `fact_objid`, `varname`, `pos`, `ruletext`, `displaytext`, `dynamic_datatype`, `dynamic_key`, `dynamic_value`, `notexist`) VALUES ('RCOND5f10a9aa:1698ea3f7ff:-6bb1', 'RUL5f10a9aa:1698ea3f7ff:-6cba', 'rptis.facts.RPUAssessment', 'rptis.facts.RPUAssessment', 'RA', '0', NULL, NULL, NULL, NULL, NULL, '0');
INSERT IGNORE INTO `sys_rule_condition` (`objid`, `parentid`, `fact_name`, `fact_objid`, `varname`, `pos`, `ruletext`, `displaytext`, `dynamic_datatype`, `dynamic_key`, `dynamic_value`, `notexist`) VALUES ('RCOND6d174068:14e3de9c20b:-7f93', 'RUL6d174068:14e3de9c20b:-7fcb', 'rptis.misc.facts.MiscRPU', 'rptis.misc.facts.MiscRPU', 'MRPU', '0', NULL, NULL, NULL, NULL, NULL, '0');

INSERT IGNORE INTO `sys_rule_condition_var` (`objid`, `parentid`, `ruleid`, `varname`, `datatype`, `pos`) VALUES ('RC-15f7fe9f:15cf6ec9fa5:-7fc3', 'RC-15f7fe9f:15cf6ec9fa5:-7fc3', 'RUL-31fc82f2:15cf6ecbe4d:-6b3d', 'LA', 'rptis.land.facts.LandDetail', '0');
INSERT IGNORE INTO `sys_rule_condition_var` (`objid`, `parentid`, `ruleid`, `varname`, `datatype`, `pos`) VALUES ('RC48ce1e31:16b4f267a90:636f', 'RC48ce1e31:16b4f267a90:636f', 'RUL40fb8c21:16b4f90f5b4:-71f1', 'BA', 'rptis.facts.RPUAssessment', '0');
INSERT IGNORE INTO `sys_rule_condition_var` (`objid`, `parentid`, `ruleid`, `varname`, `datatype`, `pos`) VALUES ('RCC-15f7fe9f:15cf6ec9fa5:-7fc1', 'RC-15f7fe9f:15cf6ec9fa5:-7fc3', 'RUL-31fc82f2:15cf6ecbe4d:-6b3d', 'MV', 'decimal', '0');
INSERT IGNORE INTO `sys_rule_condition_var` (`objid`, `parentid`, `ruleid`, `varname`, `datatype`, `pos`) VALUES ('RCC-15f7fe9f:15cf6ec9fa5:-7fc2', 'RC-15f7fe9f:15cf6ec9fa5:-7fc3', 'RUL-31fc82f2:15cf6ecbe4d:-6b3d', 'AL', 'decimal', '1');
INSERT IGNORE INTO `sys_rule_condition_var` (`objid`, `parentid`, `ruleid`, `varname`, `datatype`, `pos`) VALUES ('RCC48ce1e31:16b4f267a90:6372', 'RC48ce1e31:16b4f267a90:636f', 'RUL40fb8c21:16b4f90f5b4:-71f1', 'MV', 'decimal', '1');
INSERT IGNORE INTO `sys_rule_condition_var` (`objid`, `parentid`, `ruleid`, `varname`, `datatype`, `pos`) VALUES ('RCC48ce1e31:16b4f267a90:6373', 'RC48ce1e31:16b4f267a90:636f', 'RUL40fb8c21:16b4f90f5b4:-71f1', 'AL', 'decimal', '2');
INSERT IGNORE INTO `sys_rule_condition_var` (`objid`, `parentid`, `ruleid`, `varname`, `datatype`, `pos`) VALUES ('RCOND-103fed47:146ffb40356:-7d40', 'RCOND-103fed47:146ffb40356:-7d40', 'RUL3e2b89cb:146ff734573:-7dcc', 'RPU', 'rptis.bldg.facts.BldgRPU', '0');
INSERT IGNORE INTO `sys_rule_condition_var` (`objid`, `parentid`, `ruleid`, `varname`, `datatype`, `pos`) VALUES ('RCOND-2486b0ca:146fff66c3e:-2bf1', 'RCOND-2486b0ca:146fff66c3e:-2bf1', 'RUL-2486b0ca:146fff66c3e:-2c4a', 'BU', 'rptis.bldg.facts.BldgUse', '0');
INSERT IGNORE INTO `sys_rule_condition_var` (`objid`, `parentid`, `ruleid`, `varname`, `datatype`, `pos`) VALUES ('RCOND-2486b0ca:146fff66c3e:-3888', 'RCOND-2486b0ca:146fff66c3e:-3888', 'RUL-2486b0ca:146fff66c3e:-38e4', 'BF', 'rptis.bldg.facts.BldgFloor', '0');
INSERT IGNORE INTO `sys_rule_condition_var` (`objid`, `parentid`, `ruleid`, `varname`, `datatype`, `pos`) VALUES ('RCOND-2486b0ca:146fff66c3e:-3ed1', 'RCOND-2486b0ca:146fff66c3e:-3ed1', 'RUL-2486b0ca:146fff66c3e:-4192', 'BU', 'rptis.bldg.facts.BldgUse', '1');
INSERT IGNORE INTO `sys_rule_condition_var` (`objid`, `parentid`, `ruleid`, `varname`, `datatype`, `pos`) VALUES ('RCOND-2486b0ca:146fff66c3e:-3f91', 'RCOND-2486b0ca:146fff66c3e:-3f91', 'RUL-2486b0ca:146fff66c3e:-4192', 'RPU', 'rptis.bldg.facts.BldgRPU', '0');
INSERT IGNORE INTO `sys_rule_condition_var` (`objid`, `parentid`, `ruleid`, `varname`, `datatype`, `pos`) VALUES ('RCOND-2486b0ca:146fff66c3e:-445d', 'RCOND-2486b0ca:146fff66c3e:-445d', 'RUL-2486b0ca:146fff66c3e:-4697', 'BS', 'rptis.bldg.facts.BldgStructure', '0');
INSERT IGNORE INTO `sys_rule_condition_var` (`objid`, `parentid`, `ruleid`, `varname`, `datatype`, `pos`) VALUES ('RCOND-2486b0ca:146fff66c3e:-6aad', 'RCOND-2486b0ca:146fff66c3e:-6aad', 'RUL-2486b0ca:146fff66c3e:-6b05', 'BF', 'rptis.bldg.facts.BldgFloor', '0');
INSERT IGNORE INTO `sys_rule_condition_var` (`objid`, `parentid`, `ruleid`, `varname`, `datatype`, `pos`) VALUES ('RCOND-28dc975:156bcab666c:-5f3d', 'RCOND-28dc975:156bcab666c:-5f3d', 'RUL-3e8edbea:156bc08656a:-5f05', 'VAR', 'rptis.facts.RPTVariable', '1');
INSERT IGNORE INTO `sys_rule_condition_var` (`objid`, `parentid`, `ruleid`, `varname`, `datatype`, `pos`) VALUES ('RCOND-28dc975:156bcab666c:-6051', 'RCOND-28dc975:156bcab666c:-6051', 'RUL-3e8edbea:156bc08656a:-5f05', 'RPU', 'rptis.facts.RPU', '0');
INSERT IGNORE INTO `sys_rule_condition_var` (`objid`, `parentid`, `ruleid`, `varname`, `datatype`, `pos`) VALUES ('RCOND-46fca07e:14c545f3e6a:-3353', 'RCOND-46fca07e:14c545f3e6a:-3353', 'RUL-46fca07e:14c545f3e6a:-33b4', 'BF', 'rptis.bldg.facts.BldgFloor', '0');
INSERT IGNORE INTO `sys_rule_condition_var` (`objid`, `parentid`, `ruleid`, `varname`, `datatype`, `pos`) VALUES ('RCOND-46fca07e:14c545f3e6a:-34b0', 'RCOND-46fca07e:14c545f3e6a:-34b0', 'RUL-46fca07e:14c545f3e6a:-350f', 'BU', 'rptis.bldg.facts.BldgUse', '0');
INSERT IGNORE INTO `sys_rule_condition_var` (`objid`, `parentid`, `ruleid`, `varname`, `datatype`, `pos`) VALUES ('RCOND-46fca07e:14c545f3e6a:-7707', 'RCOND-46fca07e:14c545f3e6a:-7707', 'RUL-46fca07e:14c545f3e6a:-7740', 'LA', 'rptis.land.facts.LandDetail', '0');
INSERT IGNORE INTO `sys_rule_condition_var` (`objid`, `parentid`, `ruleid`, `varname`, `datatype`, `pos`) VALUES ('RCOND-46fca07e:14c545f3e6a:-786f', 'RCOND-46fca07e:14c545f3e6a:-786f', 'RUL-46fca07e:14c545f3e6a:-7a8b', 'LA', 'rptis.land.facts.LandDetail', '0');
INSERT IGNORE INTO `sys_rule_condition_var` (`objid`, `parentid`, `ruleid`, `varname`, `datatype`, `pos`) VALUES ('RCOND-4dd00f9d:1698f34b282:-7ddb', 'RCOND-4dd00f9d:1698f34b282:-7ddb', 'RUL-4dd00f9d:1698f34b282:-7e5f', 'RA', 'rptis.facts.RPUAssessment', '0');
INSERT IGNORE INTO `sys_rule_condition_var` (`objid`, `parentid`, `ruleid`, `varname`, `datatype`, `pos`) VALUES ('RCOND-5e76cf73:14d69e9c549:-701c', 'RCOND-5e76cf73:14d69e9c549:-701c', 'RUL-5e76cf73:14d69e9c549:-7084', 'LA', 'rptis.land.facts.LandDetail', '0');
INSERT IGNORE INTO `sys_rule_condition_var` (`objid`, `parentid`, `ruleid`, `varname`, `datatype`, `pos`) VALUES ('RCOND-5e76cf73:14d69e9c549:-7e5d', 'RCOND-5e76cf73:14d69e9c549:-7e5d', 'RUL-5e76cf73:14d69e9c549:-7fd4', 'ADJ', 'rptis.land.facts.LandAdjustment', '0');
INSERT IGNORE INTO `sys_rule_condition_var` (`objid`, `parentid`, `ruleid`, `varname`, `datatype`, `pos`) VALUES ('RCOND-60c99d04:1470b276e7f:-7dd3', 'RCOND-60c99d04:1470b276e7f:-7dd3', 'RUL-60c99d04:1470b276e7f:-7ecc', 'BU', 'rptis.bldg.facts.BldgUse', '1');
INSERT IGNORE INTO `sys_rule_condition_var` (`objid`, `parentid`, `ruleid`, `varname`, `datatype`, `pos`) VALUES ('RCOND-60c99d04:1470b276e7f:-7e2a', 'RCOND-60c99d04:1470b276e7f:-7e2a', 'RUL-60c99d04:1470b276e7f:-7ecc', 'BS', 'rptis.bldg.facts.BldgStructure', '0');
INSERT IGNORE INTO `sys_rule_condition_var` (`objid`, `parentid`, `ruleid`, `varname`, `datatype`, `pos`) VALUES ('RCOND-762e9176:15d067a9c42:-5928', 'RCOND-762e9176:15d067a9c42:-5928', 'RUL-762e9176:15d067a9c42:-5aa0', 'RPU', 'rptis.facts.RPU', '1');
INSERT IGNORE INTO `sys_rule_condition_var` (`objid`, `parentid`, `ruleid`, `varname`, `datatype`, `pos`) VALUES ('RCOND-762e9176:15d067a9c42:-5a4b', 'RCOND-762e9176:15d067a9c42:-5a4b', 'RUL-762e9176:15d067a9c42:-5aa0', 'VAR', 'rptis.facts.RPTVariable', '0');
INSERT IGNORE INTO `sys_rule_condition_var` (`objid`, `parentid`, `ruleid`, `varname`, `datatype`, `pos`) VALUES ('RCOND-79a9a347:15cfcae84de:-5af4', 'RCOND-79a9a347:15cfcae84de:-5af4', 'RUL-79a9a347:15cfcae84de:-6f2a', 'VAR', 'rptis.facts.RPTVariable', '1');
INSERT IGNORE INTO `sys_rule_condition_var` (`objid`, `parentid`, `ruleid`, `varname`, `datatype`, `pos`) VALUES ('RCOND-79a9a347:15cfcae84de:-6ebc', 'RCOND-79a9a347:15cfcae84de:-6ebc', 'RUL-79a9a347:15cfcae84de:-6f2a', 'RPU', 'rptis.facts.RPU', '0');
INSERT IGNORE INTO `sys_rule_condition_var` (`objid`, `parentid`, `ruleid`, `varname`, `datatype`, `pos`) VALUES ('RCOND-79a9a347:15cfcae84de:fb4', 'RCOND-79a9a347:15cfcae84de:fb4', 'RUL-79a9a347:15cfcae84de:f6c', 'PTD', 'rptis.planttree.facts.PlantTreeDetail', '0');
INSERT IGNORE INTO `sys_rule_condition_var` (`objid`, `parentid`, `ruleid`, `varname`, `datatype`, `pos`) VALUES ('RCOND-a35dd35:14e51ec3311:-5d14', 'RCOND-a35dd35:14e51ec3311:-5d14', 'RUL-a35dd35:14e51ec3311:-5d4c', 'MRPU', 'rptis.misc.facts.MiscRPU', '0');
INSERT IGNORE INTO `sys_rule_condition_var` (`objid`, `parentid`, `ruleid`, `varname`, `datatype`, `pos`) VALUES ('RCOND1441128c:1471efa4c1c:-6c2f', 'RCOND1441128c:1471efa4c1c:-6c2f', 'RUL1441128c:1471efa4c1c:-6c93', 'BA', 'rptis.facts.RPUAssessment', '0');
INSERT IGNORE INTO `sys_rule_condition_var` (`objid`, `parentid`, `ruleid`, `varname`, `datatype`, `pos`) VALUES ('RCOND1441128c:1471efa4c1c:-6d84', 'RCOND1441128c:1471efa4c1c:-6d84', 'RUL1441128c:1471efa4c1c:-6eaa', 'BU', 'rptis.bldg.facts.BldgUse', '0');
INSERT IGNORE INTO `sys_rule_condition_var` (`objid`, `parentid`, `ruleid`, `varname`, `datatype`, `pos`) VALUES ('RCOND1b4af871:14e3cc46e09:-2fc5', 'RCOND1b4af871:14e3cc46e09:-2fc5', 'RUL1b4af871:14e3cc46e09:-301e', 'MI', 'rptis.misc.facts.MiscItem', '1');
INSERT IGNORE INTO `sys_rule_condition_var` (`objid`, `parentid`, `ruleid`, `varname`, `datatype`, `pos`) VALUES ('RCOND1b4af871:14e3cc46e09:-2fe8', 'RCOND1b4af871:14e3cc46e09:-2fe8', 'RUL1b4af871:14e3cc46e09:-301e', 'MRPU', 'rptis.misc.facts.MiscRPU', '0');
INSERT IGNORE INTO `sys_rule_condition_var` (`objid`, `parentid`, `ruleid`, `varname`, `datatype`, `pos`) VALUES ('RCOND1b4af871:14e3cc46e09:-31fc', 'RCOND1b4af871:14e3cc46e09:-31fc', 'RUL1b4af871:14e3cc46e09:-3341', 'MI', 'rptis.misc.facts.MiscItem', '1');
INSERT IGNORE INTO `sys_rule_condition_var` (`objid`, `parentid`, `ruleid`, `varname`, `datatype`, `pos`) VALUES ('RCOND1b4af871:14e3cc46e09:-3242', 'RCOND1b4af871:14e3cc46e09:-3242', 'RUL1b4af871:14e3cc46e09:-3341', 'MRPU', 'rptis.misc.facts.MiscRPU', '0');
INSERT IGNORE INTO `sys_rule_condition_var` (`objid`, `parentid`, `ruleid`, `varname`, `datatype`, `pos`) VALUES ('RCOND1ff29cd0:1572617f8d8:-7d30', 'RCOND1ff29cd0:1572617f8d8:-7d30', 'RUL-a35dd35:14e51ec3311:-5d4c', 'MI', 'rptis.misc.facts.MiscItem', '1');
INSERT IGNORE INTO `sys_rule_condition_var` (`objid`, `parentid`, `ruleid`, `varname`, `datatype`, `pos`) VALUES ('RCOND3b800abe:14d2b978f55:-6196', 'RCOND3b800abe:14d2b978f55:-6196', 'RUL3b800abe:14d2b978f55:-61fb', 'BU', 'rptis.bldg.facts.BldgUse', '0');
INSERT IGNORE INTO `sys_rule_condition_var` (`objid`, `parentid`, `ruleid`, `varname`, `datatype`, `pos`) VALUES ('RCOND3b800abe:14d2b978f55:-6339', 'RCOND3b800abe:14d2b978f55:-6339', 'RUL3b800abe:14d2b978f55:-63a0', 'BF', 'rptis.bldg.facts.BldgFloor', '0');
INSERT IGNORE INTO `sys_rule_condition_var` (`objid`, `parentid`, `ruleid`, `varname`, `datatype`, `pos`) VALUES ('RCOND3b800abe:14d2b978f55:-7d69', 'RCOND3b800abe:14d2b978f55:-7d69', 'RUL3b800abe:14d2b978f55:-7e09', 'ADJ', 'rptis.bldg.facts.BldgAdjustment', '0');
INSERT IGNORE INTO `sys_rule_condition_var` (`objid`, `parentid`, `ruleid`, `varname`, `datatype`, `pos`) VALUES ('RCOND3fb43b91:14ccf782188:-5fd2', 'RCOND3fb43b91:14ccf782188:-5fd2', 'RUL3fb43b91:14ccf782188:-6008', 'PTD', 'rptis.planttree.facts.PlantTreeDetail', '0');
INSERT IGNORE INTO `sys_rule_condition_var` (`objid`, `parentid`, `ruleid`, `varname`, `datatype`, `pos`) VALUES ('RCOND40fb8c21:16b4f90f5b4:-7972', 'RCOND40fb8c21:16b4f90f5b4:-7972', 'RUL40fb8c21:16b4f90f5b4:-79bd', 'RA', 'rptis.facts.RPUAssessment', '0');
INSERT IGNORE INTO `sys_rule_condition_var` (`objid`, `parentid`, `ruleid`, `varname`, `datatype`, `pos`) VALUES ('RCOND49a3c540:14e51feb8f6:-76da', 'RCOND49a3c540:14e51feb8f6:-76da', 'RUL49a3c540:14e51feb8f6:-77d2', 'VAR2', 'rptis.misc.facts.MiscVariable', '2');
INSERT IGNORE INTO `sys_rule_condition_var` (`objid`, `parentid`, `ruleid`, `varname`, `datatype`, `pos`) VALUES ('RCOND49a3c540:14e51feb8f6:-774e', 'RCOND49a3c540:14e51feb8f6:-774e', 'RUL49a3c540:14e51feb8f6:-77d2', 'VAR1', 'rptis.facts.RPTVariable', '1');
INSERT IGNORE INTO `sys_rule_condition_var` (`objid`, `parentid`, `ruleid`, `varname`, `datatype`, `pos`) VALUES ('RCOND49a3c540:14e51feb8f6:-779a', 'RCOND49a3c540:14e51feb8f6:-779a', 'RUL49a3c540:14e51feb8f6:-77d2', 'MRPU', 'rptis.misc.facts.MiscRPU', '0');
INSERT IGNORE INTO `sys_rule_condition_var` (`objid`, `parentid`, `ruleid`, `varname`, `datatype`, `pos`) VALUES ('RCOND4e46261d:14f924c6b53:-7c57', 'RCOND4e46261d:14f924c6b53:-7c57', 'RUL4e46261d:14f924c6b53:-7d9b', 'BU', 'rptis.bldg.facts.BldgUse', '1');
INSERT IGNORE INTO `sys_rule_condition_var` (`objid`, `parentid`, `ruleid`, `varname`, `datatype`, `pos`) VALUES ('RCOND4e46261d:14f924c6b53:-7d37', 'RCOND4e46261d:14f924c6b53:-7d37', 'RUL4e46261d:14f924c6b53:-7d9b', 'RPU', 'rptis.bldg.facts.BldgRPU', '0');
INSERT IGNORE INTO `sys_rule_condition_var` (`objid`, `parentid`, `ruleid`, `varname`, `datatype`, `pos`) VALUES ('RCOND59614e16:14c5e56ecc8:-7c8f', 'RCOND59614e16:14c5e56ecc8:-7c8f', 'RUL59614e16:14c5e56ecc8:-7cbf', 'MI', 'rptis.misc.facts.MiscItem', '0');
INSERT IGNORE INTO `sys_rule_condition_var` (`objid`, `parentid`, `ruleid`, `varname`, `datatype`, `pos`) VALUES ('RCOND59614e16:14c5e56ecc8:-7dcb', 'RCOND59614e16:14c5e56ecc8:-7dcb', 'RUL59614e16:14c5e56ecc8:-7dfb', 'MI', 'rptis.misc.facts.MiscItem', '0');
INSERT IGNORE INTO `sys_rule_condition_var` (`objid`, `parentid`, `ruleid`, `varname`, `datatype`, `pos`) VALUES ('RCOND5b4ac915:147baaa06b4:-6da4', 'RCOND5b4ac915:147baaa06b4:-6da4', 'RUL5b4ac915:147baaa06b4:-6f31', 'LA', 'rptis.land.facts.LandDetail', '0');
INSERT IGNORE INTO `sys_rule_condition_var` (`objid`, `parentid`, `ruleid`, `varname`, `datatype`, `pos`) VALUES ('RCOND5f10a9aa:1698ea3f7ff:-6bb1', 'RCOND5f10a9aa:1698ea3f7ff:-6bb1', 'RUL5f10a9aa:1698ea3f7ff:-6cba', 'RA', 'rptis.facts.RPUAssessment', '0');
INSERT IGNORE INTO `sys_rule_condition_var` (`objid`, `parentid`, `ruleid`, `varname`, `datatype`, `pos`) VALUES ('RCOND6d174068:14e3de9c20b:-7f93', 'RCOND6d174068:14e3de9c20b:-7f93', 'RUL6d174068:14e3de9c20b:-7fcb', 'MRPU', 'rptis.misc.facts.MiscRPU', '0');
INSERT IGNORE INTO `sys_rule_condition_var` (`objid`, `parentid`, `ruleid`, `varname`, `datatype`, `pos`) VALUES ('RCONST-103fed47:146ffb40356:-7c7c', 'RCOND-103fed47:146ffb40356:-7d40', 'RUL3e2b89cb:146ff734573:-7dcc', 'YRCOMPLETED', 'integer', '1');
INSERT IGNORE INTO `sys_rule_condition_var` (`objid`, `parentid`, `ruleid`, `varname`, `datatype`, `pos`) VALUES ('RCONST-103fed47:146ffb40356:-7ce5', 'RCOND-103fed47:146ffb40356:-7d40', 'RUL3e2b89cb:146ff734573:-7dcc', 'YRAPPRAISED', 'integer', '0');
INSERT IGNORE INTO `sys_rule_condition_var` (`objid`, `parentid`, `ruleid`, `varname`, `datatype`, `pos`) VALUES ('RCONST-2486b0ca:146fff66c3e:-2b45', 'RCOND-2486b0ca:146fff66c3e:-2bf1', 'RUL-2486b0ca:146fff66c3e:-2c4a', 'ADJ', 'decimal', '2');
INSERT IGNORE INTO `sys_rule_condition_var` (`objid`, `parentid`, `ruleid`, `varname`, `datatype`, `pos`) VALUES ('RCONST-2486b0ca:146fff66c3e:-2b8c', 'RCOND-2486b0ca:146fff66c3e:-2bf1', 'RUL-2486b0ca:146fff66c3e:-2c4a', 'DEP', 'decimal', '1');
INSERT IGNORE INTO `sys_rule_condition_var` (`objid`, `parentid`, `ruleid`, `varname`, `datatype`, `pos`) VALUES ('RCONST-2486b0ca:146fff66c3e:-2bc5', 'RCOND-2486b0ca:146fff66c3e:-2bf1', 'RUL-2486b0ca:146fff66c3e:-2c4a', 'BMV', 'decimal', '0');
INSERT IGNORE INTO `sys_rule_condition_var` (`objid`, `parentid`, `ruleid`, `varname`, `datatype`, `pos`) VALUES ('RCONST-2486b0ca:146fff66c3e:-382b', 'RCOND-2486b0ca:146fff66c3e:-3888', 'RUL-2486b0ca:146fff66c3e:-38e4', 'ADJ', 'decimal', '1');
INSERT IGNORE INTO `sys_rule_condition_var` (`objid`, `parentid`, `ruleid`, `varname`, `datatype`, `pos`) VALUES ('RCONST-2486b0ca:146fff66c3e:-3860', 'RCOND-2486b0ca:146fff66c3e:-3888', 'RUL-2486b0ca:146fff66c3e:-38e4', 'BMV', 'decimal', '0');
INSERT IGNORE INTO `sys_rule_condition_var` (`objid`, `parentid`, `ruleid`, `varname`, `datatype`, `pos`) VALUES ('RCONST-2486b0ca:146fff66c3e:-3f19', 'RCOND-2486b0ca:146fff66c3e:-3f91', 'RUL-2486b0ca:146fff66c3e:-4192', 'DPRATE', 'decimal', '0');
INSERT IGNORE INTO `sys_rule_condition_var` (`objid`, `parentid`, `ruleid`, `varname`, `datatype`, `pos`) VALUES ('RCONST-2486b0ca:146fff66c3e:-6a5a', 'RCOND-2486b0ca:146fff66c3e:-6aad', 'RUL-2486b0ca:146fff66c3e:-6b05', 'UV', 'decimal', '1');
INSERT IGNORE INTO `sys_rule_condition_var` (`objid`, `parentid`, `ruleid`, `varname`, `datatype`, `pos`) VALUES ('RCONST-2486b0ca:146fff66c3e:-6a8b', 'RCOND-2486b0ca:146fff66c3e:-6aad', 'RUL-2486b0ca:146fff66c3e:-6b05', 'AREA', 'decimal', '0');
INSERT IGNORE INTO `sys_rule_condition_var` (`objid`, `parentid`, `ruleid`, `varname`, `datatype`, `pos`) VALUES ('RCONST-28dc975:156bcab666c:-5ed8', 'RCOND-28dc975:156bcab666c:-5f3d', 'RUL-3e8edbea:156bc08656a:-5f05', 'AV', 'decimal', '1');
INSERT IGNORE INTO `sys_rule_condition_var` (`objid`, `parentid`, `ruleid`, `varname`, `datatype`, `pos`) VALUES ('RCONST-2ef3c345:147ed584975:-7e3d', 'RCOND-60c99d04:1470b276e7f:-7e2a', 'RUL-60c99d04:1470b276e7f:-7ecc', 'TOTALAREA', 'decimal', '1');
INSERT IGNORE INTO `sys_rule_condition_var` (`objid`, `parentid`, `ruleid`, `varname`, `datatype`, `pos`) VALUES ('RCONST-46fca07e:14c545f3e6a:-332b', 'RCOND-46fca07e:14c545f3e6a:-3353', 'RUL-46fca07e:14c545f3e6a:-33b4', 'BMV', 'decimal', '0');
INSERT IGNORE INTO `sys_rule_condition_var` (`objid`, `parentid`, `ruleid`, `varname`, `datatype`, `pos`) VALUES ('RCONST-46fca07e:14c545f3e6a:-3481', 'RCOND-46fca07e:14c545f3e6a:-34b0', 'RUL-46fca07e:14c545f3e6a:-350f', 'BMV', 'decimal', '0');
INSERT IGNORE INTO `sys_rule_condition_var` (`objid`, `parentid`, `ruleid`, `varname`, `datatype`, `pos`) VALUES ('RCONST-46fca07e:14c545f3e6a:-7678', 'RCOND-46fca07e:14c545f3e6a:-7707', 'RUL-46fca07e:14c545f3e6a:-7740', 'ADJ', 'decimal', '1');
INSERT IGNORE INTO `sys_rule_condition_var` (`objid`, `parentid`, `ruleid`, `varname`, `datatype`, `pos`) VALUES ('RCONST-46fca07e:14c545f3e6a:-76c6', 'RCOND-46fca07e:14c545f3e6a:-7707', 'RUL-46fca07e:14c545f3e6a:-7740', 'BMV', 'decimal', '0');
INSERT IGNORE INTO `sys_rule_condition_var` (`objid`, `parentid`, `ruleid`, `varname`, `datatype`, `pos`) VALUES ('RCONST-46fca07e:14c545f3e6a:-77f2', 'RCOND-46fca07e:14c545f3e6a:-786f', 'RUL-46fca07e:14c545f3e6a:-7a8b', 'UV', 'decimal', '1');
INSERT IGNORE INTO `sys_rule_condition_var` (`objid`, `parentid`, `ruleid`, `varname`, `datatype`, `pos`) VALUES ('RCONST-46fca07e:14c545f3e6a:-783a', 'RCOND-46fca07e:14c545f3e6a:-786f', 'RUL-46fca07e:14c545f3e6a:-7a8b', 'AREA', 'decimal', '0');
INSERT IGNORE INTO `sys_rule_condition_var` (`objid`, `parentid`, `ruleid`, `varname`, `datatype`, `pos`) VALUES ('RCONST-4dd00f9d:1698f34b282:-7da8', 'RCOND-4dd00f9d:1698f34b282:-7ddb', 'RUL-4dd00f9d:1698f34b282:-7e5f', 'AV', 'decimal', '1');
INSERT IGNORE INTO `sys_rule_condition_var` (`objid`, `parentid`, `ruleid`, `varname`, `datatype`, `pos`) VALUES ('RCONST-5e76cf73:14d69e9c549:-6f25', 'RCOND-5e76cf73:14d69e9c549:-701c', 'RUL-5e76cf73:14d69e9c549:-7084', 'AUADJ', 'decimal', '2');
INSERT IGNORE INTO `sys_rule_condition_var` (`objid`, `parentid`, `ruleid`, `varname`, `datatype`, `pos`) VALUES ('RCONST-5e76cf73:14d69e9c549:-6f83', 'RCOND-5e76cf73:14d69e9c549:-701c', 'RUL-5e76cf73:14d69e9c549:-7084', 'LVADJ', 'decimal', '1');
INSERT IGNORE INTO `sys_rule_condition_var` (`objid`, `parentid`, `ruleid`, `varname`, `datatype`, `pos`) VALUES ('RCONST-5e76cf73:14d69e9c549:-6fd3', 'RCOND-5e76cf73:14d69e9c549:-701c', 'RUL-5e76cf73:14d69e9c549:-7084', 'ADJ', 'decimal', '0');
INSERT IGNORE INTO `sys_rule_condition_var` (`objid`, `parentid`, `ruleid`, `varname`, `datatype`, `pos`) VALUES ('RCONST-5e76cf73:14d69e9c549:-7e44', 'RCOND-5e76cf73:14d69e9c549:-7e5d', 'RUL-5e76cf73:14d69e9c549:-7fd4', 'ADJAMOUNT', 'decimal', '0');
INSERT IGNORE INTO `sys_rule_condition_var` (`objid`, `parentid`, `ruleid`, `varname`, `datatype`, `pos`) VALUES ('RCONST-60c99d04:1470b276e7f:-7d64', 'RCOND-60c99d04:1470b276e7f:-7dd3', 'RUL-60c99d04:1470b276e7f:-7ecc', 'BASEVALUE', 'decimal', '1');
INSERT IGNORE INTO `sys_rule_condition_var` (`objid`, `parentid`, `ruleid`, `varname`, `datatype`, `pos`) VALUES ('RCONST-762e9176:15d067a9c42:-59dc', 'RCOND-762e9176:15d067a9c42:-5a4b', 'RUL-762e9176:15d067a9c42:-5aa0', 'TOTALAV', 'decimal', '1');
INSERT IGNORE INTO `sys_rule_condition_var` (`objid`, `parentid`, `ruleid`, `varname`, `datatype`, `pos`) VALUES ('RCONST-79a9a347:15cfcae84de:-5a45', 'RCOND-79a9a347:15cfcae84de:-5af4', 'RUL-79a9a347:15cfcae84de:-6f2a', 'AV', 'decimal', '2');
INSERT IGNORE INTO `sys_rule_condition_var` (`objid`, `parentid`, `ruleid`, `varname`, `datatype`, `pos`) VALUES ('RCONST-79a9a347:15cfcae84de:-5ccd', 'RCOND-79a9a347:15cfcae84de:-6ebc', 'RUL-79a9a347:15cfcae84de:-6f2a', 'RPUID', 'string', '0');
INSERT IGNORE INTO `sys_rule_condition_var` (`objid`, `parentid`, `ruleid`, `varname`, `datatype`, `pos`) VALUES ('RCONST-79a9a347:15cfcae84de:1012', 'RCOND-79a9a347:15cfcae84de:fb4', 'RUL-79a9a347:15cfcae84de:f6c', 'MV', 'decimal', '0');
INSERT IGNORE INTO `sys_rule_condition_var` (`objid`, `parentid`, `ruleid`, `varname`, `datatype`, `pos`) VALUES ('RCONST-79a9a347:15cfcae84de:1089', 'RCOND-79a9a347:15cfcae84de:fb4', 'RUL-79a9a347:15cfcae84de:f6c', 'AL', 'decimal', '1');
INSERT IGNORE INTO `sys_rule_condition_var` (`objid`, `parentid`, `ruleid`, `varname`, `datatype`, `pos`) VALUES ('RCONST-a35dd35:14e51ec3311:-5cc7', 'RCOND-a35dd35:14e51ec3311:-5d14', 'RUL-a35dd35:14e51ec3311:-5d4c', 'SWORNAMT', 'decimal', '1');
INSERT IGNORE INTO `sys_rule_condition_var` (`objid`, `parentid`, `ruleid`, `varname`, `datatype`, `pos`) VALUES ('RCONST102ab3e1:147190e9fe4:-26f3', 'RCOND-2486b0ca:146fff66c3e:-3ed1', 'RUL-2486b0ca:146fff66c3e:-4192', 'ADJUSTMENT', 'decimal', '1');
INSERT IGNORE INTO `sys_rule_condition_var` (`objid`, `parentid`, `ruleid`, `varname`, `datatype`, `pos`) VALUES ('RCONST102ab3e1:147190e9fe4:-272e', 'RCOND-2486b0ca:146fff66c3e:-3ed1', 'RUL-2486b0ca:146fff66c3e:-4192', 'BMV', 'decimal', '0');
INSERT IGNORE INTO `sys_rule_condition_var` (`objid`, `parentid`, `ruleid`, `varname`, `datatype`, `pos`) VALUES ('RCONST1441128c:1471efa4c1c:-6d47', 'RCOND1441128c:1471efa4c1c:-6d84', 'RUL1441128c:1471efa4c1c:-6eaa', 'ACTUALUSE', 'string', '0');
INSERT IGNORE INTO `sys_rule_condition_var` (`objid`, `parentid`, `ruleid`, `varname`, `datatype`, `pos`) VALUES ('RCONST1b4af871:14e3cc46e09:-2f4b', 'RCOND1b4af871:14e3cc46e09:-2fc5', 'RUL1b4af871:14e3cc46e09:-301e', 'MV', 'decimal', '0');
INSERT IGNORE INTO `sys_rule_condition_var` (`objid`, `parentid`, `ruleid`, `varname`, `datatype`, `pos`) VALUES ('RCONST1b4af871:14e3cc46e09:-31dc', 'RCOND1b4af871:14e3cc46e09:-31fc', 'RUL1b4af871:14e3cc46e09:-3341', 'BMV', 'decimal', '0');
INSERT IGNORE INTO `sys_rule_condition_var` (`objid`, `parentid`, `ruleid`, `varname`, `datatype`, `pos`) VALUES ('RCONST1ff29cd0:1572617f8d8:-7d08', 'RCOND1ff29cd0:1572617f8d8:-7d30', 'RUL-a35dd35:14e51ec3311:-5d4c', 'DPRATE', 'decimal', '0');
INSERT IGNORE INTO `sys_rule_condition_var` (`objid`, `parentid`, `ruleid`, `varname`, `datatype`, `pos`) VALUES ('RCONST3b800abe:14d2b978f55:-6160', 'RCOND3b800abe:14d2b978f55:-6196', 'RUL3b800abe:14d2b978f55:-61fb', 'MV', 'decimal', '0');
INSERT IGNORE INTO `sys_rule_condition_var` (`objid`, `parentid`, `ruleid`, `varname`, `datatype`, `pos`) VALUES ('RCONST3b800abe:14d2b978f55:-630b', 'RCOND3b800abe:14d2b978f55:-6339', 'RUL3b800abe:14d2b978f55:-63a0', 'MV', 'decimal', '0');
INSERT IGNORE INTO `sys_rule_condition_var` (`objid`, `parentid`, `ruleid`, `varname`, `datatype`, `pos`) VALUES ('RCONST3b800abe:14d2b978f55:-7cdb', 'RCOND3b800abe:14d2b978f55:-7d69', 'RUL3b800abe:14d2b978f55:-7e09', 'ADJAMOUNT', 'decimal', '1');
INSERT IGNORE INTO `sys_rule_condition_var` (`objid`, `parentid`, `ruleid`, `varname`, `datatype`, `pos`) VALUES ('RCONST3fb43b91:14ccf782188:-5f2b', 'RCOND3fb43b91:14ccf782188:-5fd2', 'RUL3fb43b91:14ccf782188:-6008', 'ADJRATE', 'decimal', '1');
INSERT IGNORE INTO `sys_rule_condition_var` (`objid`, `parentid`, `ruleid`, `varname`, `datatype`, `pos`) VALUES ('RCONST3fb43b91:14ccf782188:-5f95', 'RCOND3fb43b91:14ccf782188:-5fd2', 'RUL3fb43b91:14ccf782188:-6008', 'BMV', 'decimal', '0');
INSERT IGNORE INTO `sys_rule_condition_var` (`objid`, `parentid`, `ruleid`, `varname`, `datatype`, `pos`) VALUES ('RCONST40c0977:151a9b0cb60:-7d29', 'RCOND-60c99d04:1470b276e7f:-7dd3', 'RUL-60c99d04:1470b276e7f:-7ecc', 'BUAREA', 'decimal', '2');
INSERT IGNORE INTO `sys_rule_condition_var` (`objid`, `parentid`, `ruleid`, `varname`, `datatype`, `pos`) VALUES ('RCONST40fb8c21:16b4f90f5b4:-793f', 'RCOND40fb8c21:16b4f90f5b4:-7972', 'RUL40fb8c21:16b4f90f5b4:-79bd', 'AV', 'decimal', '1');
INSERT IGNORE INTO `sys_rule_condition_var` (`objid`, `parentid`, `ruleid`, `varname`, `datatype`, `pos`) VALUES ('RCONST49a3c540:14e51feb8f6:-67ae', 'RCOND1b4af871:14e3cc46e09:-2fe8', 'RUL1b4af871:14e3cc46e09:-301e', 'REFID', 'string', '0');
INSERT IGNORE INTO `sys_rule_condition_var` (`objid`, `parentid`, `ruleid`, `varname`, `datatype`, `pos`) VALUES ('RCONST49a3c540:14e51feb8f6:-6bc7', 'RCOND1b4af871:14e3cc46e09:-3242', 'RUL1b4af871:14e3cc46e09:-3341', 'REFID', 'string', '0');
INSERT IGNORE INTO `sys_rule_condition_var` (`objid`, `parentid`, `ruleid`, `varname`, `datatype`, `pos`) VALUES ('RCONST49a3c540:14e51feb8f6:-769e', 'RCOND49a3c540:14e51feb8f6:-76da', 'RUL49a3c540:14e51feb8f6:-77d2', 'TOTALMV', 'decimal', '1');
INSERT IGNORE INTO `sys_rule_condition_var` (`objid`, `parentid`, `ruleid`, `varname`, `datatype`, `pos`) VALUES ('RCONST49a3c540:14e51feb8f6:-7712', 'RCOND49a3c540:14e51feb8f6:-774e', 'RUL49a3c540:14e51feb8f6:-77d2', 'TOTALBMV', 'decimal', '1');
INSERT IGNORE INTO `sys_rule_condition_var` (`objid`, `parentid`, `ruleid`, `varname`, `datatype`, `pos`) VALUES ('RCONST4e46261d:14f924c6b53:-7bc5', 'RCOND4e46261d:14f924c6b53:-7c57', 'RUL4e46261d:14f924c6b53:-7d9b', 'ADJUSTMENT', 'decimal', '1');
INSERT IGNORE INTO `sys_rule_condition_var` (`objid`, `parentid`, `ruleid`, `varname`, `datatype`, `pos`) VALUES ('RCONST4e46261d:14f924c6b53:-7c0e', 'RCOND4e46261d:14f924c6b53:-7c57', 'RUL4e46261d:14f924c6b53:-7d9b', 'SWORNAMT', 'decimal', '0');
INSERT IGNORE INTO `sys_rule_condition_var` (`objid`, `parentid`, `ruleid`, `varname`, `datatype`, `pos`) VALUES ('RCONST4e46261d:14f924c6b53:-7cc1', 'RCOND4e46261d:14f924c6b53:-7d37', 'RUL4e46261d:14f924c6b53:-7d9b', 'DPRATE', 'decimal', '0');
INSERT IGNORE INTO `sys_rule_condition_var` (`objid`, `parentid`, `ruleid`, `varname`, `datatype`, `pos`) VALUES ('RCONST59614e16:14c5e56ecc8:-7c46', 'RCOND59614e16:14c5e56ecc8:-7c8f', 'RUL59614e16:14c5e56ecc8:-7cbf', 'DEP', 'decimal', '1');
INSERT IGNORE INTO `sys_rule_condition_var` (`objid`, `parentid`, `ruleid`, `varname`, `datatype`, `pos`) VALUES ('RCONST59614e16:14c5e56ecc8:-7c6f', 'RCOND59614e16:14c5e56ecc8:-7c8f', 'RUL59614e16:14c5e56ecc8:-7cbf', 'BMV', 'decimal', '0');
INSERT IGNORE INTO `sys_rule_condition_var` (`objid`, `parentid`, `ruleid`, `varname`, `datatype`, `pos`) VALUES ('RCONST59614e16:14c5e56ecc8:-7d8b', 'RCOND59614e16:14c5e56ecc8:-7dcb', 'RUL59614e16:14c5e56ecc8:-7dfb', 'DEPRATE', 'decimal', '1');
INSERT IGNORE INTO `sys_rule_condition_var` (`objid`, `parentid`, `ruleid`, `varname`, `datatype`, `pos`) VALUES ('RCONST59614e16:14c5e56ecc8:-7db3', 'RCOND59614e16:14c5e56ecc8:-7dcb', 'RUL59614e16:14c5e56ecc8:-7dfb', 'BMV', 'decimal', '0');
INSERT IGNORE INTO `sys_rule_condition_var` (`objid`, `parentid`, `ruleid`, `varname`, `datatype`, `pos`) VALUES ('RCONST5b4ac915:147baaa06b4:-6d59', 'RCOND5b4ac915:147baaa06b4:-6da4', 'RUL5b4ac915:147baaa06b4:-6f31', 'CLASS', 'rptis.facts.Classification', '0');
INSERT IGNORE INTO `sys_rule_condition_var` (`objid`, `parentid`, `ruleid`, `varname`, `datatype`, `pos`) VALUES ('RCONST5f10a9aa:1698ea3f7ff:-6b61', 'RCOND5f10a9aa:1698ea3f7ff:-6bb1', 'RUL5f10a9aa:1698ea3f7ff:-6cba', 'AV', 'decimal', '1');
INSERT IGNORE INTO `sys_rule_condition_var` (`objid`, `parentid`, `ruleid`, `varname`, `datatype`, `pos`) VALUES ('RCONST6d174068:14e3de9c20b:-7f46', 'RCOND6d174068:14e3de9c20b:-7f93', 'RUL6d174068:14e3de9c20b:-7fcb', 'AL', 'decimal', '1');
INSERT IGNORE INTO `sys_rule_condition_var` (`objid`, `parentid`, `ruleid`, `varname`, `datatype`, `pos`) VALUES ('RCONST6d174068:14e3de9c20b:-7f73', 'RCOND6d174068:14e3de9c20b:-7f93', 'RUL6d174068:14e3de9c20b:-7fcb', 'MV', 'decimal', '0');

INSERT IGNORE INTO `sys_rule_condition_constraint` (`objid`, `parentid`, `field_objid`, `fieldname`, `varname`, `operator_caption`, `operator_symbol`, `usevar`, `var_objid`, `var_name`, `decimalvalue`, `intvalue`, `stringvalue`, `listvalue`, `datevalue`, `pos`) VALUES ('RCC-15f7fe9f:15cf6ec9fa5:-7fc0', 'RC-15f7fe9f:15cf6ec9fa5:-7fc3', 'rptis.land.facts.LandDetail.taxable', 'taxable', NULL, 'is true', '== true', NULL, NULL, NULL, NULL, NULL, NULL, NULL, NULL, '2');
INSERT IGNORE INTO `sys_rule_condition_constraint` (`objid`, `parentid`, `field_objid`, `fieldname`, `varname`, `operator_caption`, `operator_symbol`, `usevar`, `var_objid`, `var_name`, `decimalvalue`, `intvalue`, `stringvalue`, `listvalue`, `datevalue`, `pos`) VALUES ('RCC-15f7fe9f:15cf6ec9fa5:-7fc1', 'RC-15f7fe9f:15cf6ec9fa5:-7fc3', 'rptis.land.facts.LandDetail.marketvalue', 'marketvalue', 'MV', NULL, NULL, NULL, NULL, NULL, NULL, NULL, NULL, NULL, NULL, '0');
INSERT IGNORE INTO `sys_rule_condition_constraint` (`objid`, `parentid`, `field_objid`, `fieldname`, `varname`, `operator_caption`, `operator_symbol`, `usevar`, `var_objid`, `var_name`, `decimalvalue`, `intvalue`, `stringvalue`, `listvalue`, `datevalue`, `pos`) VALUES ('RCC-15f7fe9f:15cf6ec9fa5:-7fc2', 'RC-15f7fe9f:15cf6ec9fa5:-7fc3', 'rptis.land.facts.LandDetail.assesslevel', 'assesslevel', 'AL', NULL, NULL, NULL, NULL, NULL, NULL, NULL, NULL, NULL, NULL, '1');
INSERT IGNORE INTO `sys_rule_condition_constraint` (`objid`, `parentid`, `field_objid`, `fieldname`, `varname`, `operator_caption`, `operator_symbol`, `usevar`, `var_objid`, `var_name`, `decimalvalue`, `intvalue`, `stringvalue`, `listvalue`, `datevalue`, `pos`) VALUES ('RCC48ce1e31:16b4f267a90:6370', 'RC48ce1e31:16b4f267a90:636f', 'rptis.facts.RPUAssessment.taxable', 'taxable', NULL, 'is true', '== true', NULL, NULL, NULL, NULL, NULL, NULL, NULL, NULL, '3');
INSERT IGNORE INTO `sys_rule_condition_constraint` (`objid`, `parentid`, `field_objid`, `fieldname`, `varname`, `operator_caption`, `operator_symbol`, `usevar`, `var_objid`, `var_name`, `decimalvalue`, `intvalue`, `stringvalue`, `listvalue`, `datevalue`, `pos`) VALUES ('RCC48ce1e31:16b4f267a90:6371', 'RC48ce1e31:16b4f267a90:636f', 'rptis.facts.RPUAssessment.actualuseid', 'actualuseid', NULL, 'not null', '!= null', NULL, NULL, NULL, NULL, NULL, NULL, NULL, NULL, '0');
INSERT IGNORE INTO `sys_rule_condition_constraint` (`objid`, `parentid`, `field_objid`, `fieldname`, `varname`, `operator_caption`, `operator_symbol`, `usevar`, `var_objid`, `var_name`, `decimalvalue`, `intvalue`, `stringvalue`, `listvalue`, `datevalue`, `pos`) VALUES ('RCC48ce1e31:16b4f267a90:6372', 'RC48ce1e31:16b4f267a90:636f', 'rptis.facts.RPUAssessment.marketvalue', 'marketvalue', 'MV', NULL, NULL, NULL, NULL, NULL, NULL, NULL, NULL, NULL, NULL, '1');
INSERT IGNORE INTO `sys_rule_condition_constraint` (`objid`, `parentid`, `field_objid`, `fieldname`, `varname`, `operator_caption`, `operator_symbol`, `usevar`, `var_objid`, `var_name`, `decimalvalue`, `intvalue`, `stringvalue`, `listvalue`, `datevalue`, `pos`) VALUES ('RCC48ce1e31:16b4f267a90:6373', 'RC48ce1e31:16b4f267a90:636f', 'rptis.facts.RPUAssessment.assesslevel', 'assesslevel', 'AL', NULL, NULL, NULL, NULL, NULL, NULL, NULL, NULL, NULL, NULL, '2');
INSERT IGNORE INTO `sys_rule_condition_constraint` (`objid`, `parentid`, `field_objid`, `fieldname`, `varname`, `operator_caption`, `operator_symbol`, `usevar`, `var_objid`, `var_name`, `decimalvalue`, `intvalue`, `stringvalue`, `listvalue`, `datevalue`, `pos`) VALUES ('RCONST-103fed47:146ffb40356:-7c7c', 'RCOND-103fed47:146ffb40356:-7d40', 'rptis.bldg.facts.BldgRPU.yrcompleted', 'yrcompleted', 'YRCOMPLETED', 'greater than', '>', NULL, NULL, NULL, NULL, '0', NULL, NULL, NULL, '1');
INSERT IGNORE INTO `sys_rule_condition_constraint` (`objid`, `parentid`, `field_objid`, `fieldname`, `varname`, `operator_caption`, `operator_symbol`, `usevar`, `var_objid`, `var_name`, `decimalvalue`, `intvalue`, `stringvalue`, `listvalue`, `datevalue`, `pos`) VALUES ('RCONST-103fed47:146ffb40356:-7ce5', 'RCOND-103fed47:146ffb40356:-7d40', 'rptis.bldg.facts.BldgRPU.yrappraised', 'yrappraised', 'YRAPPRAISED', 'greater than', '>', NULL, NULL, NULL, NULL, '0', NULL, NULL, NULL, '0');
INSERT IGNORE INTO `sys_rule_condition_constraint` (`objid`, `parentid`, `field_objid`, `fieldname`, `varname`, `operator_caption`, `operator_symbol`, `usevar`, `var_objid`, `var_name`, `decimalvalue`, `intvalue`, `stringvalue`, `listvalue`, `datevalue`, `pos`) VALUES ('RCONST-2486b0ca:146fff66c3e:-2b45', 'RCOND-2486b0ca:146fff66c3e:-2bf1', 'rptis.bldg.facts.BldgUse.adjustment', 'adjustment', 'ADJ', NULL, NULL, NULL, NULL, NULL, NULL, NULL, NULL, NULL, NULL, '2');
INSERT IGNORE INTO `sys_rule_condition_constraint` (`objid`, `parentid`, `field_objid`, `fieldname`, `varname`, `operator_caption`, `operator_symbol`, `usevar`, `var_objid`, `var_name`, `decimalvalue`, `intvalue`, `stringvalue`, `listvalue`, `datevalue`, `pos`) VALUES ('RCONST-2486b0ca:146fff66c3e:-2b8c', 'RCOND-2486b0ca:146fff66c3e:-2bf1', 'rptis.bldg.facts.BldgUse.depreciationvalue', 'depreciationvalue', 'DEP', NULL, NULL, NULL, NULL, NULL, NULL, NULL, NULL, NULL, NULL, '1');
INSERT IGNORE INTO `sys_rule_condition_constraint` (`objid`, `parentid`, `field_objid`, `fieldname`, `varname`, `operator_caption`, `operator_symbol`, `usevar`, `var_objid`, `var_name`, `decimalvalue`, `intvalue`, `stringvalue`, `listvalue`, `datevalue`, `pos`) VALUES ('RCONST-2486b0ca:146fff66c3e:-2bc5', 'RCOND-2486b0ca:146fff66c3e:-2bf1', 'rptis.bldg.facts.BldgUse.basemarketvalue', 'basemarketvalue', 'BMV', NULL, NULL, NULL, NULL, NULL, NULL, NULL, NULL, NULL, NULL, '0');
INSERT IGNORE INTO `sys_rule_condition_constraint` (`objid`, `parentid`, `field_objid`, `fieldname`, `varname`, `operator_caption`, `operator_symbol`, `usevar`, `var_objid`, `var_name`, `decimalvalue`, `intvalue`, `stringvalue`, `listvalue`, `datevalue`, `pos`) VALUES ('RCONST-2486b0ca:146fff66c3e:-382b', 'RCOND-2486b0ca:146fff66c3e:-3888', 'rptis.bldg.facts.BldgFloor.adjustment', 'adjustment', 'ADJ', NULL, NULL, NULL, NULL, NULL, NULL, NULL, NULL, NULL, NULL, '1');
INSERT IGNORE INTO `sys_rule_condition_constraint` (`objid`, `parentid`, `field_objid`, `fieldname`, `varname`, `operator_caption`, `operator_symbol`, `usevar`, `var_objid`, `var_name`, `decimalvalue`, `intvalue`, `stringvalue`, `listvalue`, `datevalue`, `pos`) VALUES ('RCONST-2486b0ca:146fff66c3e:-3860', 'RCOND-2486b0ca:146fff66c3e:-3888', 'rptis.bldg.facts.BldgFloor.basemarketvalue', 'basemarketvalue', 'BMV', NULL, NULL, NULL, NULL, NULL, NULL, NULL, NULL, NULL, NULL, '0');
INSERT IGNORE INTO `sys_rule_condition_constraint` (`objid`, `parentid`, `field_objid`, `fieldname`, `varname`, `operator_caption`, `operator_symbol`, `usevar`, `var_objid`, `var_name`, `decimalvalue`, `intvalue`, `stringvalue`, `listvalue`, `datevalue`, `pos`) VALUES ('RCONST-2486b0ca:146fff66c3e:-3f19', 'RCOND-2486b0ca:146fff66c3e:-3f91', 'rptis.bldg.facts.BldgRPU.depreciation', 'depreciation', 'DPRATE', NULL, NULL, NULL, NULL, NULL, NULL, NULL, NULL, NULL, NULL, '0');
INSERT IGNORE INTO `sys_rule_condition_constraint` (`objid`, `parentid`, `field_objid`, `fieldname`, `varname`, `operator_caption`, `operator_symbol`, `usevar`, `var_objid`, `var_name`, `decimalvalue`, `intvalue`, `stringvalue`, `listvalue`, `datevalue`, `pos`) VALUES ('RCONST-2486b0ca:146fff66c3e:-6a5a', 'RCOND-2486b0ca:146fff66c3e:-6aad', 'rptis.bldg.facts.BldgFloor.unitvalue', 'unitvalue', 'UV', NULL, NULL, NULL, NULL, NULL, NULL, NULL, NULL, NULL, NULL, '1');
INSERT IGNORE INTO `sys_rule_condition_constraint` (`objid`, `parentid`, `field_objid`, `fieldname`, `varname`, `operator_caption`, `operator_symbol`, `usevar`, `var_objid`, `var_name`, `decimalvalue`, `intvalue`, `stringvalue`, `listvalue`, `datevalue`, `pos`) VALUES ('RCONST-2486b0ca:146fff66c3e:-6a8b', 'RCOND-2486b0ca:146fff66c3e:-6aad', 'rptis.bldg.facts.BldgFloor.area', 'area', 'AREA', NULL, NULL, NULL, NULL, NULL, NULL, NULL, NULL, NULL, NULL, '0');
INSERT IGNORE INTO `sys_rule_condition_constraint` (`objid`, `parentid`, `field_objid`, `fieldname`, `varname`, `operator_caption`, `operator_symbol`, `usevar`, `var_objid`, `var_name`, `decimalvalue`, `intvalue`, `stringvalue`, `listvalue`, `datevalue`, `pos`) VALUES ('RCONST-28dc975:156bcab666c:-5ed8', 'RCOND-28dc975:156bcab666c:-5f3d', 'rptis.facts.RPTVariable.value', 'value', 'AV', NULL, NULL, NULL, NULL, NULL, NULL, NULL, NULL, NULL, NULL, '1');
INSERT IGNORE INTO `sys_rule_condition_constraint` (`objid`, `parentid`, `field_objid`, `fieldname`, `varname`, `operator_caption`, `operator_symbol`, `usevar`, `var_objid`, `var_name`, `decimalvalue`, `intvalue`, `stringvalue`, `listvalue`, `datevalue`, `pos`) VALUES ('RCONST-28dc975:156bcab666c:-5f1b', 'RCOND-28dc975:156bcab666c:-5f3d', 'rptis.facts.RPTVariable.varid', 'varid', NULL, 'is any of the ff.', 'matches', NULL, NULL, NULL, NULL, NULL, NULL, '[[key:\"TOTAL_AV\",value:\"TOTAL_AV\"]]', NULL, '0');
INSERT IGNORE INTO `sys_rule_condition_constraint` (`objid`, `parentid`, `field_objid`, `fieldname`, `varname`, `operator_caption`, `operator_symbol`, `usevar`, `var_objid`, `var_name`, `decimalvalue`, `intvalue`, `stringvalue`, `listvalue`, `datevalue`, `pos`) VALUES ('RCONST-2ef3c345:147ed584975:-7e3d', 'RCOND-60c99d04:1470b276e7f:-7e2a', 'rptis.bldg.facts.BldgStructure.totalfloorarea', 'totalfloorarea', 'TOTALAREA', NULL, NULL, NULL, NULL, NULL, NULL, NULL, NULL, NULL, NULL, '1');
INSERT IGNORE INTO `sys_rule_condition_constraint` (`objid`, `parentid`, `field_objid`, `fieldname`, `varname`, `operator_caption`, `operator_symbol`, `usevar`, `var_objid`, `var_name`, `decimalvalue`, `intvalue`, `stringvalue`, `listvalue`, `datevalue`, `pos`) VALUES ('RCONST-46fca07e:14c545f3e6a:-332b', 'RCOND-46fca07e:14c545f3e6a:-3353', 'rptis.bldg.facts.BldgFloor.basemarketvalue', 'basemarketvalue', 'BMV', NULL, NULL, NULL, NULL, NULL, NULL, NULL, NULL, NULL, NULL, '0');
INSERT IGNORE INTO `sys_rule_condition_constraint` (`objid`, `parentid`, `field_objid`, `fieldname`, `varname`, `operator_caption`, `operator_symbol`, `usevar`, `var_objid`, `var_name`, `decimalvalue`, `intvalue`, `stringvalue`, `listvalue`, `datevalue`, `pos`) VALUES ('RCONST-46fca07e:14c545f3e6a:-3481', 'RCOND-46fca07e:14c545f3e6a:-34b0', 'rptis.bldg.facts.BldgUse.basemarketvalue', 'basemarketvalue', 'BMV', NULL, NULL, NULL, NULL, NULL, NULL, NULL, NULL, NULL, NULL, '0');
INSERT IGNORE INTO `sys_rule_condition_constraint` (`objid`, `parentid`, `field_objid`, `fieldname`, `varname`, `operator_caption`, `operator_symbol`, `usevar`, `var_objid`, `var_name`, `decimalvalue`, `intvalue`, `stringvalue`, `listvalue`, `datevalue`, `pos`) VALUES ('RCONST-46fca07e:14c545f3e6a:-7678', 'RCOND-46fca07e:14c545f3e6a:-7707', 'rptis.land.facts.LandDetail.adjustment', 'adjustment', 'ADJ', NULL, NULL, NULL, NULL, NULL, NULL, NULL, NULL, NULL, NULL, '1');
INSERT IGNORE INTO `sys_rule_condition_constraint` (`objid`, `parentid`, `field_objid`, `fieldname`, `varname`, `operator_caption`, `operator_symbol`, `usevar`, `var_objid`, `var_name`, `decimalvalue`, `intvalue`, `stringvalue`, `listvalue`, `datevalue`, `pos`) VALUES ('RCONST-46fca07e:14c545f3e6a:-76c6', 'RCOND-46fca07e:14c545f3e6a:-7707', 'rptis.land.facts.LandDetail.basemarketvalue', 'basemarketvalue', 'BMV', NULL, NULL, NULL, NULL, NULL, NULL, NULL, NULL, NULL, NULL, '0');
INSERT IGNORE INTO `sys_rule_condition_constraint` (`objid`, `parentid`, `field_objid`, `fieldname`, `varname`, `operator_caption`, `operator_symbol`, `usevar`, `var_objid`, `var_name`, `decimalvalue`, `intvalue`, `stringvalue`, `listvalue`, `datevalue`, `pos`) VALUES ('RCONST-46fca07e:14c545f3e6a:-77f2', 'RCOND-46fca07e:14c545f3e6a:-786f', 'rptis.land.facts.LandDetail.unitvalue', 'unitvalue', 'UV', NULL, NULL, NULL, NULL, NULL, NULL, NULL, NULL, NULL, NULL, '1');
INSERT IGNORE INTO `sys_rule_condition_constraint` (`objid`, `parentid`, `field_objid`, `fieldname`, `varname`, `operator_caption`, `operator_symbol`, `usevar`, `var_objid`, `var_name`, `decimalvalue`, `intvalue`, `stringvalue`, `listvalue`, `datevalue`, `pos`) VALUES ('RCONST-46fca07e:14c545f3e6a:-783a', 'RCOND-46fca07e:14c545f3e6a:-786f', 'rptis.land.facts.LandDetail.area', 'area', 'AREA', NULL, NULL, NULL, NULL, NULL, NULL, NULL, NULL, NULL, NULL, '0');
INSERT IGNORE INTO `sys_rule_condition_constraint` (`objid`, `parentid`, `field_objid`, `fieldname`, `varname`, `operator_caption`, `operator_symbol`, `usevar`, `var_objid`, `var_name`, `decimalvalue`, `intvalue`, `stringvalue`, `listvalue`, `datevalue`, `pos`) VALUES ('RCONST-4dd00f9d:1698f34b282:-7da8', 'RCOND-4dd00f9d:1698f34b282:-7ddb', 'rptis.facts.RPUAssessment.assessedvalue', 'assessedvalue', 'AV', NULL, NULL, NULL, NULL, NULL, NULL, NULL, NULL, NULL, NULL, '1');
INSERT IGNORE INTO `sys_rule_condition_constraint` (`objid`, `parentid`, `field_objid`, `fieldname`, `varname`, `operator_caption`, `operator_symbol`, `usevar`, `var_objid`, `var_name`, `decimalvalue`, `intvalue`, `stringvalue`, `listvalue`, `datevalue`, `pos`) VALUES ('RCONST-4dd00f9d:1698f34b282:-7dda', 'RCOND-4dd00f9d:1698f34b282:-7ddb', 'rptis.facts.RPUAssessment.actualuseid', 'actualuseid', NULL, 'not null', '!= null', NULL, NULL, NULL, NULL, NULL, NULL, NULL, NULL, '0');
INSERT IGNORE INTO `sys_rule_condition_constraint` (`objid`, `parentid`, `field_objid`, `fieldname`, `varname`, `operator_caption`, `operator_symbol`, `usevar`, `var_objid`, `var_name`, `decimalvalue`, `intvalue`, `stringvalue`, `listvalue`, `datevalue`, `pos`) VALUES ('RCONST-5e76cf73:14d69e9c549:-6f25', 'RCOND-5e76cf73:14d69e9c549:-701c', 'rptis.land.facts.LandDetail.actualuseadjustment', 'actualuseadjustment', 'AUADJ', NULL, NULL, NULL, NULL, NULL, NULL, NULL, NULL, NULL, NULL, '2');
INSERT IGNORE INTO `sys_rule_condition_constraint` (`objid`, `parentid`, `field_objid`, `fieldname`, `varname`, `operator_caption`, `operator_symbol`, `usevar`, `var_objid`, `var_name`, `decimalvalue`, `intvalue`, `stringvalue`, `listvalue`, `datevalue`, `pos`) VALUES ('RCONST-5e76cf73:14d69e9c549:-6f83', 'RCOND-5e76cf73:14d69e9c549:-701c', 'rptis.land.facts.LandDetail.landvalueadjustment', 'landvalueadjustment', 'LVADJ', NULL, NULL, NULL, NULL, NULL, NULL, NULL, NULL, NULL, NULL, '1');
INSERT IGNORE INTO `sys_rule_condition_constraint` (`objid`, `parentid`, `field_objid`, `fieldname`, `varname`, `operator_caption`, `operator_symbol`, `usevar`, `var_objid`, `var_name`, `decimalvalue`, `intvalue`, `stringvalue`, `listvalue`, `datevalue`, `pos`) VALUES ('RCONST-5e76cf73:14d69e9c549:-6fd3', 'RCOND-5e76cf73:14d69e9c549:-701c', 'rptis.land.facts.LandDetail.adjustment', 'adjustment', 'ADJ', NULL, NULL, NULL, NULL, NULL, NULL, NULL, NULL, NULL, NULL, '0');
INSERT IGNORE INTO `sys_rule_condition_constraint` (`objid`, `parentid`, `field_objid`, `fieldname`, `varname`, `operator_caption`, `operator_symbol`, `usevar`, `var_objid`, `var_name`, `decimalvalue`, `intvalue`, `stringvalue`, `listvalue`, `datevalue`, `pos`) VALUES ('RCONST-5e76cf73:14d69e9c549:-7e44', 'RCOND-5e76cf73:14d69e9c549:-7e5d', 'rptis.land.facts.LandAdjustment.adjustment', 'adjustment', 'ADJAMOUNT', NULL, NULL, NULL, NULL, NULL, NULL, NULL, NULL, NULL, NULL, '0');
INSERT IGNORE INTO `sys_rule_condition_constraint` (`objid`, `parentid`, `field_objid`, `fieldname`, `varname`, `operator_caption`, `operator_symbol`, `usevar`, `var_objid`, `var_name`, `decimalvalue`, `intvalue`, `stringvalue`, `listvalue`, `datevalue`, `pos`) VALUES ('RCONST-60c99d04:1470b276e7f:-7d64', 'RCOND-60c99d04:1470b276e7f:-7dd3', 'rptis.bldg.facts.BldgUse.basevalue', 'basevalue', 'BASEVALUE', NULL, NULL, NULL, NULL, NULL, NULL, NULL, NULL, NULL, NULL, '1');
INSERT IGNORE INTO `sys_rule_condition_constraint` (`objid`, `parentid`, `field_objid`, `fieldname`, `varname`, `operator_caption`, `operator_symbol`, `usevar`, `var_objid`, `var_name`, `decimalvalue`, `intvalue`, `stringvalue`, `listvalue`, `datevalue`, `pos`) VALUES ('RCONST-60c99d04:1470b276e7f:-7dae', 'RCOND-60c99d04:1470b276e7f:-7dd3', 'rptis.bldg.facts.BldgUse.bldgstructure', 'bldgstructure', NULL, 'equals', '==', NULL, 'RCOND-60c99d04:1470b276e7f:-7e2a', 'BS', NULL, NULL, NULL, NULL, NULL, '0');
INSERT IGNORE INTO `sys_rule_condition_constraint` (`objid`, `parentid`, `field_objid`, `fieldname`, `varname`, `operator_caption`, `operator_symbol`, `usevar`, `var_objid`, `var_name`, `decimalvalue`, `intvalue`, `stringvalue`, `listvalue`, `datevalue`, `pos`) VALUES ('RCONST-762e9176:15d067a9c42:-59dc', 'RCOND-762e9176:15d067a9c42:-5a4b', 'rptis.facts.RPTVariable.value', 'value', 'TOTALAV', NULL, NULL, NULL, NULL, NULL, NULL, NULL, NULL, NULL, NULL, '1');
INSERT IGNORE INTO `sys_rule_condition_constraint` (`objid`, `parentid`, `field_objid`, `fieldname`, `varname`, `operator_caption`, `operator_symbol`, `usevar`, `var_objid`, `var_name`, `decimalvalue`, `intvalue`, `stringvalue`, `listvalue`, `datevalue`, `pos`) VALUES ('RCONST-762e9176:15d067a9c42:-5a2a', 'RCOND-762e9176:15d067a9c42:-5a4b', 'rptis.facts.RPTVariable.varid', 'varid', NULL, 'is any of the ff.', 'matches', NULL, NULL, NULL, NULL, NULL, NULL, '[[key:\"P-79a9a347:15cfcae84de:-5edb\",value:\"TOTAL_AV\"]]', NULL, '0');
INSERT IGNORE INTO `sys_rule_condition_constraint` (`objid`, `parentid`, `field_objid`, `fieldname`, `varname`, `operator_caption`, `operator_symbol`, `usevar`, `var_objid`, `var_name`, `decimalvalue`, `intvalue`, `stringvalue`, `listvalue`, `datevalue`, `pos`) VALUES ('RCONST-79a9a347:15cfcae84de:-5a45', 'RCOND-79a9a347:15cfcae84de:-5af4', 'rptis.facts.RPTVariable.value', 'value', 'AV', NULL, NULL, NULL, NULL, NULL, NULL, NULL, NULL, NULL, NULL, '2');
INSERT IGNORE INTO `sys_rule_condition_constraint` (`objid`, `parentid`, `field_objid`, `fieldname`, `varname`, `operator_caption`, `operator_symbol`, `usevar`, `var_objid`, `var_name`, `decimalvalue`, `intvalue`, `stringvalue`, `listvalue`, `datevalue`, `pos`) VALUES ('RCONST-79a9a347:15cfcae84de:-5aaa', 'RCOND-79a9a347:15cfcae84de:-5af4', 'rptis.facts.RPTVariable.varid', 'varid', NULL, 'is any of the ff.', 'matches', NULL, NULL, NULL, NULL, NULL, NULL, '[[key:\"TOTAL_AV\",value:\"TOTAL_AV\"]]', NULL, '1');
INSERT IGNORE INTO `sys_rule_condition_constraint` (`objid`, `parentid`, `field_objid`, `fieldname`, `varname`, `operator_caption`, `operator_symbol`, `usevar`, `var_objid`, `var_name`, `decimalvalue`, `intvalue`, `stringvalue`, `listvalue`, `datevalue`, `pos`) VALUES ('RCONST-79a9a347:15cfcae84de:-5ccd', 'RCOND-79a9a347:15cfcae84de:-6ebc', 'rptis.facts.RPU.objid', 'objid', 'RPUID', NULL, NULL, NULL, NULL, NULL, NULL, NULL, NULL, NULL, NULL, '0');
INSERT IGNORE INTO `sys_rule_condition_constraint` (`objid`, `parentid`, `field_objid`, `fieldname`, `varname`, `operator_caption`, `operator_symbol`, `usevar`, `var_objid`, `var_name`, `decimalvalue`, `intvalue`, `stringvalue`, `listvalue`, `datevalue`, `pos`) VALUES ('RCONST-79a9a347:15cfcae84de:1012', 'RCOND-79a9a347:15cfcae84de:fb4', 'rptis.planttree.facts.PlantTreeDetail.marketvalue', 'marketvalue', 'MV', NULL, NULL, NULL, NULL, NULL, NULL, NULL, NULL, NULL, NULL, '0');
INSERT IGNORE INTO `sys_rule_condition_constraint` (`objid`, `parentid`, `field_objid`, `fieldname`, `varname`, `operator_caption`, `operator_symbol`, `usevar`, `var_objid`, `var_name`, `decimalvalue`, `intvalue`, `stringvalue`, `listvalue`, `datevalue`, `pos`) VALUES ('RCONST-79a9a347:15cfcae84de:1089', 'RCOND-79a9a347:15cfcae84de:fb4', 'rptis.planttree.facts.PlantTreeDetail.assesslevel', 'assesslevel', 'AL', NULL, NULL, NULL, NULL, NULL, NULL, NULL, NULL, NULL, NULL, '1');
INSERT IGNORE INTO `sys_rule_condition_constraint` (`objid`, `parentid`, `field_objid`, `fieldname`, `varname`, `operator_caption`, `operator_symbol`, `usevar`, `var_objid`, `var_name`, `decimalvalue`, `intvalue`, `stringvalue`, `listvalue`, `datevalue`, `pos`) VALUES ('RCONST-7e3f9da1:16c2877d16d:-7d55', 'RCOND-4dd00f9d:1698f34b282:-7ddb', 'rptis.facts.RPUAssessment.taxable', 'taxable', NULL, 'is true', '== true', NULL, NULL, NULL, NULL, NULL, NULL, NULL, NULL, '2');
INSERT IGNORE INTO `sys_rule_condition_constraint` (`objid`, `parentid`, `field_objid`, `fieldname`, `varname`, `operator_caption`, `operator_symbol`, `usevar`, `var_objid`, `var_name`, `decimalvalue`, `intvalue`, `stringvalue`, `listvalue`, `datevalue`, `pos`) VALUES ('RCONST-a35dd35:14e51ec3311:-5cc7', 'RCOND-a35dd35:14e51ec3311:-5d14', 'rptis.misc.facts.MiscRPU.swornamount', 'swornamount', 'SWORNAMT', NULL, NULL, NULL, NULL, NULL, NULL, NULL, NULL, NULL, NULL, '1');
INSERT IGNORE INTO `sys_rule_condition_constraint` (`objid`, `parentid`, `field_objid`, `fieldname`, `varname`, `operator_caption`, `operator_symbol`, `usevar`, `var_objid`, `var_name`, `decimalvalue`, `intvalue`, `stringvalue`, `listvalue`, `datevalue`, `pos`) VALUES ('RCONST-a35dd35:14e51ec3311:-5cf0', 'RCOND-a35dd35:14e51ec3311:-5d14', 'rptis.misc.facts.MiscRPU.useswornamount', 'useswornamount', NULL, 'is true', '== true', NULL, NULL, NULL, NULL, NULL, NULL, NULL, NULL, '0');
INSERT IGNORE INTO `sys_rule_condition_constraint` (`objid`, `parentid`, `field_objid`, `fieldname`, `varname`, `operator_caption`, `operator_symbol`, `usevar`, `var_objid`, `var_name`, `decimalvalue`, `intvalue`, `stringvalue`, `listvalue`, `datevalue`, `pos`) VALUES ('RCONST102ab3e1:147190e9fe4:-26f3', 'RCOND-2486b0ca:146fff66c3e:-3ed1', 'rptis.bldg.facts.BldgUse.adjustment', 'adjustment', 'ADJUSTMENT', NULL, NULL, NULL, NULL, NULL, NULL, NULL, NULL, NULL, NULL, '1');
INSERT IGNORE INTO `sys_rule_condition_constraint` (`objid`, `parentid`, `field_objid`, `fieldname`, `varname`, `operator_caption`, `operator_symbol`, `usevar`, `var_objid`, `var_name`, `decimalvalue`, `intvalue`, `stringvalue`, `listvalue`, `datevalue`, `pos`) VALUES ('RCONST102ab3e1:147190e9fe4:-272e', 'RCOND-2486b0ca:146fff66c3e:-3ed1', 'rptis.bldg.facts.BldgUse.basemarketvalue', 'basemarketvalue', 'BMV', NULL, NULL, NULL, NULL, NULL, NULL, NULL, NULL, NULL, NULL, '0');
INSERT IGNORE INTO `sys_rule_condition_constraint` (`objid`, `parentid`, `field_objid`, `fieldname`, `varname`, `operator_caption`, `operator_symbol`, `usevar`, `var_objid`, `var_name`, `decimalvalue`, `intvalue`, `stringvalue`, `listvalue`, `datevalue`, `pos`) VALUES ('RCONST1441128c:1471efa4c1c:-6c2e', 'RCOND1441128c:1471efa4c1c:-6c2f', 'rptis.facts.RPUAssessment.actualuseid', 'actualuseid', NULL, 'not null', '!= null', NULL, NULL, NULL, NULL, NULL, NULL, NULL, NULL, '0');
INSERT IGNORE INTO `sys_rule_condition_constraint` (`objid`, `parentid`, `field_objid`, `fieldname`, `varname`, `operator_caption`, `operator_symbol`, `usevar`, `var_objid`, `var_name`, `decimalvalue`, `intvalue`, `stringvalue`, `listvalue`, `datevalue`, `pos`) VALUES ('RCONST1441128c:1471efa4c1c:-6d47', 'RCOND1441128c:1471efa4c1c:-6d84', 'rptis.bldg.facts.BldgUse.actualuseid', 'actualuseid', 'ACTUALUSE', 'not null', '!= null', NULL, NULL, NULL, NULL, NULL, NULL, NULL, NULL, '0');
INSERT IGNORE INTO `sys_rule_condition_constraint` (`objid`, `parentid`, `field_objid`, `fieldname`, `varname`, `operator_caption`, `operator_symbol`, `usevar`, `var_objid`, `var_name`, `decimalvalue`, `intvalue`, `stringvalue`, `listvalue`, `datevalue`, `pos`) VALUES ('RCONST1b4af871:14e3cc46e09:-2f4b', 'RCOND1b4af871:14e3cc46e09:-2fc5', 'rptis.misc.facts.MiscItem.marketvalue', 'marketvalue', 'MV', NULL, NULL, NULL, NULL, NULL, NULL, NULL, NULL, NULL, NULL, '0');
INSERT IGNORE INTO `sys_rule_condition_constraint` (`objid`, `parentid`, `field_objid`, `fieldname`, `varname`, `operator_caption`, `operator_symbol`, `usevar`, `var_objid`, `var_name`, `decimalvalue`, `intvalue`, `stringvalue`, `listvalue`, `datevalue`, `pos`) VALUES ('RCONST1b4af871:14e3cc46e09:-31dc', 'RCOND1b4af871:14e3cc46e09:-31fc', 'rptis.misc.facts.MiscItem.basemarketvalue', 'basemarketvalue', 'BMV', NULL, NULL, NULL, NULL, NULL, NULL, NULL, NULL, NULL, NULL, '0');
INSERT IGNORE INTO `sys_rule_condition_constraint` (`objid`, `parentid`, `field_objid`, `fieldname`, `varname`, `operator_caption`, `operator_symbol`, `usevar`, `var_objid`, `var_name`, `decimalvalue`, `intvalue`, `stringvalue`, `listvalue`, `datevalue`, `pos`) VALUES ('RCONST1ff29cd0:1572617f8d8:-7d08', 'RCOND1ff29cd0:1572617f8d8:-7d30', 'rptis.misc.facts.MiscItem.depreciation', 'depreciation', 'DPRATE', NULL, NULL, NULL, NULL, NULL, NULL, NULL, NULL, NULL, NULL, '0');
INSERT IGNORE INTO `sys_rule_condition_constraint` (`objid`, `parentid`, `field_objid`, `fieldname`, `varname`, `operator_caption`, `operator_symbol`, `usevar`, `var_objid`, `var_name`, `decimalvalue`, `intvalue`, `stringvalue`, `listvalue`, `datevalue`, `pos`) VALUES ('RCONST3b800abe:14d2b978f55:-6160', 'RCOND3b800abe:14d2b978f55:-6196', 'rptis.bldg.facts.BldgUse.marketvalue', 'marketvalue', 'MV', NULL, NULL, NULL, NULL, NULL, NULL, NULL, NULL, NULL, NULL, '0');
INSERT IGNORE INTO `sys_rule_condition_constraint` (`objid`, `parentid`, `field_objid`, `fieldname`, `varname`, `operator_caption`, `operator_symbol`, `usevar`, `var_objid`, `var_name`, `decimalvalue`, `intvalue`, `stringvalue`, `listvalue`, `datevalue`, `pos`) VALUES ('RCONST3b800abe:14d2b978f55:-630b', 'RCOND3b800abe:14d2b978f55:-6339', 'rptis.bldg.facts.BldgFloor.marketvalue', 'marketvalue', 'MV', NULL, NULL, NULL, NULL, NULL, NULL, NULL, NULL, NULL, NULL, '0');
INSERT IGNORE INTO `sys_rule_condition_constraint` (`objid`, `parentid`, `field_objid`, `fieldname`, `varname`, `operator_caption`, `operator_symbol`, `usevar`, `var_objid`, `var_name`, `decimalvalue`, `intvalue`, `stringvalue`, `listvalue`, `datevalue`, `pos`) VALUES ('RCONST3b800abe:14d2b978f55:-7cdb', 'RCOND3b800abe:14d2b978f55:-7d69', 'rptis.bldg.facts.BldgAdjustment.amount', 'amount', 'ADJAMOUNT', NULL, NULL, NULL, NULL, NULL, NULL, NULL, NULL, NULL, NULL, '1');
INSERT IGNORE INTO `sys_rule_condition_constraint` (`objid`, `parentid`, `field_objid`, `fieldname`, `varname`, `operator_caption`, `operator_symbol`, `usevar`, `var_objid`, `var_name`, `decimalvalue`, `intvalue`, `stringvalue`, `listvalue`, `datevalue`, `pos`) VALUES ('RCONST3b800abe:14d2b978f55:-7d68', 'RCOND3b800abe:14d2b978f55:-7d69', 'rptis.bldg.facts.BldgAdjustment.bldgfloor', 'bldgfloor', NULL, 'not null', '!= null', NULL, NULL, NULL, NULL, NULL, NULL, NULL, NULL, '0');
INSERT IGNORE INTO `sys_rule_condition_constraint` (`objid`, `parentid`, `field_objid`, `fieldname`, `varname`, `operator_caption`, `operator_symbol`, `usevar`, `var_objid`, `var_name`, `decimalvalue`, `intvalue`, `stringvalue`, `listvalue`, `datevalue`, `pos`) VALUES ('RCONST3fb43b91:14ccf782188:-5f2b', 'RCOND3fb43b91:14ccf782188:-5fd2', 'rptis.planttree.facts.PlantTreeDetail.adjustmentrate', 'adjustmentrate', 'ADJRATE', 'greater than', '>', NULL, NULL, NULL, '0.00', NULL, NULL, NULL, NULL, '1');
INSERT IGNORE INTO `sys_rule_condition_constraint` (`objid`, `parentid`, `field_objid`, `fieldname`, `varname`, `operator_caption`, `operator_symbol`, `usevar`, `var_objid`, `var_name`, `decimalvalue`, `intvalue`, `stringvalue`, `listvalue`, `datevalue`, `pos`) VALUES ('RCONST3fb43b91:14ccf782188:-5f95', 'RCOND3fb43b91:14ccf782188:-5fd2', 'rptis.planttree.facts.PlantTreeDetail.basemarketvalue', 'basemarketvalue', 'BMV', NULL, NULL, NULL, NULL, NULL, NULL, NULL, NULL, NULL, NULL, '0');
INSERT IGNORE INTO `sys_rule_condition_constraint` (`objid`, `parentid`, `field_objid`, `fieldname`, `varname`, `operator_caption`, `operator_symbol`, `usevar`, `var_objid`, `var_name`, `decimalvalue`, `intvalue`, `stringvalue`, `listvalue`, `datevalue`, `pos`) VALUES ('RCONST40c0977:151a9b0cb60:-7d29', 'RCOND-60c99d04:1470b276e7f:-7dd3', 'rptis.bldg.facts.BldgUse.area', 'area', 'BUAREA', NULL, NULL, NULL, NULL, NULL, NULL, NULL, NULL, NULL, NULL, '2');
INSERT IGNORE INTO `sys_rule_condition_constraint` (`objid`, `parentid`, `field_objid`, `fieldname`, `varname`, `operator_caption`, `operator_symbol`, `usevar`, `var_objid`, `var_name`, `decimalvalue`, `intvalue`, `stringvalue`, `listvalue`, `datevalue`, `pos`) VALUES ('RCONST40fb8c21:16b4f90f5b4:-793f', 'RCOND40fb8c21:16b4f90f5b4:-7972', 'rptis.facts.RPUAssessment.assessedvalue', 'assessedvalue', 'AV', NULL, NULL, NULL, NULL, NULL, NULL, NULL, NULL, NULL, NULL, '1');
INSERT IGNORE INTO `sys_rule_condition_constraint` (`objid`, `parentid`, `field_objid`, `fieldname`, `varname`, `operator_caption`, `operator_symbol`, `usevar`, `var_objid`, `var_name`, `decimalvalue`, `intvalue`, `stringvalue`, `listvalue`, `datevalue`, `pos`) VALUES ('RCONST40fb8c21:16b4f90f5b4:-7971', 'RCOND40fb8c21:16b4f90f5b4:-7972', 'rptis.facts.RPUAssessment.actualuseid', 'actualuseid', NULL, 'not null', '!= null', NULL, NULL, NULL, NULL, NULL, NULL, NULL, NULL, '0');
INSERT IGNORE INTO `sys_rule_condition_constraint` (`objid`, `parentid`, `field_objid`, `fieldname`, `varname`, `operator_caption`, `operator_symbol`, `usevar`, `var_objid`, `var_name`, `decimalvalue`, `intvalue`, `stringvalue`, `listvalue`, `datevalue`, `pos`) VALUES ('RCONST49a3c540:14e51feb8f6:-67ae', 'RCOND1b4af871:14e3cc46e09:-2fe8', 'rptis.misc.facts.MiscRPU.objid', 'objid', 'REFID', NULL, NULL, NULL, NULL, NULL, NULL, NULL, NULL, NULL, NULL, '0');
INSERT IGNORE INTO `sys_rule_condition_constraint` (`objid`, `parentid`, `field_objid`, `fieldname`, `varname`, `operator_caption`, `operator_symbol`, `usevar`, `var_objid`, `var_name`, `decimalvalue`, `intvalue`, `stringvalue`, `listvalue`, `datevalue`, `pos`) VALUES ('RCONST49a3c540:14e51feb8f6:-6bc7', 'RCOND1b4af871:14e3cc46e09:-3242', 'rptis.misc.facts.MiscRPU.objid', 'objid', 'REFID', NULL, NULL, NULL, NULL, NULL, NULL, NULL, NULL, NULL, NULL, '0');
INSERT IGNORE INTO `sys_rule_condition_constraint` (`objid`, `parentid`, `field_objid`, `fieldname`, `varname`, `operator_caption`, `operator_symbol`, `usevar`, `var_objid`, `var_name`, `decimalvalue`, `intvalue`, `stringvalue`, `listvalue`, `datevalue`, `pos`) VALUES ('RCONST49a3c540:14e51feb8f6:-769e', 'RCOND49a3c540:14e51feb8f6:-76da', 'rptis.facts.RPTVariable.value', 'value', 'TOTALMV', NULL, NULL, NULL, NULL, NULL, NULL, NULL, NULL, NULL, NULL, '1');
INSERT IGNORE INTO `sys_rule_condition_constraint` (`objid`, `parentid`, `field_objid`, `fieldname`, `varname`, `operator_caption`, `operator_symbol`, `usevar`, `var_objid`, `var_name`, `decimalvalue`, `intvalue`, `stringvalue`, `listvalue`, `datevalue`, `pos`) VALUES ('RCONST49a3c540:14e51feb8f6:-76c7', 'RCOND49a3c540:14e51feb8f6:-76da', 'rptis.facts.RPTVariable.varid', 'varid', NULL, 'is any of the ff.', 'matches', NULL, NULL, NULL, NULL, NULL, NULL, '[[key:\"TOTAL_MV\",value:\"TOTAL_MV\"]]', NULL, '0');
INSERT IGNORE INTO `sys_rule_condition_constraint` (`objid`, `parentid`, `field_objid`, `fieldname`, `varname`, `operator_caption`, `operator_symbol`, `usevar`, `var_objid`, `var_name`, `decimalvalue`, `intvalue`, `stringvalue`, `listvalue`, `datevalue`, `pos`) VALUES ('RCONST49a3c540:14e51feb8f6:-7712', 'RCOND49a3c540:14e51feb8f6:-774e', 'rptis.facts.RPTVariable.value', 'value', 'TOTALBMV', NULL, NULL, NULL, NULL, NULL, NULL, NULL, NULL, NULL, NULL, '1');
INSERT IGNORE INTO `sys_rule_condition_constraint` (`objid`, `parentid`, `field_objid`, `fieldname`, `varname`, `operator_caption`, `operator_symbol`, `usevar`, `var_objid`, `var_name`, `decimalvalue`, `intvalue`, `stringvalue`, `listvalue`, `datevalue`, `pos`) VALUES ('RCONST49a3c540:14e51feb8f6:-773b', 'RCOND49a3c540:14e51feb8f6:-774e', 'rptis.facts.RPTVariable.varid', 'varid', NULL, 'is any of the ff.', 'matches', NULL, NULL, NULL, NULL, NULL, NULL, '[[key:\"TOTAL_BMV\",value:\"TOTAL_BMV\"]]', NULL, '0');
INSERT IGNORE INTO `sys_rule_condition_constraint` (`objid`, `parentid`, `field_objid`, `fieldname`, `varname`, `operator_caption`, `operator_symbol`, `usevar`, `var_objid`, `var_name`, `decimalvalue`, `intvalue`, `stringvalue`, `listvalue`, `datevalue`, `pos`) VALUES ('RCONST49a3c540:14e51feb8f6:-7776', 'RCOND49a3c540:14e51feb8f6:-779a', 'rptis.misc.facts.MiscRPU.useswornamount', 'useswornamount', NULL, 'not true', '== false', NULL, NULL, NULL, NULL, NULL, NULL, NULL, NULL, '0');
INSERT IGNORE INTO `sys_rule_condition_constraint` (`objid`, `parentid`, `field_objid`, `fieldname`, `varname`, `operator_caption`, `operator_symbol`, `usevar`, `var_objid`, `var_name`, `decimalvalue`, `intvalue`, `stringvalue`, `listvalue`, `datevalue`, `pos`) VALUES ('RCONST4e46261d:14f924c6b53:-7919', 'RCOND-2486b0ca:146fff66c3e:-3ed1', 'rptis.bldg.facts.BldgUse.useswornamount', 'useswornamount', NULL, 'not true', '== false', NULL, NULL, NULL, NULL, NULL, NULL, NULL, NULL, '2');
INSERT IGNORE INTO `sys_rule_condition_constraint` (`objid`, `parentid`, `field_objid`, `fieldname`, `varname`, `operator_caption`, `operator_symbol`, `usevar`, `var_objid`, `var_name`, `decimalvalue`, `intvalue`, `stringvalue`, `listvalue`, `datevalue`, `pos`) VALUES ('RCONST4e46261d:14f924c6b53:-7a21', 'RCOND4e46261d:14f924c6b53:-7c57', 'rptis.bldg.facts.BldgUse.useswornamount', 'useswornamount', NULL, 'is true', '== true', NULL, NULL, NULL, NULL, NULL, NULL, NULL, NULL, '2');
INSERT IGNORE INTO `sys_rule_condition_constraint` (`objid`, `parentid`, `field_objid`, `fieldname`, `varname`, `operator_caption`, `operator_symbol`, `usevar`, `var_objid`, `var_name`, `decimalvalue`, `intvalue`, `stringvalue`, `listvalue`, `datevalue`, `pos`) VALUES ('RCONST4e46261d:14f924c6b53:-7bc5', 'RCOND4e46261d:14f924c6b53:-7c57', 'rptis.bldg.facts.BldgUse.adjustment', 'adjustment', 'ADJUSTMENT', NULL, NULL, NULL, NULL, NULL, NULL, NULL, NULL, NULL, NULL, '1');
INSERT IGNORE INTO `sys_rule_condition_constraint` (`objid`, `parentid`, `field_objid`, `fieldname`, `varname`, `operator_caption`, `operator_symbol`, `usevar`, `var_objid`, `var_name`, `decimalvalue`, `intvalue`, `stringvalue`, `listvalue`, `datevalue`, `pos`) VALUES ('RCONST4e46261d:14f924c6b53:-7c0e', 'RCOND4e46261d:14f924c6b53:-7c57', 'rptis.bldg.facts.BldgUse.swornamount', 'swornamount', 'SWORNAMT', NULL, NULL, NULL, NULL, NULL, NULL, NULL, NULL, NULL, NULL, '0');
INSERT IGNORE INTO `sys_rule_condition_constraint` (`objid`, `parentid`, `field_objid`, `fieldname`, `varname`, `operator_caption`, `operator_symbol`, `usevar`, `var_objid`, `var_name`, `decimalvalue`, `intvalue`, `stringvalue`, `listvalue`, `datevalue`, `pos`) VALUES ('RCONST4e46261d:14f924c6b53:-7cc1', 'RCOND4e46261d:14f924c6b53:-7d37', 'rptis.bldg.facts.BldgRPU.depreciation', 'depreciation', 'DPRATE', NULL, NULL, NULL, NULL, NULL, NULL, NULL, NULL, NULL, NULL, '0');
INSERT IGNORE INTO `sys_rule_condition_constraint` (`objid`, `parentid`, `field_objid`, `fieldname`, `varname`, `operator_caption`, `operator_symbol`, `usevar`, `var_objid`, `var_name`, `decimalvalue`, `intvalue`, `stringvalue`, `listvalue`, `datevalue`, `pos`) VALUES ('RCONST59614e16:14c5e56ecc8:-7c46', 'RCOND59614e16:14c5e56ecc8:-7c8f', 'rptis.misc.facts.MiscItem.depreciatedvalue', 'depreciatedvalue', 'DEP', NULL, NULL, NULL, NULL, NULL, NULL, NULL, NULL, NULL, NULL, '1');
INSERT IGNORE INTO `sys_rule_condition_constraint` (`objid`, `parentid`, `field_objid`, `fieldname`, `varname`, `operator_caption`, `operator_symbol`, `usevar`, `var_objid`, `var_name`, `decimalvalue`, `intvalue`, `stringvalue`, `listvalue`, `datevalue`, `pos`) VALUES ('RCONST59614e16:14c5e56ecc8:-7c6f', 'RCOND59614e16:14c5e56ecc8:-7c8f', 'rptis.misc.facts.MiscItem.basemarketvalue', 'basemarketvalue', 'BMV', NULL, NULL, NULL, NULL, NULL, NULL, NULL, NULL, NULL, NULL, '0');
INSERT IGNORE INTO `sys_rule_condition_constraint` (`objid`, `parentid`, `field_objid`, `fieldname`, `varname`, `operator_caption`, `operator_symbol`, `usevar`, `var_objid`, `var_name`, `decimalvalue`, `intvalue`, `stringvalue`, `listvalue`, `datevalue`, `pos`) VALUES ('RCONST59614e16:14c5e56ecc8:-7d8b', 'RCOND59614e16:14c5e56ecc8:-7dcb', 'rptis.misc.facts.MiscItem.depreciation', 'depreciation', 'DEPRATE', NULL, NULL, NULL, NULL, NULL, NULL, NULL, NULL, NULL, NULL, '1');
INSERT IGNORE INTO `sys_rule_condition_constraint` (`objid`, `parentid`, `field_objid`, `fieldname`, `varname`, `operator_caption`, `operator_symbol`, `usevar`, `var_objid`, `var_name`, `decimalvalue`, `intvalue`, `stringvalue`, `listvalue`, `datevalue`, `pos`) VALUES ('RCONST59614e16:14c5e56ecc8:-7db3', 'RCOND59614e16:14c5e56ecc8:-7dcb', 'rptis.misc.facts.MiscItem.basemarketvalue', 'basemarketvalue', 'BMV', NULL, NULL, NULL, NULL, NULL, NULL, NULL, NULL, NULL, NULL, '0');
INSERT IGNORE INTO `sys_rule_condition_constraint` (`objid`, `parentid`, `field_objid`, `fieldname`, `varname`, `operator_caption`, `operator_symbol`, `usevar`, `var_objid`, `var_name`, `decimalvalue`, `intvalue`, `stringvalue`, `listvalue`, `datevalue`, `pos`) VALUES ('RCONST5b4ac915:147baaa06b4:-6d59', 'RCOND5b4ac915:147baaa06b4:-6da4', 'rptis.land.facts.LandDetail.classification', 'classification', 'CLASS', 'not null', '!= null', NULL, NULL, NULL, NULL, NULL, NULL, NULL, NULL, '0');
INSERT IGNORE INTO `sys_rule_condition_constraint` (`objid`, `parentid`, `field_objid`, `fieldname`, `varname`, `operator_caption`, `operator_symbol`, `usevar`, `var_objid`, `var_name`, `decimalvalue`, `intvalue`, `stringvalue`, `listvalue`, `datevalue`, `pos`) VALUES ('RCONST5f10a9aa:1698ea3f7ff:-6b61', 'RCOND5f10a9aa:1698ea3f7ff:-6bb1', 'rptis.facts.RPUAssessment.assessedvalue', 'assessedvalue', 'AV', NULL, NULL, NULL, NULL, NULL, NULL, NULL, NULL, NULL, NULL, '1');
INSERT IGNORE INTO `sys_rule_condition_constraint` (`objid`, `parentid`, `field_objid`, `fieldname`, `varname`, `operator_caption`, `operator_symbol`, `usevar`, `var_objid`, `var_name`, `decimalvalue`, `intvalue`, `stringvalue`, `listvalue`, `datevalue`, `pos`) VALUES ('RCONST5f10a9aa:1698ea3f7ff:-6bb0', 'RCOND5f10a9aa:1698ea3f7ff:-6bb1', 'rptis.facts.RPUAssessment.actualuseid', 'actualuseid', NULL, 'not null', '!= null', NULL, NULL, NULL, NULL, NULL, NULL, NULL, NULL, '0');
INSERT IGNORE INTO `sys_rule_condition_constraint` (`objid`, `parentid`, `field_objid`, `fieldname`, `varname`, `operator_caption`, `operator_symbol`, `usevar`, `var_objid`, `var_name`, `decimalvalue`, `intvalue`, `stringvalue`, `listvalue`, `datevalue`, `pos`) VALUES ('RCONST6d174068:14e3de9c20b:-7f46', 'RCOND6d174068:14e3de9c20b:-7f93', 'rptis.misc.facts.MiscRPU.assesslevel', 'assesslevel', 'AL', NULL, NULL, NULL, NULL, NULL, NULL, NULL, NULL, NULL, NULL, '1');
INSERT IGNORE INTO `sys_rule_condition_constraint` (`objid`, `parentid`, `field_objid`, `fieldname`, `varname`, `operator_caption`, `operator_symbol`, `usevar`, `var_objid`, `var_name`, `decimalvalue`, `intvalue`, `stringvalue`, `listvalue`, `datevalue`, `pos`) VALUES ('RCONST6d174068:14e3de9c20b:-7f73', 'RCOND6d174068:14e3de9c20b:-7f93', 'rptis.misc.facts.MiscRPU.marketvalue', 'marketvalue', 'MV', NULL, NULL, NULL, NULL, NULL, NULL, NULL, NULL, NULL, NULL, '0');

INSERT IGNORE INTO `sys_rule_action` (`objid`, `parentid`, `actiondef_objid`, `actiondef_name`, `pos`) VALUES ('RA-15f7fe9f:15cf6ec9fa5:-7fbf', 'RUL-31fc82f2:15cf6ecbe4d:-6b3d', 'rptis.land.actions.CalcAssessValue', 'calc-av', '0');
INSERT IGNORE INTO `sys_rule_action` (`objid`, `parentid`, `actiondef_objid`, `actiondef_name`, `pos`) VALUES ('RA48ce1e31:16b4f267a90:6374', 'RUL40fb8c21:16b4f90f5b4:-71f1', 'RULADEF1441128c:1471efa4c1c:-69a5', 'calc-assess-value', '0');
INSERT IGNORE INTO `sys_rule_action` (`objid`, `parentid`, `actiondef_objid`, `actiondef_name`, `pos`) VALUES ('RACT-103fed47:146ffb40356:-7c51', 'RUL3e2b89cb:146ff734573:-7dcc', 'rptis.bldg.actions.CalcBldgAge', 'calc-bldg-age', '0');
INSERT IGNORE INTO `sys_rule_action` (`objid`, `parentid`, `actiondef_objid`, `actiondef_name`, `pos`) VALUES ('RACT-2486b0ca:146fff66c3e:-2ade', 'RUL-2486b0ca:146fff66c3e:-2c4a', 'rptis.bldg.actions.CalcBldgUseMV', 'calc-bldguse-mv', '0');
INSERT IGNORE INTO `sys_rule_action` (`objid`, `parentid`, `actiondef_objid`, `actiondef_name`, `pos`) VALUES ('RACT-2486b0ca:146fff66c3e:-37a2', 'RUL-2486b0ca:146fff66c3e:-38e4', 'rptis.bldg.actions.CalcFloorMV', 'calc-floor-mv', '0');
INSERT IGNORE INTO `sys_rule_action` (`objid`, `parentid`, `actiondef_objid`, `actiondef_name`, `pos`) VALUES ('RACT-2486b0ca:146fff66c3e:-3d32', 'RUL-2486b0ca:146fff66c3e:-4192', 'rptis.bldg.actions.CalcBldgUseDepreciation', 'calc-bldguse-depreciation', '0');
INSERT IGNORE INTO `sys_rule_action` (`objid`, `parentid`, `actiondef_objid`, `actiondef_name`, `pos`) VALUES ('RACT-2486b0ca:146fff66c3e:-6a12', 'RUL-2486b0ca:146fff66c3e:-6b05', 'rptis.bldg.actions.CalcFloorBMV', 'calc-floor-bmv', '0');
INSERT IGNORE INTO `sys_rule_action` (`objid`, `parentid`, `actiondef_objid`, `actiondef_name`, `pos`) VALUES ('RACT-28dc975:156bcab666c:-5e3c', 'RUL-3e8edbea:156bc08656a:-5f05', 'rptis.actions.CalcTotalRPUAssessValue', 'recalc-rpu-totalav', '0');
INSERT IGNORE INTO `sys_rule_action` (`objid`, `parentid`, `actiondef_objid`, `actiondef_name`, `pos`) VALUES ('RACT-46fca07e:14c545f3e6a:-32d0', 'RUL-46fca07e:14c545f3e6a:-33b4', 'rptis.bldg.actions.CalcFloorBMV', 'calc-floor-bmv', '0');
INSERT IGNORE INTO `sys_rule_action` (`objid`, `parentid`, `actiondef_objid`, `actiondef_name`, `pos`) VALUES ('RACT-46fca07e:14c545f3e6a:-3422', 'RUL-46fca07e:14c545f3e6a:-350f', 'rptis.bldg.actions.CalcBldgUseBMV', 'calc-bldguse-bmv', '0');
INSERT IGNORE INTO `sys_rule_action` (`objid`, `parentid`, `actiondef_objid`, `actiondef_name`, `pos`) VALUES ('RACT-46fca07e:14c545f3e6a:-763d', 'RUL-46fca07e:14c545f3e6a:-7740', 'rptis.land.actions.CalcMarketValue', 'calc-mv', '0');
INSERT IGNORE INTO `sys_rule_action` (`objid`, `parentid`, `actiondef_objid`, `actiondef_name`, `pos`) VALUES ('RACT-46fca07e:14c545f3e6a:-77ba', 'RUL-46fca07e:14c545f3e6a:-7a8b', 'rptis.land.actions.CalcBaseMarketValue', 'calc-bmv', '0');
INSERT IGNORE INTO `sys_rule_action` (`objid`, `parentid`, `actiondef_objid`, `actiondef_name`, `pos`) VALUES ('RACT-4dd00f9d:1698f34b282:-7d0c', 'RUL-4dd00f9d:1698f34b282:-7e5f', 'rptis.actions.AddDeriveVariable', 'add-derive-var', '0');
INSERT IGNORE INTO `sys_rule_action` (`objid`, `parentid`, `actiondef_objid`, `actiondef_name`, `pos`) VALUES ('RACT-5e76cf73:14d69e9c549:-6e13', 'RUL-5e76cf73:14d69e9c549:-7084', 'rptis.land.actions.UpdateLandDetailValueAdjustment', 'update-landdetail-adj', '0');
INSERT IGNORE INTO `sys_rule_action` (`objid`, `parentid`, `actiondef_objid`, `actiondef_name`, `pos`) VALUES ('RACT-5e76cf73:14d69e9c549:-6e73', 'RUL-5e76cf73:14d69e9c549:-7084', 'rptis.land.actions.UpdateLandDetailActualUseAdj', 'update-landdetail-actualuse-adj', '0');
INSERT IGNORE INTO `sys_rule_action` (`objid`, `parentid`, `actiondef_objid`, `actiondef_name`, `pos`) VALUES ('RACT-5e76cf73:14d69e9c549:-6ece', 'RUL-5e76cf73:14d69e9c549:-7084', 'rptis.land.actions.UpdateLandDetailAdjustment', 'update-landdetail-adj', '0');
INSERT IGNORE INTO `sys_rule_action` (`objid`, `parentid`, `actiondef_objid`, `actiondef_name`, `pos`) VALUES ('RACT-5e76cf73:14d69e9c549:-7d14', 'RUL-5e76cf73:14d69e9c549:-7fd4', 'rptis.land.actions.UpdateAdjustment', 'update-adj', '0');
INSERT IGNORE INTO `sys_rule_action` (`objid`, `parentid`, `actiondef_objid`, `actiondef_name`, `pos`) VALUES ('RACT-5f7d7056:164efef9fba:-6317', 'RUL-2486b0ca:146fff66c3e:-4697', 'rptis.bldg.actions.CalcDepreciationFromSked', 'calc-depreciation-sked', '0');
INSERT IGNORE INTO `sys_rule_action` (`objid`, `parentid`, `actiondef_objid`, `actiondef_name`, `pos`) VALUES ('RACT-60c99d04:1470b276e7f:-7a52', 'RUL-60c99d04:1470b276e7f:-7ecc', 'rptis.bldg.actions.CalcBldgUseBMV', 'calc-bldguse-bmv', '0');
INSERT IGNORE INTO `sys_rule_action` (`objid`, `parentid`, `actiondef_objid`, `actiondef_name`, `pos`) VALUES ('RACT-762e9176:15d067a9c42:-58a6', 'RUL-762e9176:15d067a9c42:-5aa0', 'rptis.actions.CalcTotalRPUAssessValue', 'recalc-rpu-totalav', '0');
INSERT IGNORE INTO `sys_rule_action` (`objid`, `parentid`, `actiondef_objid`, `actiondef_name`, `pos`) VALUES ('RACT-79a9a347:15cfcae84de:-6d86', 'RUL-79a9a347:15cfcae84de:-6f2a', 'rptis.actions.CalcTotalRPUAssessValue', 'recalc-rpu-totalav', '0');
INSERT IGNORE INTO `sys_rule_action` (`objid`, `parentid`, `actiondef_objid`, `actiondef_name`, `pos`) VALUES ('RACT-79a9a347:15cfcae84de:1100', 'RUL-79a9a347:15cfcae84de:f6c', 'rptis.planttree.actions.CalcPlantTreeAssessValue', 'calc-planttree-av', '0');
INSERT IGNORE INTO `sys_rule_action` (`objid`, `parentid`, `actiondef_objid`, `actiondef_name`, `pos`) VALUES ('RACT-a35dd35:14e51ec3311:-5c1b', 'RUL-a35dd35:14e51ec3311:-5d4c', 'rptis.misc.actions.CalcMiscRPUMarketValue', 'calc-rpu-mv', '0');
INSERT IGNORE INTO `sys_rule_action` (`objid`, `parentid`, `actiondef_objid`, `actiondef_name`, `pos`) VALUES ('RACT-a35dd35:14e51ec3311:-5c77', 'RUL-a35dd35:14e51ec3311:-5d4c', 'rptis.misc.actions.CalcMiscRPUBaseMarketValue', 'calc-rpu-bmv', '0');
INSERT IGNORE INTO `sys_rule_action` (`objid`, `parentid`, `actiondef_objid`, `actiondef_name`, `pos`) VALUES ('RACT1441128c:1471efa4c1c:-6b97', 'RUL1441128c:1471efa4c1c:-6c93', 'rptis.bldg.actions.CalcAssessLevel', 'calc-assess-level', '0');
INSERT IGNORE INTO `sys_rule_action` (`objid`, `parentid`, `actiondef_objid`, `actiondef_name`, `pos`) VALUES ('RACT1441128c:1471efa4c1c:-6ce7', 'RUL1441128c:1471efa4c1c:-6eaa', 'rptis.bldg.actions.AddAssessmentInfo', 'add-assessment-info', '0');
INSERT IGNORE INTO `sys_rule_action` (`objid`, `parentid`, `actiondef_objid`, `actiondef_name`, `pos`) VALUES ('RACT1b4af871:14e3cc46e09:-2ef1', 'RUL1b4af871:14e3cc46e09:-301e', 'RULADEF1b4af871:14e3cc46e09:-344d', 'add-derive-var', '0');
INSERT IGNORE INTO `sys_rule_action` (`objid`, `parentid`, `actiondef_objid`, `actiondef_name`, `pos`) VALUES ('RACT1b4af871:14e3cc46e09:-3191', 'RUL1b4af871:14e3cc46e09:-3341', 'RULADEF1b4af871:14e3cc46e09:-344d', 'add-derive-var', '0');
INSERT IGNORE INTO `sys_rule_action` (`objid`, `parentid`, `actiondef_objid`, `actiondef_name`, `pos`) VALUES ('RACT3b800abe:14d2b978f55:-60fe', 'RUL3b800abe:14d2b978f55:-61fb', 'rptis.bldg.actions.CalcBldgUseMV', 'calc-bldguse-mv', '0');
INSERT IGNORE INTO `sys_rule_action` (`objid`, `parentid`, `actiondef_objid`, `actiondef_name`, `pos`) VALUES ('RACT3b800abe:14d2b978f55:-627d', 'RUL3b800abe:14d2b978f55:-63a0', 'rptis.bldg.actions.CalcFloorMV', 'calc-floor-mv', '0');
INSERT IGNORE INTO `sys_rule_action` (`objid`, `parentid`, `actiondef_objid`, `actiondef_name`, `pos`) VALUES ('RACT3b800abe:14d2b978f55:-7c65', 'RUL3b800abe:14d2b978f55:-7e09', 'RULADEF-2486b0ca:146fff66c3e:-723b', 'calc-adj', '0');
INSERT IGNORE INTO `sys_rule_action` (`objid`, `parentid`, `actiondef_objid`, `actiondef_name`, `pos`) VALUES ('RACT3fb43b91:14ccf782188:-5ed3', 'RUL3fb43b91:14ccf782188:-6008', 'rptis.planttree.actions.CalcPlantTreeAdjustment', 'calc-planttree-adjustment', '0');
INSERT IGNORE INTO `sys_rule_action` (`objid`, `parentid`, `actiondef_objid`, `actiondef_name`, `pos`) VALUES ('RACT40fb8c21:16b4f90f5b4:-786f', 'RUL40fb8c21:16b4f90f5b4:-79bd', 'rptis.actions.CalcRPUAssessValue', 'recalc-rpuassessment', '0');
INSERT IGNORE INTO `sys_rule_action` (`objid`, `parentid`, `actiondef_objid`, `actiondef_name`, `pos`) VALUES ('RACT44f3353a:1698b4368e8:-73a7', 'RUL1b4af871:14e3cc46e09:-3341', 'rptis.actions.AddDeriveVariable', 'add-derive-var', '0');
INSERT IGNORE INTO `sys_rule_action` (`objid`, `parentid`, `actiondef_objid`, `actiondef_name`, `pos`) VALUES ('RACT44f3353a:1698b4368e8:-74f7', 'RUL1b4af871:14e3cc46e09:-301e', 'rptis.actions.AddDeriveVariable', 'add-derive-var', '0');
INSERT IGNORE INTO `sys_rule_action` (`objid`, `parentid`, `actiondef_objid`, `actiondef_name`, `pos`) VALUES ('RACT49a3c540:14e51feb8f6:-75ac', 'RUL49a3c540:14e51feb8f6:-77d2', 'rptis.misc.actions.CalcMiscRPUMarketValue', 'calc-rpu-mv', '0');
INSERT IGNORE INTO `sys_rule_action` (`objid`, `parentid`, `actiondef_objid`, `actiondef_name`, `pos`) VALUES ('RACT49a3c540:14e51feb8f6:-7610', 'RUL49a3c540:14e51feb8f6:-77d2', 'rptis.misc.actions.CalcMiscRPUBaseMarketValue', 'calc-rpu-bmv', '0');
INSERT IGNORE INTO `sys_rule_action` (`objid`, `parentid`, `actiondef_objid`, `actiondef_name`, `pos`) VALUES ('RACT4e46261d:14f924c6b53:-7b49', 'RUL4e46261d:14f924c6b53:-7d9b', 'rptis.bldg.actions.CalcBldgUseDepreciation', 'calc-bldguse-depreciation', '0');
INSERT IGNORE INTO `sys_rule_action` (`objid`, `parentid`, `actiondef_objid`, `actiondef_name`, `pos`) VALUES ('RACT59614e16:14c5e56ecc8:-7c0c', 'RUL59614e16:14c5e56ecc8:-7cbf', 'rptis.misc.actions.CalcMarketValue', 'calc-mv', '0');
INSERT IGNORE INTO `sys_rule_action` (`objid`, `parentid`, `actiondef_objid`, `actiondef_name`, `pos`) VALUES ('RACT59614e16:14c5e56ecc8:-7d53', 'RUL59614e16:14c5e56ecc8:-7dfb', 'rptis.misc.actions.CalcDepreciation', 'calc-depreciation', '0');
INSERT IGNORE INTO `sys_rule_action` (`objid`, `parentid`, `actiondef_objid`, `actiondef_name`, `pos`) VALUES ('RACT5b4ac915:147baaa06b4:-6be9', 'RUL5b4ac915:147baaa06b4:-6f31', 'rptis.land.actions.AddAssessmentInfo', 'add-assessment-info', '0');
INSERT IGNORE INTO `sys_rule_action` (`objid`, `parentid`, `actiondef_objid`, `actiondef_name`, `pos`) VALUES ('RACT5f10a9aa:1698ea3f7ff:-6abb', 'RUL5f10a9aa:1698ea3f7ff:-6cba', 'rptis.actions.AddDeriveVariable', 'add-derive-var', '0');
INSERT IGNORE INTO `sys_rule_action` (`objid`, `parentid`, `actiondef_objid`, `actiondef_name`, `pos`) VALUES ('RACT6d174068:14e3de9c20b:-7eeb', 'RUL6d174068:14e3de9c20b:-7fcb', 'rptis.misc.actions.CalcMiscRPUAssessValue', 'calc-rpu-av', '0');

INSERT IGNORE INTO `sys_rule_actiondef` (`objid`, `name`, `title`, `sortorder`, `actionname`, `domain`, `actionclass`) VALUES ('rptis.actions.AddDeriveVariable', 'add-derive-var', 'Add Derive Variable', '50', 'add-derive-var', 'RPT', 'rptis.actions.AddDeriveVariable');
INSERT IGNORE INTO `sys_rule_actiondef` (`objid`, `name`, `title`, `sortorder`, `actionname`, `domain`, `actionclass`) VALUES ('rptis.actions.AddRequirement', 'add-requirement', 'Add Requirement', '1', 'add-requirement', 'bpls', 'rptis.actions.AddRequirement');
INSERT IGNORE INTO `sys_rule_actiondef` (`objid`, `name`, `title`, `sortorder`, `actionname`, `domain`, `actionclass`) VALUES ('rptis.actions.CalcRPUAssessValue', 'recalc-rpuassessment', 'Recalculate Assessment AV', '1050', 'recalc-rpuassessment', 'rpt', 'rptis.actions.CalcRPUAssessValue');
INSERT IGNORE INTO `sys_rule_actiondef` (`objid`, `name`, `title`, `sortorder`, `actionname`, `domain`, `actionclass`) VALUES ('rptis.actions.CalcTotalRPUAssessValue', 'recalc-rpu-totalav', 'Recalculate RPU Total AV', '1100', 'recalc-rpu-totalav', 'rpt', 'rptis.actions.CalcTotalRPUAssessValue');
INSERT IGNORE INTO `sys_rule_actiondef` (`objid`, `name`, `title`, `sortorder`, `actionname`, `domain`, `actionclass`) VALUES ('rptis.bldg.actions.AddAssessmentInfo', 'add-assessment-info', 'Add Assessment Info', '80', 'add-assessment-info', 'RPT', 'rptis.bldg.actions.AddAssessmentInfo');
INSERT IGNORE INTO `sys_rule_actiondef` (`objid`, `name`, `title`, `sortorder`, `actionname`, `domain`, `actionclass`) VALUES ('rptis.bldg.actions.AdjustUnitValue', 'adjust-uv', 'Adjust Unit Value', '2', 'adjust-uv', 'RPT', 'rptis.bldg.actions.AdjustUnitValue');
INSERT IGNORE INTO `sys_rule_actiondef` (`objid`, `name`, `title`, `sortorder`, `actionname`, `domain`, `actionclass`) VALUES ('rptis.bldg.actions.CalcAssessLevel', 'calc-assess-level', 'Calculate Assess Level', '85', 'calc-assess-level', 'RPT', 'rptis.bldg.actions.CalcAssessLevel');
INSERT IGNORE INTO `sys_rule_actiondef` (`objid`, `name`, `title`, `sortorder`, `actionname`, `domain`, `actionclass`) VALUES ('rptis.bldg.actions.CalcBldgAge', 'calc-bldg-age', 'Calculate Building Age', '1', 'calc-bldg-age', 'RPT', 'rptis.bldg.actions.CalcBldgAge');
INSERT IGNORE INTO `sys_rule_actiondef` (`objid`, `name`, `title`, `sortorder`, `actionname`, `domain`, `actionclass`) VALUES ('rptis.bldg.actions.CalcBldgEffectiveAge', 'calc-bldg-effectiveage', 'Calculate Building Effective Age', '2', 'calc-bldg-effectiveage', 'RPT', 'rptis.bldg.actions.CalcBldgEffectiveAge');
INSERT IGNORE INTO `sys_rule_actiondef` (`objid`, `name`, `title`, `sortorder`, `actionname`, `domain`, `actionclass`) VALUES ('rptis.bldg.actions.CalcBldgUseBMV', 'calc-bldguse-bmv', 'Calculate Actual Use Base Market Value', '20', 'calc-bldguse-bmv', 'RPT', 'rptis.bldg.actions.CalcBldgUseBMV');
INSERT IGNORE INTO `sys_rule_actiondef` (`objid`, `name`, `title`, `sortorder`, `actionname`, `domain`, `actionclass`) VALUES ('rptis.bldg.actions.CalcBldgUseDepreciation', 'calc-bldguse-depreciation', 'Calculate Depreciation', '60', 'calc-bldguse-depreciation', 'RPT', 'rptis.bldg.actions.CalcBldgUseDepreciation');
INSERT IGNORE INTO `sys_rule_actiondef` (`objid`, `name`, `title`, `sortorder`, `actionname`, `domain`, `actionclass`) VALUES ('rptis.bldg.actions.CalcBldgUseMV', 'calc-bldguse-mv', 'Calculate Actual Use Market Value', '24', 'calc-bldguse-mv', 'RPT', 'rptis.bldg.actions.CalcBldgUseMV');
INSERT IGNORE INTO `sys_rule_actiondef` (`objid`, `name`, `title`, `sortorder`, `actionname`, `domain`, `actionclass`) VALUES ('rptis.bldg.actions.CalcDepreciationByRange', 'calc-depreciation-range', 'Calculate Depreciation Rate by Range', '56', 'calc-depreciation-range', 'rpt', 'rptis.bldg.actions.CalcDepreciationByRange');
INSERT IGNORE INTO `sys_rule_actiondef` (`objid`, `name`, `title`, `sortorder`, `actionname`, `domain`, `actionclass`) VALUES ('rptis.bldg.actions.CalcDepreciationFromSked', 'calc-depreciation-sked', 'Calculate Depreciation Rate', '55', 'calc-depreciation-sked', 'rpt', 'rptis.bldg.actions.CalcDepreciationFromSked');
INSERT IGNORE INTO `sys_rule_actiondef` (`objid`, `name`, `title`, `sortorder`, `actionname`, `domain`, `actionclass`) VALUES ('rptis.bldg.actions.CalcFloorBMV', 'calc-floor-bmv', 'Calculate Floor Base Market Value', '10', 'calc-floor-bmv', 'RPT', 'rptis.bldg.actions.CalcFloorBMV');
INSERT IGNORE INTO `sys_rule_actiondef` (`objid`, `name`, `title`, `sortorder`, `actionname`, `domain`, `actionclass`) VALUES ('rptis.bldg.actions.CalcFloorMV', 'calc-floor-mv', 'Calculate Floor Market Value', '15', 'calc-floor-mv', 'RPT', 'rptis.bldg.actions.CalcFloorMV');
INSERT IGNORE INTO `sys_rule_actiondef` (`objid`, `name`, `title`, `sortorder`, `actionname`, `domain`, `actionclass`) VALUES ('rptis.bldg.actions.ResetAdjustment', 'reset-adj', 'Reset Adjustment Value', '70', 'reset-adj', 'RPT', 'rptis.bldg.actions.ResetAdjustment');
INSERT IGNORE INTO `sys_rule_actiondef` (`objid`, `name`, `title`, `sortorder`, `actionname`, `domain`, `actionclass`) VALUES ('rptis.land.actions.AddAssessmentInfo', 'add-assessment-info', 'Add Assessment Summary', '50', 'add-assessment-info', 'rpt', 'rptis.land.actions.AddAssessmentInfo');
INSERT IGNORE INTO `sys_rule_actiondef` (`objid`, `name`, `title`, `sortorder`, `actionname`, `domain`, `actionclass`) VALUES ('rptis.land.actions.CalcAssessValue', 'calc-av', 'Calculate Assess Value', '20', 'calc-av', 'RPT', 'rptis.land.actions.CalcAssessValue');
INSERT IGNORE INTO `sys_rule_actiondef` (`objid`, `name`, `title`, `sortorder`, `actionname`, `domain`, `actionclass`) VALUES ('rptis.land.actions.CalcBaseMarketValue', 'calc-bmv', 'Calculate Base Market Value', '1', 'calc-bmv', 'RPT', 'rptis.land.actions.CalcBaseMarketValue');
INSERT IGNORE INTO `sys_rule_actiondef` (`objid`, `name`, `title`, `sortorder`, `actionname`, `domain`, `actionclass`) VALUES ('rptis.land.actions.CalcMarketValue', 'calc-mv', 'Calculate Market Value', '5', 'calc-mv', 'RPT', 'rptis.land.actions.CalcMarketValue');
INSERT IGNORE INTO `sys_rule_actiondef` (`objid`, `name`, `title`, `sortorder`, `actionname`, `domain`, `actionclass`) VALUES ('rptis.land.actions.UpdateAdjustment', 'update-adj', 'Update Adjustment', '2', 'update-adj', 'RPT', 'rptis.land.actions.UpdateAdjustment');
INSERT IGNORE INTO `sys_rule_actiondef` (`objid`, `name`, `title`, `sortorder`, `actionname`, `domain`, `actionclass`) VALUES ('rptis.land.actions.UpdateLandDetailActualUseAdj', 'update-landdetail-actualuse-adj', 'Update Appraisal Actual Use Adjustment', '3', 'update-landdetail-actualuse-adj', 'rpt', 'rptis.land.actions.UpdateLandDetailActualUseAdj');
INSERT IGNORE INTO `sys_rule_actiondef` (`objid`, `name`, `title`, `sortorder`, `actionname`, `domain`, `actionclass`) VALUES ('rptis.land.actions.UpdateLandDetailAdjustment', 'update-landdetail-adj', 'Update Appraisal Adjustment', '3', 'update-landdetail-adj', 'rpt', 'rptis.land.actions.UpdateLandDetailAdjustment');
INSERT IGNORE INTO `sys_rule_actiondef` (`objid`, `name`, `title`, `sortorder`, `actionname`, `domain`, `actionclass`) VALUES ('rptis.land.actions.UpdateLandDetailValueAdjustment', 'update-landdetail-value-adj', 'Update Appraisal Value Adjustment', '3', 'update-landdetail-value-adj', 'rpt', 'rptis.land.actions.UpdateLandDetailValueAdjustment');
INSERT IGNORE INTO `sys_rule_actiondef` (`objid`, `name`, `title`, `sortorder`, `actionname`, `domain`, `actionclass`) VALUES ('rptis.mach.actions.AddAssessmentInfo', 'add-assessment-info', 'Add Assessment Info', '1000', 'add-assessment-info', 'rpt', 'rptis.mach.actions.AddAssessmentInfo');
INSERT IGNORE INTO `sys_rule_actiondef` (`objid`, `name`, `title`, `sortorder`, `actionname`, `domain`, `actionclass`) VALUES ('rptis.mach.actions.CalcMachineAssessLevel', 'calc-mach-al', 'Calculate Machine Assess Level', '5', 'calc-mach-al', 'RPT', 'rptis.mach.actions.CalcMachineAssessLevel');
INSERT IGNORE INTO `sys_rule_actiondef` (`objid`, `name`, `title`, `sortorder`, `actionname`, `domain`, `actionclass`) VALUES ('rptis.mach.actions.CalcMachineAV', 'calc-mach-av', 'Calculate Machine Assessed Value', '6', 'calc-mach-av', 'RPT', 'rptis.mach.actions.CalcMachineAV');
INSERT IGNORE INTO `sys_rule_actiondef` (`objid`, `name`, `title`, `sortorder`, `actionname`, `domain`, `actionclass`) VALUES ('rptis.mach.actions.CalcMachineBMV', 'calc-mach-bmv', 'Calculate Base Market Value', '1', 'calc-mach-bmv', 'rpt', 'rptis.mach.actions.CalcMachineBMV');
INSERT IGNORE INTO `sys_rule_actiondef` (`objid`, `name`, `title`, `sortorder`, `actionname`, `domain`, `actionclass`) VALUES ('rptis.mach.actions.CalcMachineDepreciation', 'calc-mach-depreciation', 'Calculate Depreciation', '2', 'calc-mach-depreciation', 'rpt', 'rptis.mach.actions.CalcMachineDepreciation');
INSERT IGNORE INTO `sys_rule_actiondef` (`objid`, `name`, `title`, `sortorder`, `actionname`, `domain`, `actionclass`) VALUES ('rptis.mach.actions.CalcMachineMV', 'calc-mach-mv', 'Calculate Machine Market Value', '2', 'calc-mach-mv', 'RPT', 'rptis.mach.actions.CalcMachineMV');
INSERT IGNORE INTO `sys_rule_actiondef` (`objid`, `name`, `title`, `sortorder`, `actionname`, `domain`, `actionclass`) VALUES ('rptis.mach.actions.CalcMachUseAssessLevel', 'calc-machuse-al', 'Calculate Actual Use Assess Level', '10', 'calc-machuse-al', 'RPT', 'rptis.mach.actions.CalcMachUseAssessLevel');
INSERT IGNORE INTO `sys_rule_actiondef` (`objid`, `name`, `title`, `sortorder`, `actionname`, `domain`, `actionclass`) VALUES ('rptis.mach.actions.CalcMachUseAV', 'calc-machuse-av', 'Calculate Actual Use Assessed Value', '11', 'calc-machuse-av', 'RPT', 'rptis.mach.actions.CalcMachUseAV');
INSERT IGNORE INTO `sys_rule_actiondef` (`objid`, `name`, `title`, `sortorder`, `actionname`, `domain`, `actionclass`) VALUES ('rptis.misc.actions.CalcAssessValue', 'calc-av', 'Calculate Assessed Value', '4', 'calc-av', 'RPT', 'rptis.misc.actions.CalcAssessValue');
INSERT IGNORE INTO `sys_rule_actiondef` (`objid`, `name`, `title`, `sortorder`, `actionname`, `domain`, `actionclass`) VALUES ('rptis.misc.actions.CalcBaseMarketValue', 'calc-bmv', 'Calculate Base Market Value', '1', 'calc-bmv', 'RPT', 'rptis.misc.actions.CalcBaseMarketValue');
INSERT IGNORE INTO `sys_rule_actiondef` (`objid`, `name`, `title`, `sortorder`, `actionname`, `domain`, `actionclass`) VALUES ('rptis.misc.actions.CalcDepreciation', 'calc-depreciation', 'Calculate Depreciation', '1', 'calc-depreciation', 'RPT', 'rptis.misc.actions.CalcDepreciation');
INSERT IGNORE INTO `sys_rule_actiondef` (`objid`, `name`, `title`, `sortorder`, `actionname`, `domain`, `actionclass`) VALUES ('rptis.misc.actions.CalcMarketValue', 'calc-mv', 'Calculate Market Value', '3', 'calc-mv', 'RPT', 'rptis.misc.actions.CalcMarketValue');
INSERT IGNORE INTO `sys_rule_actiondef` (`objid`, `name`, `title`, `sortorder`, `actionname`, `domain`, `actionclass`) VALUES ('rptis.misc.actions.CalcMiscRPUAssessLevel', 'calc-rpu-al', 'Calculate RPU Assess Level', '12', 'calc-rpu-al', 'RPT', 'rptis.misc.actions.CalcMiscRPUAssessLevel');
INSERT IGNORE INTO `sys_rule_actiondef` (`objid`, `name`, `title`, `sortorder`, `actionname`, `domain`, `actionclass`) VALUES ('rptis.misc.actions.CalcMiscRPUAssessValue', 'calc-rpu-av', 'Calculate RPU Assessed Value', '13', 'calc-rpu-av', 'RPT', 'rptis.misc.actions.CalcMiscRPUAssessValue');
INSERT IGNORE INTO `sys_rule_actiondef` (`objid`, `name`, `title`, `sortorder`, `actionname`, `domain`, `actionclass`) VALUES ('rptis.misc.actions.CalcMiscRPUBaseMarketValue', 'calc-rpu-bmv', 'Calculate RPU Base Market Value', '10', 'calc-rpu-bmv', 'RPT', 'rptis.misc.actions.CalcMiscRPUBaseMarketValue');
INSERT IGNORE INTO `sys_rule_actiondef` (`objid`, `name`, `title`, `sortorder`, `actionname`, `domain`, `actionclass`) VALUES ('rptis.misc.actions.CalcMiscRPUMarketValue', 'calc-rpu-mv', 'Calculate RPU Market Value', '11', 'calc-rpu-mv', 'RPT', 'rptis.misc.actions.CalcMiscRPUMarketValue');
INSERT IGNORE INTO `sys_rule_actiondef` (`objid`, `name`, `title`, `sortorder`, `actionname`, `domain`, `actionclass`) VALUES ('rptis.planttree.actions.AddPlantTreeAssessmentInfo', 'add-planttree-assessment-info', 'Add Assessment', '100', 'add-planttree-assessment-info', 'rpt', 'rptis.planttree.actions.AddPlantTreeAssessmentInfo');
INSERT IGNORE INTO `sys_rule_actiondef` (`objid`, `name`, `title`, `sortorder`, `actionname`, `domain`, `actionclass`) VALUES ('rptis.planttree.actions.CalcPlantTreeAdjustment', 'calc-planttree-adjustment', 'Calculate Adjustment', '2', 'calc-planttree-adjustment', 'RPT', 'rptis.planttree.actions.CalcPlantTreeAdjustment');
INSERT IGNORE INTO `sys_rule_actiondef` (`objid`, `name`, `title`, `sortorder`, `actionname`, `domain`, `actionclass`) VALUES ('rptis.planttree.actions.CalcPlantTreeAssessValue', 'calc-planttree-av', 'Calculate Assessed Value', '4', 'calc-planttree-av', 'RPT', 'rptis.planttree.actions.CalcPlantTreeAssessValue');
INSERT IGNORE INTO `sys_rule_actiondef` (`objid`, `name`, `title`, `sortorder`, `actionname`, `domain`, `actionclass`) VALUES ('rptis.planttree.actions.CalcPlantTreeBMV', 'calc-planttree-bmv', 'Calculate Base Market Value', '1', 'calc-planttree-bmv', 'RPT', 'rptis.planttree.actions.CalcPlantTreeBMV');
INSERT IGNORE INTO `sys_rule_actiondef` (`objid`, `name`, `title`, `sortorder`, `actionname`, `domain`, `actionclass`) VALUES ('rptis.planttree.actions.CalcPlantTreeMarketValue', 'calc-planttree-mv', 'Calculate Market Value', '3', 'calc-planttree-mv', 'RPT', 'rptis.planttree.actions.CalcPlantTreeMarketValue');
INSERT IGNORE INTO `sys_rule_actiondef` (`objid`, `name`, `title`, `sortorder`, `actionname`, `domain`, `actionclass`) VALUES ('RULADEF-2486b0ca:146fff66c3e:-723b', 'calc-adj', 'Calculate Adjustment', '35', 'calc-adj', 'RPT', 'rptis.bldg.actions.CalcAdjustment');
INSERT IGNORE INTO `sys_rule_actiondef` (`objid`, `name`, `title`, `sortorder`, `actionname`, `domain`, `actionclass`) VALUES ('RULADEF1441128c:1471efa4c1c:-69a5', 'calc-assess-value', 'Calculate Assess Value', '90', 'calc-assess-value', 'RPT', 'rptis.bldg.actions.CalcAssessValue');

INSERT IGNORE INTO `sys_rule_actiondef_param` (`objid`, `parentid`, `name`, `sortorder`, `title`, `datatype`, `handler`, `lookuphandler`, `lookupkey`, `lookupvalue`, `vardatatype`, `lovname`) VALUES ('ACTPARAM-2486b0ca:146fff66c3e:-7204', 'RULADEF-2486b0ca:146fff66c3e:-723b', 'expr', '3', 'Computation', NULL, 'expression', NULL, NULL, NULL, NULL, NULL);
INSERT IGNORE INTO `sys_rule_actiondef_param` (`objid`, `parentid`, `name`, `sortorder`, `title`, `datatype`, `handler`, `lookuphandler`, `lookupkey`, `lookupvalue`, `vardatatype`, `lovname`) VALUES ('ACTPARAM-2486b0ca:146fff66c3e:-7224', 'RULADEF-2486b0ca:146fff66c3e:-723b', 'adjustment', '1', 'Adjustment', NULL, 'var', NULL, NULL, NULL, 'rptis.bldg.facts.BldgAdjustment', NULL);
INSERT IGNORE INTO `sys_rule_actiondef_param` (`objid`, `parentid`, `name`, `sortorder`, `title`, `datatype`, `handler`, `lookuphandler`, `lookupkey`, `lookupvalue`, `vardatatype`, `lovname`) VALUES ('ACTPARAM102ab3e1:147190e9fe4:-f75', 'RULADEF-2486b0ca:146fff66c3e:-723b', 'var', '2', 'Derived Variable', NULL, 'var', NULL, NULL, NULL, 'rptis.bldg.facts.BldgVariable', NULL);
INSERT IGNORE INTO `sys_rule_actiondef_param` (`objid`, `parentid`, `name`, `sortorder`, `title`, `datatype`, `handler`, `lookuphandler`, `lookupkey`, `lookupvalue`, `vardatatype`, `lovname`) VALUES ('ACTPARAM1441128c:1471efa4c1c:-6969', 'RULADEF1441128c:1471efa4c1c:-69a5', 'expr', '2', 'Computation', NULL, 'expression', NULL, NULL, NULL, NULL, NULL);
INSERT IGNORE INTO `sys_rule_actiondef_param` (`objid`, `parentid`, `name`, `sortorder`, `title`, `datatype`, `handler`, `lookuphandler`, `lookupkey`, `lookupvalue`, `vardatatype`, `lovname`) VALUES ('ACTPARAM1441128c:1471efa4c1c:-698e', 'RULADEF1441128c:1471efa4c1c:-69a5', 'assessment', '1', 'Assessment Info', NULL, 'var', NULL, NULL, NULL, 'rptis.facts.RPUAssessment', NULL);
INSERT IGNORE INTO `sys_rule_actiondef_param` (`objid`, `parentid`, `name`, `sortorder`, `title`, `datatype`, `handler`, `lookuphandler`, `lookupkey`, `lookupvalue`, `vardatatype`, `lovname`) VALUES ('ACTPARAM49a3c540:14e51feb8f6:-4c86', 'RULADEF-2486b0ca:146fff66c3e:-723b', 'var', '2', 'Variable', NULL, 'var', NULL, NULL, NULL, 'rptis.facts.RPTVariable', NULL);
INSERT IGNORE INTO `sys_rule_actiondef_param` (`objid`, `parentid`, `name`, `sortorder`, `title`, `datatype`, `handler`, `lookuphandler`, `lookupkey`, `lookupvalue`, `vardatatype`, `lovname`) VALUES ('rptis.actions.AddDeriveVariable.aggregatetype', 'rptis.actions.AddDeriveVariable', 'aggregatetype', '3', 'Aggregation', NULL, 'lov', NULL, NULL, NULL, NULL, 'RPT_VAR_AGGRETATION_TYPES');
INSERT IGNORE INTO `sys_rule_actiondef_param` (`objid`, `parentid`, `name`, `sortorder`, `title`, `datatype`, `handler`, `lookuphandler`, `lookupkey`, `lookupvalue`, `vardatatype`, `lovname`) VALUES ('rptis.actions.AddDeriveVariable.bldguse', 'rptis.actions.AddDeriveVariable', 'bldguse', '1', 'Building Actual Use', NULL, 'var', NULL, NULL, NULL, 'rptis.bldg.facts.BldgUse', NULL);
INSERT IGNORE INTO `sys_rule_actiondef_param` (`objid`, `parentid`, `name`, `sortorder`, `title`, `datatype`, `handler`, `lookuphandler`, `lookupkey`, `lookupvalue`, `vardatatype`, `lovname`) VALUES ('rptis.actions.AddDeriveVariable.expr', 'rptis.actions.AddDeriveVariable', 'expr', '4', 'Value Computation', NULL, 'expression', NULL, NULL, NULL, NULL, NULL);
INSERT IGNORE INTO `sys_rule_actiondef_param` (`objid`, `parentid`, `name`, `sortorder`, `title`, `datatype`, `handler`, `lookuphandler`, `lookupkey`, `lookupvalue`, `vardatatype`, `lovname`) VALUES ('rptis.actions.AddDeriveVariable.var', 'rptis.actions.AddDeriveVariable', 'var', '2', 'Variable', NULL, 'lookup', 'rptparameter:lookup', 'objid', 'name', NULL, NULL);
INSERT IGNORE INTO `sys_rule_actiondef_param` (`objid`, `parentid`, `name`, `sortorder`, `title`, `datatype`, `handler`, `lookuphandler`, `lookupkey`, `lookupvalue`, `vardatatype`, `lovname`) VALUES ('rptis.actions.AddRequirement.requirementtype', 'rptis.actions.AddRequirement', 'requirementtype', '1', 'Requirement Type', NULL, 'lookup', 'rptrequirementtype:lookup', 'objid', 'name', NULL, NULL);
INSERT IGNORE INTO `sys_rule_actiondef_param` (`objid`, `parentid`, `name`, `sortorder`, `title`, `datatype`, `handler`, `lookuphandler`, `lookupkey`, `lookupvalue`, `vardatatype`, `lovname`) VALUES ('rptis.actions.CalcRPUAssessValue.expr', 'rptis.actions.CalcRPUAssessValue', 'expr', '2', 'Computation', NULL, 'expression', NULL, NULL, NULL, NULL, NULL);
INSERT IGNORE INTO `sys_rule_actiondef_param` (`objid`, `parentid`, `name`, `sortorder`, `title`, `datatype`, `handler`, `lookuphandler`, `lookupkey`, `lookupvalue`, `vardatatype`, `lovname`) VALUES ('rptis.actions.CalcRPUAssessValue.rpuassessment', 'rptis.actions.CalcRPUAssessValue', 'rpuassessment', '1', 'Assessment', NULL, 'var', NULL, NULL, NULL, 'rptis.facts.RPUAssessment', NULL);
INSERT IGNORE INTO `sys_rule_actiondef_param` (`objid`, `parentid`, `name`, `sortorder`, `title`, `datatype`, `handler`, `lookuphandler`, `lookupkey`, `lookupvalue`, `vardatatype`, `lovname`) VALUES ('rptis.actions.CalcTotalRPUAssessValue.expr', 'rptis.actions.CalcTotalRPUAssessValue', 'expr', '2', 'Computation', NULL, 'expression', NULL, NULL, NULL, NULL, NULL);
INSERT IGNORE INTO `sys_rule_actiondef_param` (`objid`, `parentid`, `name`, `sortorder`, `title`, `datatype`, `handler`, `lookuphandler`, `lookupkey`, `lookupvalue`, `vardatatype`, `lovname`) VALUES ('rptis.actions.CalcTotalRPUAssessValue.rpu', 'rptis.actions.CalcTotalRPUAssessValue', 'rpu', '1', 'RPU', NULL, 'var', NULL, NULL, NULL, 'rptis.facts.RPU', NULL);
INSERT IGNORE INTO `sys_rule_actiondef_param` (`objid`, `parentid`, `name`, `sortorder`, `title`, `datatype`, `handler`, `lookuphandler`, `lookupkey`, `lookupvalue`, `vardatatype`, `lovname`) VALUES ('rptis.bldg.actions.AddAssessmentInfo.actualuseid', 'rptis.bldg.actions.AddAssessmentInfo', 'actualuseid', '2', 'Actual Use', NULL, 'var', NULL, NULL, NULL, 'string', NULL);
INSERT IGNORE INTO `sys_rule_actiondef_param` (`objid`, `parentid`, `name`, `sortorder`, `title`, `datatype`, `handler`, `lookuphandler`, `lookupkey`, `lookupvalue`, `vardatatype`, `lovname`) VALUES ('rptis.bldg.actions.AddAssessmentInfo.bldguse', 'rptis.bldg.actions.AddAssessmentInfo', 'bldguse', '1', 'Building Actual Use', NULL, 'var', NULL, NULL, NULL, 'rptis.bldg.facts.BldgUse', NULL);
INSERT IGNORE INTO `sys_rule_actiondef_param` (`objid`, `parentid`, `name`, `sortorder`, `title`, `datatype`, `handler`, `lookuphandler`, `lookupkey`, `lookupvalue`, `vardatatype`, `lovname`) VALUES ('rptis.bldg.actions.AdjustUnitValue.bldgstructure', 'rptis.bldg.actions.AdjustUnitValue', 'bldgstructure', '1', 'Building Structure', NULL, 'var', NULL, NULL, NULL, 'rptis.bldg.facts.BldgStructure', NULL);
INSERT IGNORE INTO `sys_rule_actiondef_param` (`objid`, `parentid`, `name`, `sortorder`, `title`, `datatype`, `handler`, `lookuphandler`, `lookupkey`, `lookupvalue`, `vardatatype`, `lovname`) VALUES ('rptis.bldg.actions.AdjustUnitValue.expr', 'rptis.bldg.actions.AdjustUnitValue', 'expr', '2', 'Computation', NULL, 'expression', NULL, NULL, NULL, NULL, NULL);
INSERT IGNORE INTO `sys_rule_actiondef_param` (`objid`, `parentid`, `name`, `sortorder`, `title`, `datatype`, `handler`, `lookuphandler`, `lookupkey`, `lookupvalue`, `vardatatype`, `lovname`) VALUES ('rptis.bldg.actions.CalcAssessLevel.assessment', 'rptis.bldg.actions.CalcAssessLevel', 'assessment', '1', 'Assessment', NULL, 'var', NULL, NULL, NULL, 'rptis.facts.RPUAssessment', NULL);
INSERT IGNORE INTO `sys_rule_actiondef_param` (`objid`, `parentid`, `name`, `sortorder`, `title`, `datatype`, `handler`, `lookuphandler`, `lookupkey`, `lookupvalue`, `vardatatype`, `lovname`) VALUES ('rptis.bldg.actions.CalcBldgAge.expr', 'rptis.bldg.actions.CalcBldgAge', 'expr', '2', 'Computation', NULL, 'expression', NULL, NULL, NULL, NULL, NULL);
INSERT IGNORE INTO `sys_rule_actiondef_param` (`objid`, `parentid`, `name`, `sortorder`, `title`, `datatype`, `handler`, `lookuphandler`, `lookupkey`, `lookupvalue`, `vardatatype`, `lovname`) VALUES ('rptis.bldg.actions.CalcBldgAge.rpu', 'rptis.bldg.actions.CalcBldgAge', 'rpu', '1', 'Building Real Property', NULL, 'var', NULL, NULL, NULL, 'rptis.bldg.facts.BldgRPU', NULL);
INSERT IGNORE INTO `sys_rule_actiondef_param` (`objid`, `parentid`, `name`, `sortorder`, `title`, `datatype`, `handler`, `lookuphandler`, `lookupkey`, `lookupvalue`, `vardatatype`, `lovname`) VALUES ('rptis.bldg.actions.CalcBldgEffectiveAge.expr', 'rptis.bldg.actions.CalcBldgEffectiveAge', 'expr', '2', 'Computation', NULL, 'expression', NULL, NULL, NULL, NULL, NULL);
INSERT IGNORE INTO `sys_rule_actiondef_param` (`objid`, `parentid`, `name`, `sortorder`, `title`, `datatype`, `handler`, `lookuphandler`, `lookupkey`, `lookupvalue`, `vardatatype`, `lovname`) VALUES ('rptis.bldg.actions.CalcBldgEffectiveAge.rpu', 'rptis.bldg.actions.CalcBldgEffectiveAge', 'rpu', '1', 'Building Real Property', NULL, 'var', NULL, NULL, NULL, 'rptis.bldg.facts.BldgRPU', NULL);
INSERT IGNORE INTO `sys_rule_actiondef_param` (`objid`, `parentid`, `name`, `sortorder`, `title`, `datatype`, `handler`, `lookuphandler`, `lookupkey`, `lookupvalue`, `vardatatype`, `lovname`) VALUES ('rptis.bldg.actions.CalcBldgUseBMV.bldguse', 'rptis.bldg.actions.CalcBldgUseBMV', 'bldguse', '1', 'Building Actual Use', NULL, 'var', NULL, NULL, NULL, 'rptis.bldg.facts.BldgUse', NULL);
INSERT IGNORE INTO `sys_rule_actiondef_param` (`objid`, `parentid`, `name`, `sortorder`, `title`, `datatype`, `handler`, `lookuphandler`, `lookupkey`, `lookupvalue`, `vardatatype`, `lovname`) VALUES ('rptis.bldg.actions.CalcBldgUseBMV.expr', 'rptis.bldg.actions.CalcBldgUseBMV', 'expr', '2', 'Computation', NULL, 'expression', NULL, NULL, NULL, NULL, NULL);
INSERT IGNORE INTO `sys_rule_actiondef_param` (`objid`, `parentid`, `name`, `sortorder`, `title`, `datatype`, `handler`, `lookuphandler`, `lookupkey`, `lookupvalue`, `vardatatype`, `lovname`) VALUES ('rptis.bldg.actions.CalcBldgUseDepreciation.bldguse', 'rptis.bldg.actions.CalcBldgUseDepreciation', 'bldguse', '1', 'Building Actual Use', NULL, 'var', NULL, NULL, NULL, 'rptis.bldg.facts.BldgUse', NULL);
INSERT IGNORE INTO `sys_rule_actiondef_param` (`objid`, `parentid`, `name`, `sortorder`, `title`, `datatype`, `handler`, `lookuphandler`, `lookupkey`, `lookupvalue`, `vardatatype`, `lovname`) VALUES ('rptis.bldg.actions.CalcBldgUseDepreciation.expr', 'rptis.bldg.actions.CalcBldgUseDepreciation', 'expr', '2', 'Computation', NULL, 'expression', NULL, NULL, NULL, NULL, NULL);
INSERT IGNORE INTO `sys_rule_actiondef_param` (`objid`, `parentid`, `name`, `sortorder`, `title`, `datatype`, `handler`, `lookuphandler`, `lookupkey`, `lookupvalue`, `vardatatype`, `lovname`) VALUES ('rptis.bldg.actions.CalcBldgUseMV.bldguse', 'rptis.bldg.actions.CalcBldgUseMV', 'bldguse', '1', 'Building Actual Use', NULL, 'var', NULL, NULL, NULL, 'rptis.bldg.facts.BldgUse', NULL);
INSERT IGNORE INTO `sys_rule_actiondef_param` (`objid`, `parentid`, `name`, `sortorder`, `title`, `datatype`, `handler`, `lookuphandler`, `lookupkey`, `lookupvalue`, `vardatatype`, `lovname`) VALUES ('rptis.bldg.actions.CalcBldgUseMV.expr', 'rptis.bldg.actions.CalcBldgUseMV', 'expr', '2', 'Computation', NULL, 'expression', NULL, NULL, NULL, NULL, NULL);
INSERT IGNORE INTO `sys_rule_actiondef_param` (`objid`, `parentid`, `name`, `sortorder`, `title`, `datatype`, `handler`, `lookuphandler`, `lookupkey`, `lookupvalue`, `vardatatype`, `lovname`) VALUES ('rptis.bldg.actions.CalcDepreciationByRange.bldgstructure', 'rptis.bldg.actions.CalcDepreciationByRange', 'bldgstructure', '1', 'Building Structure', NULL, 'var', NULL, NULL, NULL, 'rptis.bldg.facts.BldgStructure', NULL);
INSERT IGNORE INTO `sys_rule_actiondef_param` (`objid`, `parentid`, `name`, `sortorder`, `title`, `datatype`, `handler`, `lookuphandler`, `lookupkey`, `lookupvalue`, `vardatatype`, `lovname`) VALUES ('rptis.bldg.actions.CalcDepreciationFromSked.bldgstructure', 'rptis.bldg.actions.CalcDepreciationFromSked', 'bldgstructure', '1', 'Building Structure', NULL, 'var', NULL, NULL, NULL, 'rptis.bldg.facts.BldgStructure', NULL);
INSERT IGNORE INTO `sys_rule_actiondef_param` (`objid`, `parentid`, `name`, `sortorder`, `title`, `datatype`, `handler`, `lookuphandler`, `lookupkey`, `lookupvalue`, `vardatatype`, `lovname`) VALUES ('rptis.bldg.actions.CalcFloorBMV.bldgfloor', 'rptis.bldg.actions.CalcFloorBMV', 'bldgfloor', '1', 'Building Floor', NULL, 'var', NULL, NULL, NULL, 'rptis.bldg.facts.BldgFloor', NULL);
INSERT IGNORE INTO `sys_rule_actiondef_param` (`objid`, `parentid`, `name`, `sortorder`, `title`, `datatype`, `handler`, `lookuphandler`, `lookupkey`, `lookupvalue`, `vardatatype`, `lovname`) VALUES ('rptis.bldg.actions.CalcFloorBMV.expr', 'rptis.bldg.actions.CalcFloorBMV', 'expr', '2', 'Computation', NULL, 'expression', NULL, NULL, NULL, NULL, NULL);
INSERT IGNORE INTO `sys_rule_actiondef_param` (`objid`, `parentid`, `name`, `sortorder`, `title`, `datatype`, `handler`, `lookuphandler`, `lookupkey`, `lookupvalue`, `vardatatype`, `lovname`) VALUES ('rptis.bldg.actions.CalcFloorMV.bldgfloor', 'rptis.bldg.actions.CalcFloorMV', 'bldgfloor', '1', 'Building Floor', NULL, 'var', NULL, NULL, NULL, 'rptis.bldg.facts.BldgFloor', NULL);
INSERT IGNORE INTO `sys_rule_actiondef_param` (`objid`, `parentid`, `name`, `sortorder`, `title`, `datatype`, `handler`, `lookuphandler`, `lookupkey`, `lookupvalue`, `vardatatype`, `lovname`) VALUES ('rptis.bldg.actions.CalcFloorMV.expr', 'rptis.bldg.actions.CalcFloorMV', 'expr', '2', 'Computation', NULL, 'expression', NULL, NULL, NULL, NULL, NULL);
INSERT IGNORE INTO `sys_rule_actiondef_param` (`objid`, `parentid`, `name`, `sortorder`, `title`, `datatype`, `handler`, `lookuphandler`, `lookupkey`, `lookupvalue`, `vardatatype`, `lovname`) VALUES ('rptis.bldg.actions.ResetAdjustment.adjustment', 'rptis.bldg.actions.ResetAdjustment', 'adjustment', '1', 'Building Adjustment', NULL, 'var', NULL, NULL, NULL, 'rptis.bldg.facts.BldgAdjustment', NULL);
INSERT IGNORE INTO `sys_rule_actiondef_param` (`objid`, `parentid`, `name`, `sortorder`, `title`, `datatype`, `handler`, `lookuphandler`, `lookupkey`, `lookupvalue`, `vardatatype`, `lovname`) VALUES ('rptis.land.actions.AddAssessmentInfo.classification', 'rptis.land.actions.AddAssessmentInfo', 'classification', '2', 'Classification', NULL, 'var', NULL, NULL, NULL, 'rptis.facts.Classification', NULL);
INSERT IGNORE INTO `sys_rule_actiondef_param` (`objid`, `parentid`, `name`, `sortorder`, `title`, `datatype`, `handler`, `lookuphandler`, `lookupkey`, `lookupvalue`, `vardatatype`, `lovname`) VALUES ('rptis.land.actions.AddAssessmentInfo.landdetail', 'rptis.land.actions.AddAssessmentInfo', 'landdetail', '1', 'Land Item Appraisal', NULL, 'var', NULL, NULL, NULL, 'rptis.land.facts.LandDetail', NULL);
INSERT IGNORE INTO `sys_rule_actiondef_param` (`objid`, `parentid`, `name`, `sortorder`, `title`, `datatype`, `handler`, `lookuphandler`, `lookupkey`, `lookupvalue`, `vardatatype`, `lovname`) VALUES ('rptis.land.actions.CalcAssessValue.expr', 'rptis.land.actions.CalcAssessValue', 'expr', '2', 'Computation', NULL, 'expression', NULL, NULL, NULL, NULL, NULL);
INSERT IGNORE INTO `sys_rule_actiondef_param` (`objid`, `parentid`, `name`, `sortorder`, `title`, `datatype`, `handler`, `lookuphandler`, `lookupkey`, `lookupvalue`, `vardatatype`, `lovname`) VALUES ('rptis.land.actions.CalcAssessValue.landdetail', 'rptis.land.actions.CalcAssessValue', 'landdetail', '1', 'Land Item Appraisal', NULL, 'var', NULL, NULL, NULL, 'rptis.land.facts.LandDetail', NULL);
INSERT IGNORE INTO `sys_rule_actiondef_param` (`objid`, `parentid`, `name`, `sortorder`, `title`, `datatype`, `handler`, `lookuphandler`, `lookupkey`, `lookupvalue`, `vardatatype`, `lovname`) VALUES ('rptis.land.actions.CalcBaseMarketValue.expr', 'rptis.land.actions.CalcBaseMarketValue', 'expr', '2', 'Computation', NULL, 'expression', NULL, NULL, NULL, NULL, NULL);
INSERT IGNORE INTO `sys_rule_actiondef_param` (`objid`, `parentid`, `name`, `sortorder`, `title`, `datatype`, `handler`, `lookuphandler`, `lookupkey`, `lookupvalue`, `vardatatype`, `lovname`) VALUES ('rptis.land.actions.CalcBaseMarketValue.landdetail', 'rptis.land.actions.CalcBaseMarketValue', 'landdetail', '1', 'Land Item Appraisal', NULL, 'var', NULL, NULL, NULL, 'rptis.land.facts.LandDetail', NULL);
INSERT IGNORE INTO `sys_rule_actiondef_param` (`objid`, `parentid`, `name`, `sortorder`, `title`, `datatype`, `handler`, `lookuphandler`, `lookupkey`, `lookupvalue`, `vardatatype`, `lovname`) VALUES ('rptis.land.actions.CalcMarketValue.expr', 'rptis.land.actions.CalcMarketValue', 'expr', '2', 'Computation', NULL, 'expression', NULL, NULL, NULL, NULL, NULL);
INSERT IGNORE INTO `sys_rule_actiondef_param` (`objid`, `parentid`, `name`, `sortorder`, `title`, `datatype`, `handler`, `lookuphandler`, `lookupkey`, `lookupvalue`, `vardatatype`, `lovname`) VALUES ('rptis.land.actions.CalcMarketValue.landdetail', 'rptis.land.actions.CalcMarketValue', 'landdetail', '1', 'Land Item Appraisal', NULL, 'var', NULL, NULL, NULL, 'rptis.land.facts.LandDetail', NULL);
INSERT IGNORE INTO `sys_rule_actiondef_param` (`objid`, `parentid`, `name`, `sortorder`, `title`, `datatype`, `handler`, `lookuphandler`, `lookupkey`, `lookupvalue`, `vardatatype`, `lovname`) VALUES ('rptis.land.actions.UpdateAdjustment.adjustment', 'rptis.land.actions.UpdateAdjustment', 'adjustment', '1', 'Adjustment', NULL, 'var', NULL, NULL, NULL, 'rptis.land.facts.LandAdjustment', NULL);
INSERT IGNORE INTO `sys_rule_actiondef_param` (`objid`, `parentid`, `name`, `sortorder`, `title`, `datatype`, `handler`, `lookuphandler`, `lookupkey`, `lookupvalue`, `vardatatype`, `lovname`) VALUES ('rptis.land.actions.UpdateAdjustment.expr', 'rptis.land.actions.UpdateAdjustment', 'expr', '2', 'Computation', NULL, 'expression', NULL, NULL, NULL, NULL, NULL);
INSERT IGNORE INTO `sys_rule_actiondef_param` (`objid`, `parentid`, `name`, `sortorder`, `title`, `datatype`, `handler`, `lookuphandler`, `lookupkey`, `lookupvalue`, `vardatatype`, `lovname`) VALUES ('rptis.land.actions.UpdateLandDetailActualUseAdj.expr', 'rptis.land.actions.UpdateLandDetailActualUseAdj', 'expr', '2', 'Computation', NULL, 'expression', NULL, NULL, NULL, NULL, NULL);
INSERT IGNORE INTO `sys_rule_actiondef_param` (`objid`, `parentid`, `name`, `sortorder`, `title`, `datatype`, `handler`, `lookuphandler`, `lookupkey`, `lookupvalue`, `vardatatype`, `lovname`) VALUES ('rptis.land.actions.UpdateLandDetailActualUseAdj.landdetail', 'rptis.land.actions.UpdateLandDetailActualUseAdj', 'landdetail', '1', 'Land Item Appraisal', NULL, 'var', NULL, NULL, NULL, 'rptis.land.facts.LandDetail', NULL);
INSERT IGNORE INTO `sys_rule_actiondef_param` (`objid`, `parentid`, `name`, `sortorder`, `title`, `datatype`, `handler`, `lookuphandler`, `lookupkey`, `lookupvalue`, `vardatatype`, `lovname`) VALUES ('rptis.land.actions.UpdateLandDetailAdjustment.expr', 'rptis.land.actions.UpdateLandDetailAdjustment', 'expr', '2', 'Computation', NULL, 'expression', NULL, NULL, NULL, NULL, NULL);
INSERT IGNORE INTO `sys_rule_actiondef_param` (`objid`, `parentid`, `name`, `sortorder`, `title`, `datatype`, `handler`, `lookuphandler`, `lookupkey`, `lookupvalue`, `vardatatype`, `lovname`) VALUES ('rptis.land.actions.UpdateLandDetailAdjustment.landdetail', 'rptis.land.actions.UpdateLandDetailAdjustment', 'landdetail', '1', 'Land Item Appraisal', NULL, 'var', NULL, NULL, NULL, 'rptis.land.facts.LandDetail', NULL);
INSERT IGNORE INTO `sys_rule_actiondef_param` (`objid`, `parentid`, `name`, `sortorder`, `title`, `datatype`, `handler`, `lookuphandler`, `lookupkey`, `lookupvalue`, `vardatatype`, `lovname`) VALUES ('rptis.land.actions.UpdateLandDetailValueAdjustment.expr', 'rptis.land.actions.UpdateLandDetailValueAdjustment', 'expr', '2', 'Computation', NULL, 'expression', NULL, NULL, NULL, NULL, NULL);
INSERT IGNORE INTO `sys_rule_actiondef_param` (`objid`, `parentid`, `name`, `sortorder`, `title`, `datatype`, `handler`, `lookuphandler`, `lookupkey`, `lookupvalue`, `vardatatype`, `lovname`) VALUES ('rptis.land.actions.UpdateLandDetailValueAdjustment.landdetail', 'rptis.land.actions.UpdateLandDetailValueAdjustment', 'landdetail', '1', 'Land Appraisal', NULL, 'var', NULL, NULL, NULL, 'rptis.land.facts.LandDetail', NULL);
INSERT IGNORE INTO `sys_rule_actiondef_param` (`objid`, `parentid`, `name`, `sortorder`, `title`, `datatype`, `handler`, `lookuphandler`, `lookupkey`, `lookupvalue`, `vardatatype`, `lovname`) VALUES ('rptis.mach.actions.AddAssessmentInfo.machuse', 'rptis.mach.actions.AddAssessmentInfo', 'machuse', '1', 'Machine Actual Use', NULL, 'var', NULL, NULL, NULL, 'rptis.mach.facts.MachineActualUse', NULL);
INSERT IGNORE INTO `sys_rule_actiondef_param` (`objid`, `parentid`, `name`, `sortorder`, `title`, `datatype`, `handler`, `lookuphandler`, `lookupkey`, `lookupvalue`, `vardatatype`, `lovname`) VALUES ('rptis.mach.actions.CalcMachineAssessLevel.machine', 'rptis.mach.actions.CalcMachineAssessLevel', 'machine', '2', 'Machine', NULL, 'var', NULL, NULL, NULL, 'rptis.mach.facts.MachineDetail', NULL);
INSERT IGNORE INTO `sys_rule_actiondef_param` (`objid`, `parentid`, `name`, `sortorder`, `title`, `datatype`, `handler`, `lookuphandler`, `lookupkey`, `lookupvalue`, `vardatatype`, `lovname`) VALUES ('rptis.mach.actions.CalcMachineAssessLevel.machuse', 'rptis.mach.actions.CalcMachineAssessLevel', 'machuse', '1', 'Machine Use', NULL, 'var', NULL, NULL, NULL, 'rptis.mach.facts.MachineActualUse', NULL);
INSERT IGNORE INTO `sys_rule_actiondef_param` (`objid`, `parentid`, `name`, `sortorder`, `title`, `datatype`, `handler`, `lookuphandler`, `lookupkey`, `lookupvalue`, `vardatatype`, `lovname`) VALUES ('rptis.mach.actions.CalcMachineAV.expr', 'rptis.mach.actions.CalcMachineAV', 'expr', '2', 'Computation', NULL, 'expression', NULL, NULL, NULL, NULL, NULL);
INSERT IGNORE INTO `sys_rule_actiondef_param` (`objid`, `parentid`, `name`, `sortorder`, `title`, `datatype`, `handler`, `lookuphandler`, `lookupkey`, `lookupvalue`, `vardatatype`, `lovname`) VALUES ('rptis.mach.actions.CalcMachineAV.machine', 'rptis.mach.actions.CalcMachineAV', 'machine', '1', 'Machinery', NULL, 'var', NULL, NULL, NULL, 'rptis.mach.facts.MachineDetail', NULL);
INSERT IGNORE INTO `sys_rule_actiondef_param` (`objid`, `parentid`, `name`, `sortorder`, `title`, `datatype`, `handler`, `lookuphandler`, `lookupkey`, `lookupvalue`, `vardatatype`, `lovname`) VALUES ('rptis.mach.actions.CalcMachineBMV.expr', 'rptis.mach.actions.CalcMachineBMV', 'expr', '2', 'Computation', NULL, 'expression', NULL, NULL, NULL, NULL, NULL);
INSERT IGNORE INTO `sys_rule_actiondef_param` (`objid`, `parentid`, `name`, `sortorder`, `title`, `datatype`, `handler`, `lookuphandler`, `lookupkey`, `lookupvalue`, `vardatatype`, `lovname`) VALUES ('rptis.mach.actions.CalcMachineBMV.machine', 'rptis.mach.actions.CalcMachineBMV', 'machine', '1', 'Machinery', NULL, 'var', NULL, NULL, NULL, 'rptis.mach.facts.MachineDetail', NULL);
INSERT IGNORE INTO `sys_rule_actiondef_param` (`objid`, `parentid`, `name`, `sortorder`, `title`, `datatype`, `handler`, `lookuphandler`, `lookupkey`, `lookupvalue`, `vardatatype`, `lovname`) VALUES ('rptis.mach.actions.CalcMachineDepreciation.expr', 'rptis.mach.actions.CalcMachineDepreciation', 'expr', '2', 'Computation', NULL, 'expression', NULL, NULL, NULL, NULL, NULL);
INSERT IGNORE INTO `sys_rule_actiondef_param` (`objid`, `parentid`, `name`, `sortorder`, `title`, `datatype`, `handler`, `lookuphandler`, `lookupkey`, `lookupvalue`, `vardatatype`, `lovname`) VALUES ('rptis.mach.actions.CalcMachineDepreciation.machine', 'rptis.mach.actions.CalcMachineDepreciation', 'machine', '1', 'Machinery', NULL, 'var', NULL, NULL, NULL, 'rptis.mach.facts.MachineDetail', NULL);
INSERT IGNORE INTO `sys_rule_actiondef_param` (`objid`, `parentid`, `name`, `sortorder`, `title`, `datatype`, `handler`, `lookuphandler`, `lookupkey`, `lookupvalue`, `vardatatype`, `lovname`) VALUES ('rptis.mach.actions.CalcMachineMV.expr', 'rptis.mach.actions.CalcMachineMV', 'expr', '2', 'Computation', NULL, 'expression', NULL, NULL, NULL, NULL, NULL);
INSERT IGNORE INTO `sys_rule_actiondef_param` (`objid`, `parentid`, `name`, `sortorder`, `title`, `datatype`, `handler`, `lookuphandler`, `lookupkey`, `lookupvalue`, `vardatatype`, `lovname`) VALUES ('rptis.mach.actions.CalcMachineMV.machine', 'rptis.mach.actions.CalcMachineMV', 'machine', '1', 'Machinery', NULL, 'var', NULL, NULL, NULL, 'rptis.mach.facts.MachineDetail', NULL);
INSERT IGNORE INTO `sys_rule_actiondef_param` (`objid`, `parentid`, `name`, `sortorder`, `title`, `datatype`, `handler`, `lookuphandler`, `lookupkey`, `lookupvalue`, `vardatatype`, `lovname`) VALUES ('rptis.mach.actions.CalcMachUseAssessLevel.machuse', 'rptis.mach.actions.CalcMachUseAssessLevel', 'machuse', '1', 'Machine Actual Use', NULL, 'var', NULL, NULL, NULL, 'rptis.mach.facts.MachineActualUse', NULL);
INSERT IGNORE INTO `sys_rule_actiondef_param` (`objid`, `parentid`, `name`, `sortorder`, `title`, `datatype`, `handler`, `lookuphandler`, `lookupkey`, `lookupvalue`, `vardatatype`, `lovname`) VALUES ('rptis.mach.actions.CalcMachUseAV.machuse', 'rptis.mach.actions.CalcMachUseAV', 'machuse', '1', 'Machine Actual Use', NULL, 'var', NULL, NULL, NULL, 'rptis.mach.facts.MachineActualUse', NULL);
INSERT IGNORE INTO `sys_rule_actiondef_param` (`objid`, `parentid`, `name`, `sortorder`, `title`, `datatype`, `handler`, `lookuphandler`, `lookupkey`, `lookupvalue`, `vardatatype`, `lovname`) VALUES ('rptis.misc.actions.CalcAssessValue.expr', 'rptis.misc.actions.CalcAssessValue', 'expr', '2', 'Computation', NULL, 'expression', NULL, NULL, NULL, NULL, NULL);
INSERT IGNORE INTO `sys_rule_actiondef_param` (`objid`, `parentid`, `name`, `sortorder`, `title`, `datatype`, `handler`, `lookuphandler`, `lookupkey`, `lookupvalue`, `vardatatype`, `lovname`) VALUES ('rptis.misc.actions.CalcAssessValue.miscitem', 'rptis.misc.actions.CalcAssessValue', 'miscitem', '1', 'Miscellaneous Item', NULL, 'var', NULL, NULL, NULL, 'rptis.misc.facts.MiscItem', NULL);
INSERT IGNORE INTO `sys_rule_actiondef_param` (`objid`, `parentid`, `name`, `sortorder`, `title`, `datatype`, `handler`, `lookuphandler`, `lookupkey`, `lookupvalue`, `vardatatype`, `lovname`) VALUES ('rptis.misc.actions.CalcBaseMarketValue.expr', 'rptis.misc.actions.CalcBaseMarketValue', 'expr', '2', 'Computation', NULL, 'expression', NULL, NULL, NULL, NULL, NULL);
INSERT IGNORE INTO `sys_rule_actiondef_param` (`objid`, `parentid`, `name`, `sortorder`, `title`, `datatype`, `handler`, `lookuphandler`, `lookupkey`, `lookupvalue`, `vardatatype`, `lovname`) VALUES ('rptis.misc.actions.CalcBaseMarketValue.miscitem', 'rptis.misc.actions.CalcBaseMarketValue', 'miscitem', '1', 'Miscellaneous Item', NULL, 'var', NULL, NULL, NULL, 'rptis.misc.facts.MiscItem', NULL);
INSERT IGNORE INTO `sys_rule_actiondef_param` (`objid`, `parentid`, `name`, `sortorder`, `title`, `datatype`, `handler`, `lookuphandler`, `lookupkey`, `lookupvalue`, `vardatatype`, `lovname`) VALUES ('rptis.misc.actions.CalcDepreciation.expr', 'rptis.misc.actions.CalcDepreciation', 'expr', '2', 'Computation', NULL, 'expression', NULL, NULL, NULL, NULL, NULL);
INSERT IGNORE INTO `sys_rule_actiondef_param` (`objid`, `parentid`, `name`, `sortorder`, `title`, `datatype`, `handler`, `lookuphandler`, `lookupkey`, `lookupvalue`, `vardatatype`, `lovname`) VALUES ('rptis.misc.actions.CalcDepreciation.miscitem', 'rptis.misc.actions.CalcDepreciation', 'miscitem', '1', 'Miscellaneous Item', NULL, 'var', NULL, NULL, NULL, 'rptis.misc.facts.MiscItem', NULL);
INSERT IGNORE INTO `sys_rule_actiondef_param` (`objid`, `parentid`, `name`, `sortorder`, `title`, `datatype`, `handler`, `lookuphandler`, `lookupkey`, `lookupvalue`, `vardatatype`, `lovname`) VALUES ('rptis.misc.actions.CalcMarketValue.expr', 'rptis.misc.actions.CalcMarketValue', 'expr', '2', 'Computation', NULL, 'expression', NULL, NULL, NULL, NULL, NULL);
INSERT IGNORE INTO `sys_rule_actiondef_param` (`objid`, `parentid`, `name`, `sortorder`, `title`, `datatype`, `handler`, `lookuphandler`, `lookupkey`, `lookupvalue`, `vardatatype`, `lovname`) VALUES ('rptis.misc.actions.CalcMarketValue.miscitem', 'rptis.misc.actions.CalcMarketValue', 'miscitem', '1', 'Miscelleneous Item', NULL, 'var', NULL, NULL, NULL, 'rptis.misc.facts.MiscItem', NULL);
INSERT IGNORE INTO `sys_rule_actiondef_param` (`objid`, `parentid`, `name`, `sortorder`, `title`, `datatype`, `handler`, `lookuphandler`, `lookupkey`, `lookupvalue`, `vardatatype`, `lovname`) VALUES ('rptis.misc.actions.CalcMiscRPUAssessLevel.expr', 'rptis.misc.actions.CalcMiscRPUAssessLevel', 'expr', '2', 'Computation', NULL, 'expression', NULL, NULL, NULL, NULL, NULL);
INSERT IGNORE INTO `sys_rule_actiondef_param` (`objid`, `parentid`, `name`, `sortorder`, `title`, `datatype`, `handler`, `lookuphandler`, `lookupkey`, `lookupvalue`, `vardatatype`, `lovname`) VALUES ('rptis.misc.actions.CalcMiscRPUAssessLevel.miscrpu', 'rptis.misc.actions.CalcMiscRPUAssessLevel', 'miscrpu', '1', 'Miscellaneous RPU', NULL, 'var', NULL, NULL, NULL, 'rptis.misc.facts.MiscRPU', NULL);
INSERT IGNORE INTO `sys_rule_actiondef_param` (`objid`, `parentid`, `name`, `sortorder`, `title`, `datatype`, `handler`, `lookuphandler`, `lookupkey`, `lookupvalue`, `vardatatype`, `lovname`) VALUES ('rptis.misc.actions.CalcMiscRPUAssessValue.expr', 'rptis.misc.actions.CalcMiscRPUAssessValue', 'expr', '2', 'Computation', NULL, 'expression', NULL, NULL, NULL, NULL, NULL);
INSERT IGNORE INTO `sys_rule_actiondef_param` (`objid`, `parentid`, `name`, `sortorder`, `title`, `datatype`, `handler`, `lookuphandler`, `lookupkey`, `lookupvalue`, `vardatatype`, `lovname`) VALUES ('rptis.misc.actions.CalcMiscRPUAssessValue.miscrpu', 'rptis.misc.actions.CalcMiscRPUAssessValue', 'miscrpu', '1', 'Miscellaneous RPU', NULL, 'var', NULL, NULL, NULL, 'rptis.misc.facts.MiscRPU', NULL);
INSERT IGNORE INTO `sys_rule_actiondef_param` (`objid`, `parentid`, `name`, `sortorder`, `title`, `datatype`, `handler`, `lookuphandler`, `lookupkey`, `lookupvalue`, `vardatatype`, `lovname`) VALUES ('rptis.misc.actions.CalcMiscRPUBaseMarketValue.expr', 'rptis.misc.actions.CalcMiscRPUBaseMarketValue', 'expr', '2', 'Computation', NULL, 'expression', NULL, NULL, NULL, NULL, NULL);
INSERT IGNORE INTO `sys_rule_actiondef_param` (`objid`, `parentid`, `name`, `sortorder`, `title`, `datatype`, `handler`, `lookuphandler`, `lookupkey`, `lookupvalue`, `vardatatype`, `lovname`) VALUES ('rptis.misc.actions.CalcMiscRPUBaseMarketValue.miscrpu', 'rptis.misc.actions.CalcMiscRPUBaseMarketValue', 'miscrpu', '1', 'Miscellaneous RPU', NULL, 'var', NULL, NULL, NULL, 'rptis.misc.facts.MiscRPU', NULL);
INSERT IGNORE INTO `sys_rule_actiondef_param` (`objid`, `parentid`, `name`, `sortorder`, `title`, `datatype`, `handler`, `lookuphandler`, `lookupkey`, `lookupvalue`, `vardatatype`, `lovname`) VALUES ('rptis.misc.actions.CalcMiscRPUMarketValue.expr', 'rptis.misc.actions.CalcMiscRPUMarketValue', 'expr', '2', 'Computation', NULL, 'expression', NULL, NULL, NULL, NULL, NULL);
INSERT IGNORE INTO `sys_rule_actiondef_param` (`objid`, `parentid`, `name`, `sortorder`, `title`, `datatype`, `handler`, `lookuphandler`, `lookupkey`, `lookupvalue`, `vardatatype`, `lovname`) VALUES ('rptis.misc.actions.CalcMiscRPUMarketValue.miscrpu', 'rptis.misc.actions.CalcMiscRPUMarketValue', 'miscrpu', '1', 'Miscellaneous RPU', NULL, 'var', NULL, NULL, NULL, 'rptis.misc.facts.MiscRPU', NULL);
INSERT IGNORE INTO `sys_rule_actiondef_param` (`objid`, `parentid`, `name`, `sortorder`, `title`, `datatype`, `handler`, `lookuphandler`, `lookupkey`, `lookupvalue`, `vardatatype`, `lovname`) VALUES ('rptis.planttree.actions.AddPlantTreeAssessmentInfo.planttreedetail', 'rptis.planttree.actions.AddPlantTreeAssessmentInfo', 'planttreedetail', '1', 'Plant/Tree', NULL, 'var', NULL, NULL, NULL, 'rptis.planttree.facts.PlantTreeDetail', NULL);
INSERT IGNORE INTO `sys_rule_actiondef_param` (`objid`, `parentid`, `name`, `sortorder`, `title`, `datatype`, `handler`, `lookuphandler`, `lookupkey`, `lookupvalue`, `vardatatype`, `lovname`) VALUES ('rptis.planttree.actions.CalcPlantTreeAdjustment.expr', 'rptis.planttree.actions.CalcPlantTreeAdjustment', 'expr', '2', 'Computation', NULL, 'expression', NULL, NULL, NULL, NULL, NULL);
INSERT IGNORE INTO `sys_rule_actiondef_param` (`objid`, `parentid`, `name`, `sortorder`, `title`, `datatype`, `handler`, `lookuphandler`, `lookupkey`, `lookupvalue`, `vardatatype`, `lovname`) VALUES ('rptis.planttree.actions.CalcPlantTreeAdjustment.planttreedetail', 'rptis.planttree.actions.CalcPlantTreeAdjustment', 'planttreedetail', '1', 'Plant/Tree Appraisal', NULL, 'var', NULL, NULL, NULL, 'rptis.planttree.facts.PlantTreeDetail', NULL);
INSERT IGNORE INTO `sys_rule_actiondef_param` (`objid`, `parentid`, `name`, `sortorder`, `title`, `datatype`, `handler`, `lookuphandler`, `lookupkey`, `lookupvalue`, `vardatatype`, `lovname`) VALUES ('rptis.planttree.actions.CalcPlantTreeAssessValue.expr', 'rptis.planttree.actions.CalcPlantTreeAssessValue', 'expr', '2', 'Computation', NULL, 'expression', NULL, NULL, NULL, NULL, NULL);
INSERT IGNORE INTO `sys_rule_actiondef_param` (`objid`, `parentid`, `name`, `sortorder`, `title`, `datatype`, `handler`, `lookuphandler`, `lookupkey`, `lookupvalue`, `vardatatype`, `lovname`) VALUES ('rptis.planttree.actions.CalcPlantTreeAssessValue.planttreedetail', 'rptis.planttree.actions.CalcPlantTreeAssessValue', 'planttreedetail', '1', 'Plant/Tree Appraisal', NULL, 'var', NULL, NULL, NULL, 'rptis.planttree.facts.PlantTreeDetail', NULL);
INSERT IGNORE INTO `sys_rule_actiondef_param` (`objid`, `parentid`, `name`, `sortorder`, `title`, `datatype`, `handler`, `lookuphandler`, `lookupkey`, `lookupvalue`, `vardatatype`, `lovname`) VALUES ('rptis.planttree.actions.CalcPlantTreeBMV.expr', 'rptis.planttree.actions.CalcPlantTreeBMV', 'expr', '2', 'Computation', NULL, 'expression', NULL, NULL, NULL, NULL, NULL);
INSERT IGNORE INTO `sys_rule_actiondef_param` (`objid`, `parentid`, `name`, `sortorder`, `title`, `datatype`, `handler`, `lookuphandler`, `lookupkey`, `lookupvalue`, `vardatatype`, `lovname`) VALUES ('rptis.planttree.actions.CalcPlantTreeBMV.planttreedetail', 'rptis.planttree.actions.CalcPlantTreeBMV', 'planttreedetail', '1', 'Plant/Tree Appraisal', NULL, 'var', NULL, NULL, NULL, 'rptis.planttree.facts.PlantTreeDetail', NULL);
INSERT IGNORE INTO `sys_rule_actiondef_param` (`objid`, `parentid`, `name`, `sortorder`, `title`, `datatype`, `handler`, `lookuphandler`, `lookupkey`, `lookupvalue`, `vardatatype`, `lovname`) VALUES ('rptis.planttree.actions.CalcPlantTreeMarketValue.expr', 'rptis.planttree.actions.CalcPlantTreeMarketValue', 'expr', '2', 'Computation', NULL, 'expression', NULL, NULL, NULL, NULL, NULL);
INSERT IGNORE INTO `sys_rule_actiondef_param` (`objid`, `parentid`, `name`, `sortorder`, `title`, `datatype`, `handler`, `lookuphandler`, `lookupkey`, `lookupvalue`, `vardatatype`, `lovname`) VALUES ('rptis.planttree.actions.CalcPlantTreeMarketValue.planttreedetail', 'rptis.planttree.actions.CalcPlantTreeMarketValue', 'planttreedetail', '1', 'Plant/Tree Appraisal', NULL, 'var', NULL, NULL, NULL, 'rptis.planttree.facts.PlantTreeDetail', NULL);

INSERT IGNORE INTO `sys_rule_action_param` (`objid`, `parentid`, `actiondefparam_objid`, `stringvalue`, `booleanvalue`, `var_objid`, `var_name`, `expr`, `exprtype`, `pos`, `obj_key`, `obj_value`, `listvalue`, `lov`, `rangeoption`) VALUES ('RAP-15f7fe9f:15cf6ec9fa5:-7fbd', 'RA-15f7fe9f:15cf6ec9fa5:-7fbf', 'rptis.land.actions.CalcAssessValue.landdetail', NULL, NULL, 'RC-15f7fe9f:15cf6ec9fa5:-7fc3', 'LA', NULL, NULL, NULL, NULL, NULL, NULL, NULL, NULL);
INSERT IGNORE INTO `sys_rule_action_param` (`objid`, `parentid`, `actiondefparam_objid`, `stringvalue`, `booleanvalue`, `var_objid`, `var_name`, `expr`, `exprtype`, `pos`, `obj_key`, `obj_value`, `listvalue`, `lov`, `rangeoption`) VALUES ('RAP-15f7fe9f:15cf6ec9fa5:-7fbe', 'RA-15f7fe9f:15cf6ec9fa5:-7fbf', 'rptis.land.actions.CalcAssessValue.expr', NULL, NULL, NULL, NULL, '@ROUNDTOTEN( MV * AL / 100.0 )', 'expression', NULL, NULL, NULL, NULL, NULL, NULL);
INSERT IGNORE INTO `sys_rule_action_param` (`objid`, `parentid`, `actiondefparam_objid`, `stringvalue`, `booleanvalue`, `var_objid`, `var_name`, `expr`, `exprtype`, `pos`, `obj_key`, `obj_value`, `listvalue`, `lov`, `rangeoption`) VALUES ('RAP48ce1e31:16b4f267a90:6375', 'RA48ce1e31:16b4f267a90:6374', 'ACTPARAM1441128c:1471efa4c1c:-698e', NULL, NULL, 'RC48ce1e31:16b4f267a90:636f', 'BA', NULL, NULL, NULL, NULL, NULL, NULL, NULL, NULL);
INSERT IGNORE INTO `sys_rule_action_param` (`objid`, `parentid`, `actiondefparam_objid`, `stringvalue`, `booleanvalue`, `var_objid`, `var_name`, `expr`, `exprtype`, `pos`, `obj_key`, `obj_value`, `listvalue`, `lov`, `rangeoption`) VALUES ('RAP48ce1e31:16b4f267a90:6376', 'RA48ce1e31:16b4f267a90:6374', 'ACTPARAM1441128c:1471efa4c1c:-6969', NULL, NULL, NULL, NULL, '@ROUNDTOTEN( MV * AL  / 100.0 )', 'expression', NULL, NULL, NULL, NULL, NULL, NULL);
INSERT IGNORE INTO `sys_rule_action_param` (`objid`, `parentid`, `actiondefparam_objid`, `stringvalue`, `booleanvalue`, `var_objid`, `var_name`, `expr`, `exprtype`, `pos`, `obj_key`, `obj_value`, `listvalue`, `lov`, `rangeoption`) VALUES ('RULACT-103fed47:146ffb40356:-7c4f', 'RACT-103fed47:146ffb40356:-7c51', 'rptis.bldg.actions.CalcBldgAge.expr', NULL, NULL, NULL, NULL, 'YRAPPRAISED - YRCOMPLETED', 'expression', NULL, NULL, NULL, NULL, NULL, NULL);
INSERT IGNORE INTO `sys_rule_action_param` (`objid`, `parentid`, `actiondefparam_objid`, `stringvalue`, `booleanvalue`, `var_objid`, `var_name`, `expr`, `exprtype`, `pos`, `obj_key`, `obj_value`, `listvalue`, `lov`, `rangeoption`) VALUES ('RULACT-103fed47:146ffb40356:-7c50', 'RACT-103fed47:146ffb40356:-7c51', 'rptis.bldg.actions.CalcBldgAge.rpu', NULL, NULL, 'RCOND-103fed47:146ffb40356:-7d40', 'RPU', NULL, NULL, NULL, NULL, NULL, NULL, NULL, NULL);
INSERT IGNORE INTO `sys_rule_action_param` (`objid`, `parentid`, `actiondefparam_objid`, `stringvalue`, `booleanvalue`, `var_objid`, `var_name`, `expr`, `exprtype`, `pos`, `obj_key`, `obj_value`, `listvalue`, `lov`, `rangeoption`) VALUES ('RULACT-2486b0ca:146fff66c3e:-2adc', 'RACT-2486b0ca:146fff66c3e:-2ade', 'rptis.bldg.actions.CalcBldgUseMV.expr', NULL, NULL, NULL, NULL, '@ROUNDTOTEN( BMV + ADJ - DEP  )', 'expression', NULL, NULL, NULL, NULL, NULL, NULL);
INSERT IGNORE INTO `sys_rule_action_param` (`objid`, `parentid`, `actiondefparam_objid`, `stringvalue`, `booleanvalue`, `var_objid`, `var_name`, `expr`, `exprtype`, `pos`, `obj_key`, `obj_value`, `listvalue`, `lov`, `rangeoption`) VALUES ('RULACT-2486b0ca:146fff66c3e:-2add', 'RACT-2486b0ca:146fff66c3e:-2ade', 'rptis.bldg.actions.CalcBldgUseMV.bldguse', NULL, NULL, 'RCOND-2486b0ca:146fff66c3e:-2bf1', 'BU', NULL, NULL, NULL, NULL, NULL, NULL, NULL, NULL);
INSERT IGNORE INTO `sys_rule_action_param` (`objid`, `parentid`, `actiondefparam_objid`, `stringvalue`, `booleanvalue`, `var_objid`, `var_name`, `expr`, `exprtype`, `pos`, `obj_key`, `obj_value`, `listvalue`, `lov`, `rangeoption`) VALUES ('RULACT-2486b0ca:146fff66c3e:-37a0', 'RACT-2486b0ca:146fff66c3e:-37a2', 'rptis.bldg.actions.CalcFloorMV.expr', NULL, NULL, NULL, NULL, '@ROUNDTOTEN( BMV + ADJ )', 'expression', NULL, NULL, NULL, NULL, NULL, NULL);
INSERT IGNORE INTO `sys_rule_action_param` (`objid`, `parentid`, `actiondefparam_objid`, `stringvalue`, `booleanvalue`, `var_objid`, `var_name`, `expr`, `exprtype`, `pos`, `obj_key`, `obj_value`, `listvalue`, `lov`, `rangeoption`) VALUES ('RULACT-2486b0ca:146fff66c3e:-37a1', 'RACT-2486b0ca:146fff66c3e:-37a2', 'rptis.bldg.actions.CalcFloorMV.bldgfloor', NULL, NULL, 'RCOND-2486b0ca:146fff66c3e:-3888', 'BF', NULL, NULL, NULL, NULL, NULL, NULL, NULL, NULL);
INSERT IGNORE INTO `sys_rule_action_param` (`objid`, `parentid`, `actiondefparam_objid`, `stringvalue`, `booleanvalue`, `var_objid`, `var_name`, `expr`, `exprtype`, `pos`, `obj_key`, `obj_value`, `listvalue`, `lov`, `rangeoption`) VALUES ('RULACT-2486b0ca:146fff66c3e:-3d30', 'RACT-2486b0ca:146fff66c3e:-3d32', 'rptis.bldg.actions.CalcBldgUseDepreciation.expr', NULL, NULL, NULL, NULL, '@ROUND( (BMV + ADJUSTMENT ) * DPRATE   / 100.0  , 2)', 'expression', NULL, NULL, NULL, NULL, NULL, NULL);
INSERT IGNORE INTO `sys_rule_action_param` (`objid`, `parentid`, `actiondefparam_objid`, `stringvalue`, `booleanvalue`, `var_objid`, `var_name`, `expr`, `exprtype`, `pos`, `obj_key`, `obj_value`, `listvalue`, `lov`, `rangeoption`) VALUES ('RULACT-2486b0ca:146fff66c3e:-3d31', 'RACT-2486b0ca:146fff66c3e:-3d32', 'rptis.bldg.actions.CalcBldgUseDepreciation.bldguse', NULL, NULL, 'RCOND-2486b0ca:146fff66c3e:-3ed1', 'BU', NULL, NULL, NULL, NULL, NULL, NULL, NULL, NULL);
INSERT IGNORE INTO `sys_rule_action_param` (`objid`, `parentid`, `actiondefparam_objid`, `stringvalue`, `booleanvalue`, `var_objid`, `var_name`, `expr`, `exprtype`, `pos`, `obj_key`, `obj_value`, `listvalue`, `lov`, `rangeoption`) VALUES ('RULACT-2486b0ca:146fff66c3e:-6a10', 'RACT-2486b0ca:146fff66c3e:-6a12', 'rptis.bldg.actions.CalcFloorBMV.expr', NULL, NULL, NULL, NULL, 'AREA * UV', 'expression', NULL, NULL, NULL, NULL, NULL, NULL);
INSERT IGNORE INTO `sys_rule_action_param` (`objid`, `parentid`, `actiondefparam_objid`, `stringvalue`, `booleanvalue`, `var_objid`, `var_name`, `expr`, `exprtype`, `pos`, `obj_key`, `obj_value`, `listvalue`, `lov`, `rangeoption`) VALUES ('RULACT-2486b0ca:146fff66c3e:-6a11', 'RACT-2486b0ca:146fff66c3e:-6a12', 'rptis.bldg.actions.CalcFloorBMV.bldgfloor', NULL, NULL, 'RCOND-2486b0ca:146fff66c3e:-6aad', 'BF', NULL, NULL, NULL, NULL, NULL, NULL, NULL, NULL);
INSERT IGNORE INTO `sys_rule_action_param` (`objid`, `parentid`, `actiondefparam_objid`, `stringvalue`, `booleanvalue`, `var_objid`, `var_name`, `expr`, `exprtype`, `pos`, `obj_key`, `obj_value`, `listvalue`, `lov`, `rangeoption`) VALUES ('RULACT-28dc975:156bcab666c:-5e3a', 'RACT-28dc975:156bcab666c:-5e3c', 'rptis.actions.CalcTotalRPUAssessValue.expr', NULL, NULL, NULL, NULL, '@ROUNDTOTEN( AV  )', 'expression', NULL, NULL, NULL, NULL, NULL, NULL);
INSERT IGNORE INTO `sys_rule_action_param` (`objid`, `parentid`, `actiondefparam_objid`, `stringvalue`, `booleanvalue`, `var_objid`, `var_name`, `expr`, `exprtype`, `pos`, `obj_key`, `obj_value`, `listvalue`, `lov`, `rangeoption`) VALUES ('RULACT-28dc975:156bcab666c:-5e3b', 'RACT-28dc975:156bcab666c:-5e3c', 'rptis.actions.CalcTotalRPUAssessValue.rpu', NULL, NULL, 'RCOND-28dc975:156bcab666c:-6051', 'RPU', NULL, NULL, NULL, NULL, NULL, NULL, NULL, NULL);
INSERT IGNORE INTO `sys_rule_action_param` (`objid`, `parentid`, `actiondefparam_objid`, `stringvalue`, `booleanvalue`, `var_objid`, `var_name`, `expr`, `exprtype`, `pos`, `obj_key`, `obj_value`, `listvalue`, `lov`, `rangeoption`) VALUES ('RULACT-46fca07e:14c545f3e6a:-32ce', 'RACT-46fca07e:14c545f3e6a:-32d0', 'rptis.bldg.actions.CalcFloorBMV.expr', NULL, NULL, NULL, NULL, '@ROUNDTOTEN( BMV)', 'expression', NULL, NULL, NULL, NULL, NULL, NULL);
INSERT IGNORE INTO `sys_rule_action_param` (`objid`, `parentid`, `actiondefparam_objid`, `stringvalue`, `booleanvalue`, `var_objid`, `var_name`, `expr`, `exprtype`, `pos`, `obj_key`, `obj_value`, `listvalue`, `lov`, `rangeoption`) VALUES ('RULACT-46fca07e:14c545f3e6a:-32cf', 'RACT-46fca07e:14c545f3e6a:-32d0', 'rptis.bldg.actions.CalcFloorBMV.bldgfloor', NULL, NULL, 'RCOND-46fca07e:14c545f3e6a:-3353', 'BF', NULL, NULL, NULL, NULL, NULL, NULL, NULL, NULL);
INSERT IGNORE INTO `sys_rule_action_param` (`objid`, `parentid`, `actiondefparam_objid`, `stringvalue`, `booleanvalue`, `var_objid`, `var_name`, `expr`, `exprtype`, `pos`, `obj_key`, `obj_value`, `listvalue`, `lov`, `rangeoption`) VALUES ('RULACT-46fca07e:14c545f3e6a:-3420', 'RACT-46fca07e:14c545f3e6a:-3422', 'rptis.bldg.actions.CalcBldgUseBMV.expr', NULL, NULL, NULL, NULL, '@ROUNDTOTEN(BMV)', 'expression', NULL, NULL, NULL, NULL, NULL, NULL);
INSERT IGNORE INTO `sys_rule_action_param` (`objid`, `parentid`, `actiondefparam_objid`, `stringvalue`, `booleanvalue`, `var_objid`, `var_name`, `expr`, `exprtype`, `pos`, `obj_key`, `obj_value`, `listvalue`, `lov`, `rangeoption`) VALUES ('RULACT-46fca07e:14c545f3e6a:-3421', 'RACT-46fca07e:14c545f3e6a:-3422', 'rptis.bldg.actions.CalcBldgUseBMV.bldguse', NULL, NULL, 'RCOND-46fca07e:14c545f3e6a:-34b0', 'BU', NULL, NULL, NULL, NULL, NULL, NULL, NULL, NULL);
INSERT IGNORE INTO `sys_rule_action_param` (`objid`, `parentid`, `actiondefparam_objid`, `stringvalue`, `booleanvalue`, `var_objid`, `var_name`, `expr`, `exprtype`, `pos`, `obj_key`, `obj_value`, `listvalue`, `lov`, `rangeoption`) VALUES ('RULACT-46fca07e:14c545f3e6a:-763b', 'RACT-46fca07e:14c545f3e6a:-763d', 'rptis.land.actions.CalcMarketValue.expr', NULL, NULL, NULL, NULL, ' BMV + ADJ', 'expression', NULL, NULL, NULL, NULL, NULL, NULL);
INSERT IGNORE INTO `sys_rule_action_param` (`objid`, `parentid`, `actiondefparam_objid`, `stringvalue`, `booleanvalue`, `var_objid`, `var_name`, `expr`, `exprtype`, `pos`, `obj_key`, `obj_value`, `listvalue`, `lov`, `rangeoption`) VALUES ('RULACT-46fca07e:14c545f3e6a:-763c', 'RACT-46fca07e:14c545f3e6a:-763d', 'rptis.land.actions.CalcMarketValue.landdetail', NULL, NULL, 'RCOND-46fca07e:14c545f3e6a:-7707', 'LA', NULL, NULL, NULL, NULL, NULL, NULL, NULL, NULL);
INSERT IGNORE INTO `sys_rule_action_param` (`objid`, `parentid`, `actiondefparam_objid`, `stringvalue`, `booleanvalue`, `var_objid`, `var_name`, `expr`, `exprtype`, `pos`, `obj_key`, `obj_value`, `listvalue`, `lov`, `rangeoption`) VALUES ('RULACT-46fca07e:14c545f3e6a:-77b8', 'RACT-46fca07e:14c545f3e6a:-77ba', 'rptis.land.actions.CalcBaseMarketValue.expr', NULL, NULL, NULL, NULL, '@ROUND( AREA * UV, 2)', 'expression', NULL, NULL, NULL, NULL, NULL, NULL);
INSERT IGNORE INTO `sys_rule_action_param` (`objid`, `parentid`, `actiondefparam_objid`, `stringvalue`, `booleanvalue`, `var_objid`, `var_name`, `expr`, `exprtype`, `pos`, `obj_key`, `obj_value`, `listvalue`, `lov`, `rangeoption`) VALUES ('RULACT-46fca07e:14c545f3e6a:-77b9', 'RACT-46fca07e:14c545f3e6a:-77ba', 'rptis.land.actions.CalcBaseMarketValue.landdetail', NULL, NULL, 'RCOND-46fca07e:14c545f3e6a:-786f', 'LA', NULL, NULL, NULL, NULL, NULL, NULL, NULL, NULL);
INSERT IGNORE INTO `sys_rule_action_param` (`objid`, `parentid`, `actiondefparam_objid`, `stringvalue`, `booleanvalue`, `var_objid`, `var_name`, `expr`, `exprtype`, `pos`, `obj_key`, `obj_value`, `listvalue`, `lov`, `rangeoption`) VALUES ('RULACT-4dd00f9d:1698f34b282:-7cb0', 'RACT-4dd00f9d:1698f34b282:-7d0c', 'rptis.actions.AddDeriveVariable.expr', NULL, NULL, NULL, NULL, 'AV', 'expression', NULL, NULL, NULL, NULL, NULL, NULL);
INSERT IGNORE INTO `sys_rule_action_param` (`objid`, `parentid`, `actiondefparam_objid`, `stringvalue`, `booleanvalue`, `var_objid`, `var_name`, `expr`, `exprtype`, `pos`, `obj_key`, `obj_value`, `listvalue`, `lov`, `rangeoption`) VALUES ('RULACT-4dd00f9d:1698f34b282:-7cd2', 'RACT-4dd00f9d:1698f34b282:-7d0c', 'rptis.actions.AddDeriveVariable.aggregatetype', NULL, NULL, NULL, NULL, NULL, NULL, NULL, NULL, NULL, NULL, 'sum', NULL);
INSERT IGNORE INTO `sys_rule_action_param` (`objid`, `parentid`, `actiondefparam_objid`, `stringvalue`, `booleanvalue`, `var_objid`, `var_name`, `expr`, `exprtype`, `pos`, `obj_key`, `obj_value`, `listvalue`, `lov`, `rangeoption`) VALUES ('RULACT-4dd00f9d:1698f34b282:-7cf1', 'RACT-4dd00f9d:1698f34b282:-7d0c', 'rptis.actions.AddDeriveVariable.var', NULL, NULL, NULL, NULL, NULL, NULL, NULL, 'TOTAL_AV', 'TOTAL_AV', NULL, NULL, NULL);
INSERT IGNORE INTO `sys_rule_action_param` (`objid`, `parentid`, `actiondefparam_objid`, `stringvalue`, `booleanvalue`, `var_objid`, `var_name`, `expr`, `exprtype`, `pos`, `obj_key`, `obj_value`, `listvalue`, `lov`, `rangeoption`) VALUES ('RULACT-5e76cf73:14d69e9c549:-6e11', 'RACT-5e76cf73:14d69e9c549:-6e13', 'rptis.land.actions.UpdateLandDetailValueAdjustment.expr', NULL, NULL, NULL, NULL, '@ROUND( LVADJ, 2)', 'expression', NULL, NULL, NULL, NULL, NULL, NULL);
INSERT IGNORE INTO `sys_rule_action_param` (`objid`, `parentid`, `actiondefparam_objid`, `stringvalue`, `booleanvalue`, `var_objid`, `var_name`, `expr`, `exprtype`, `pos`, `obj_key`, `obj_value`, `listvalue`, `lov`, `rangeoption`) VALUES ('RULACT-5e76cf73:14d69e9c549:-6e12', 'RACT-5e76cf73:14d69e9c549:-6e13', 'rptis.land.actions.UpdateLandDetailValueAdjustment.landdetail', NULL, NULL, 'RCOND-5e76cf73:14d69e9c549:-701c', 'LA', NULL, NULL, NULL, NULL, NULL, NULL, NULL, NULL);
INSERT IGNORE INTO `sys_rule_action_param` (`objid`, `parentid`, `actiondefparam_objid`, `stringvalue`, `booleanvalue`, `var_objid`, `var_name`, `expr`, `exprtype`, `pos`, `obj_key`, `obj_value`, `listvalue`, `lov`, `rangeoption`) VALUES ('RULACT-5e76cf73:14d69e9c549:-6e71', 'RACT-5e76cf73:14d69e9c549:-6e73', 'rptis.land.actions.UpdateLandDetailActualUseAdj.expr', NULL, NULL, NULL, NULL, '@ROUND( AUADJ, 2)', 'expression', NULL, NULL, NULL, NULL, NULL, NULL);
INSERT IGNORE INTO `sys_rule_action_param` (`objid`, `parentid`, `actiondefparam_objid`, `stringvalue`, `booleanvalue`, `var_objid`, `var_name`, `expr`, `exprtype`, `pos`, `obj_key`, `obj_value`, `listvalue`, `lov`, `rangeoption`) VALUES ('RULACT-5e76cf73:14d69e9c549:-6e72', 'RACT-5e76cf73:14d69e9c549:-6e73', 'rptis.land.actions.UpdateLandDetailActualUseAdj.landdetail', NULL, NULL, 'RCOND-5e76cf73:14d69e9c549:-701c', 'LA', NULL, NULL, NULL, NULL, NULL, NULL, NULL, NULL);
INSERT IGNORE INTO `sys_rule_action_param` (`objid`, `parentid`, `actiondefparam_objid`, `stringvalue`, `booleanvalue`, `var_objid`, `var_name`, `expr`, `exprtype`, `pos`, `obj_key`, `obj_value`, `listvalue`, `lov`, `rangeoption`) VALUES ('RULACT-5e76cf73:14d69e9c549:-6ecc', 'RACT-5e76cf73:14d69e9c549:-6ece', 'rptis.land.actions.UpdateLandDetailAdjustment.expr', NULL, NULL, NULL, NULL, '@ROUND( ADJ, 2)', 'expression', NULL, NULL, NULL, NULL, NULL, NULL);
INSERT IGNORE INTO `sys_rule_action_param` (`objid`, `parentid`, `actiondefparam_objid`, `stringvalue`, `booleanvalue`, `var_objid`, `var_name`, `expr`, `exprtype`, `pos`, `obj_key`, `obj_value`, `listvalue`, `lov`, `rangeoption`) VALUES ('RULACT-5e76cf73:14d69e9c549:-6ecd', 'RACT-5e76cf73:14d69e9c549:-6ece', 'rptis.land.actions.UpdateLandDetailAdjustment.landdetail', NULL, NULL, 'RCOND-5e76cf73:14d69e9c549:-701c', 'LA', NULL, NULL, NULL, NULL, NULL, NULL, NULL, NULL);
INSERT IGNORE INTO `sys_rule_action_param` (`objid`, `parentid`, `actiondefparam_objid`, `stringvalue`, `booleanvalue`, `var_objid`, `var_name`, `expr`, `exprtype`, `pos`, `obj_key`, `obj_value`, `listvalue`, `lov`, `rangeoption`) VALUES ('RULACT-5e76cf73:14d69e9c549:-7d12', 'RACT-5e76cf73:14d69e9c549:-7d14', 'rptis.land.actions.UpdateAdjustment.expr', NULL, NULL, NULL, NULL, '@ROUND( ADJAMOUNT, 2)', 'expression', NULL, NULL, NULL, NULL, NULL, NULL);
INSERT IGNORE INTO `sys_rule_action_param` (`objid`, `parentid`, `actiondefparam_objid`, `stringvalue`, `booleanvalue`, `var_objid`, `var_name`, `expr`, `exprtype`, `pos`, `obj_key`, `obj_value`, `listvalue`, `lov`, `rangeoption`) VALUES ('RULACT-5e76cf73:14d69e9c549:-7d13', 'RACT-5e76cf73:14d69e9c549:-7d14', 'rptis.land.actions.UpdateAdjustment.adjustment', NULL, NULL, 'RCOND-5e76cf73:14d69e9c549:-7e5d', 'ADJ', NULL, NULL, NULL, NULL, NULL, NULL, NULL, NULL);
INSERT IGNORE INTO `sys_rule_action_param` (`objid`, `parentid`, `actiondefparam_objid`, `stringvalue`, `booleanvalue`, `var_objid`, `var_name`, `expr`, `exprtype`, `pos`, `obj_key`, `obj_value`, `listvalue`, `lov`, `rangeoption`) VALUES ('RULACT-5f7d7056:164efef9fba:-6315', 'RACT-5f7d7056:164efef9fba:-6317', 'ACTPARAM-5f7d7056:164efef9fba:-7004', NULL, NULL, NULL, NULL, NULL, NULL, NULL, NULL, NULL, NULL, NULL, NULL);
INSERT IGNORE INTO `sys_rule_action_param` (`objid`, `parentid`, `actiondefparam_objid`, `stringvalue`, `booleanvalue`, `var_objid`, `var_name`, `expr`, `exprtype`, `pos`, `obj_key`, `obj_value`, `listvalue`, `lov`, `rangeoption`) VALUES ('RULACT-5f7d7056:164efef9fba:-6316', 'RACT-5f7d7056:164efef9fba:-6317', 'rptis.bldg.actions.CalcDepreciationFromSked.bldgstructure', NULL, NULL, 'RCOND-2486b0ca:146fff66c3e:-445d', 'BS', NULL, NULL, NULL, NULL, NULL, NULL, NULL, NULL);
INSERT IGNORE INTO `sys_rule_action_param` (`objid`, `parentid`, `actiondefparam_objid`, `stringvalue`, `booleanvalue`, `var_objid`, `var_name`, `expr`, `exprtype`, `pos`, `obj_key`, `obj_value`, `listvalue`, `lov`, `rangeoption`) VALUES ('RULACT-60c99d04:1470b276e7f:-7a50', 'RACT-60c99d04:1470b276e7f:-7a52', 'rptis.bldg.actions.CalcBldgUseBMV.expr', NULL, NULL, NULL, NULL, '@ROUND( BUAREA * BASEVALUE  )', 'expression', NULL, NULL, NULL, NULL, NULL, NULL);
INSERT IGNORE INTO `sys_rule_action_param` (`objid`, `parentid`, `actiondefparam_objid`, `stringvalue`, `booleanvalue`, `var_objid`, `var_name`, `expr`, `exprtype`, `pos`, `obj_key`, `obj_value`, `listvalue`, `lov`, `rangeoption`) VALUES ('RULACT-60c99d04:1470b276e7f:-7a51', 'RACT-60c99d04:1470b276e7f:-7a52', 'rptis.bldg.actions.CalcBldgUseBMV.bldguse', NULL, NULL, 'RCOND-60c99d04:1470b276e7f:-7dd3', 'BU', NULL, NULL, NULL, NULL, NULL, NULL, NULL, NULL);
INSERT IGNORE INTO `sys_rule_action_param` (`objid`, `parentid`, `actiondefparam_objid`, `stringvalue`, `booleanvalue`, `var_objid`, `var_name`, `expr`, `exprtype`, `pos`, `obj_key`, `obj_value`, `listvalue`, `lov`, `rangeoption`) VALUES ('RULACT-762e9176:15d067a9c42:-58a4', 'RACT-762e9176:15d067a9c42:-58a6', 'rptis.actions.CalcTotalRPUAssessValue.expr', NULL, NULL, NULL, NULL, '@ROUNDTOTEN( TOTALAV)', 'expression', NULL, NULL, NULL, NULL, NULL, NULL);
INSERT IGNORE INTO `sys_rule_action_param` (`objid`, `parentid`, `actiondefparam_objid`, `stringvalue`, `booleanvalue`, `var_objid`, `var_name`, `expr`, `exprtype`, `pos`, `obj_key`, `obj_value`, `listvalue`, `lov`, `rangeoption`) VALUES ('RULACT-762e9176:15d067a9c42:-58a5', 'RACT-762e9176:15d067a9c42:-58a6', 'rptis.actions.CalcTotalRPUAssessValue.rpu', NULL, NULL, 'RCOND-762e9176:15d067a9c42:-5928', 'RPU', NULL, NULL, NULL, NULL, NULL, NULL, NULL, NULL);
INSERT IGNORE INTO `sys_rule_action_param` (`objid`, `parentid`, `actiondefparam_objid`, `stringvalue`, `booleanvalue`, `var_objid`, `var_name`, `expr`, `exprtype`, `pos`, `obj_key`, `obj_value`, `listvalue`, `lov`, `rangeoption`) VALUES ('RULACT-79a9a347:15cfcae84de:-6d84', 'RACT-79a9a347:15cfcae84de:-6d86', 'rptis.actions.CalcTotalRPUAssessValue.expr', NULL, NULL, NULL, NULL, '@ROUNDTOTEN(AV );', 'expression', NULL, NULL, NULL, NULL, NULL, NULL);
INSERT IGNORE INTO `sys_rule_action_param` (`objid`, `parentid`, `actiondefparam_objid`, `stringvalue`, `booleanvalue`, `var_objid`, `var_name`, `expr`, `exprtype`, `pos`, `obj_key`, `obj_value`, `listvalue`, `lov`, `rangeoption`) VALUES ('RULACT-79a9a347:15cfcae84de:-6d85', 'RACT-79a9a347:15cfcae84de:-6d86', 'rptis.actions.CalcTotalRPUAssessValue.rpu', NULL, NULL, 'RCOND-79a9a347:15cfcae84de:-6ebc', 'RPU', NULL, NULL, NULL, NULL, NULL, NULL, NULL, NULL);
INSERT IGNORE INTO `sys_rule_action_param` (`objid`, `parentid`, `actiondefparam_objid`, `stringvalue`, `booleanvalue`, `var_objid`, `var_name`, `expr`, `exprtype`, `pos`, `obj_key`, `obj_value`, `listvalue`, `lov`, `rangeoption`) VALUES ('RULACT-79a9a347:15cfcae84de:1101', 'RACT-79a9a347:15cfcae84de:1100', 'rptis.planttree.actions.CalcPlantTreeAssessValue.planttreedetail', NULL, NULL, 'RCOND-79a9a347:15cfcae84de:fb4', 'PTD', NULL, NULL, NULL, NULL, NULL, NULL, NULL, NULL);
INSERT IGNORE INTO `sys_rule_action_param` (`objid`, `parentid`, `actiondefparam_objid`, `stringvalue`, `booleanvalue`, `var_objid`, `var_name`, `expr`, `exprtype`, `pos`, `obj_key`, `obj_value`, `listvalue`, `lov`, `rangeoption`) VALUES ('RULACT-79a9a347:15cfcae84de:1102', 'RACT-79a9a347:15cfcae84de:1100', 'rptis.planttree.actions.CalcPlantTreeAssessValue.expr', NULL, NULL, NULL, NULL, '@ROUNDTOTEN(MV * AL / 100.0);', 'expression', NULL, NULL, NULL, NULL, NULL, NULL);
INSERT IGNORE INTO `sys_rule_action_param` (`objid`, `parentid`, `actiondefparam_objid`, `stringvalue`, `booleanvalue`, `var_objid`, `var_name`, `expr`, `exprtype`, `pos`, `obj_key`, `obj_value`, `listvalue`, `lov`, `rangeoption`) VALUES ('RULACT-a35dd35:14e51ec3311:-5c19', 'RACT-a35dd35:14e51ec3311:-5c1b', 'rptis.misc.actions.CalcMiscRPUMarketValue.expr', NULL, NULL, NULL, NULL, 'SWORNAMT * (100 - DPRATE ) / 100.0', 'expression', NULL, NULL, NULL, NULL, NULL, NULL);
INSERT IGNORE INTO `sys_rule_action_param` (`objid`, `parentid`, `actiondefparam_objid`, `stringvalue`, `booleanvalue`, `var_objid`, `var_name`, `expr`, `exprtype`, `pos`, `obj_key`, `obj_value`, `listvalue`, `lov`, `rangeoption`) VALUES ('RULACT-a35dd35:14e51ec3311:-5c1a', 'RACT-a35dd35:14e51ec3311:-5c1b', 'rptis.misc.actions.CalcMiscRPUMarketValue.miscrpu', NULL, NULL, 'RCOND-a35dd35:14e51ec3311:-5d14', 'MRPU', NULL, NULL, NULL, NULL, NULL, NULL, NULL, NULL);
INSERT IGNORE INTO `sys_rule_action_param` (`objid`, `parentid`, `actiondefparam_objid`, `stringvalue`, `booleanvalue`, `var_objid`, `var_name`, `expr`, `exprtype`, `pos`, `obj_key`, `obj_value`, `listvalue`, `lov`, `rangeoption`) VALUES ('RULACT-a35dd35:14e51ec3311:-5c75', 'RACT-a35dd35:14e51ec3311:-5c77', 'rptis.misc.actions.CalcMiscRPUBaseMarketValue.expr', NULL, NULL, NULL, NULL, 'SWORNAMT * (100 - DPRATE ) / 100.0', 'expression', NULL, NULL, NULL, NULL, NULL, NULL);
INSERT IGNORE INTO `sys_rule_action_param` (`objid`, `parentid`, `actiondefparam_objid`, `stringvalue`, `booleanvalue`, `var_objid`, `var_name`, `expr`, `exprtype`, `pos`, `obj_key`, `obj_value`, `listvalue`, `lov`, `rangeoption`) VALUES ('RULACT-a35dd35:14e51ec3311:-5c76', 'RACT-a35dd35:14e51ec3311:-5c77', 'rptis.misc.actions.CalcMiscRPUBaseMarketValue.miscrpu', NULL, NULL, 'RCOND-a35dd35:14e51ec3311:-5d14', 'MRPU', NULL, NULL, NULL, NULL, NULL, NULL, NULL, NULL);
INSERT IGNORE INTO `sys_rule_action_param` (`objid`, `parentid`, `actiondefparam_objid`, `stringvalue`, `booleanvalue`, `var_objid`, `var_name`, `expr`, `exprtype`, `pos`, `obj_key`, `obj_value`, `listvalue`, `lov`, `rangeoption`) VALUES ('RULACT1441128c:1471efa4c1c:-6b96', 'RACT1441128c:1471efa4c1c:-6b97', 'rptis.bldg.actions.CalcAssessLevel.assessment', NULL, NULL, 'RCOND1441128c:1471efa4c1c:-6c2f', 'BA', NULL, NULL, NULL, NULL, NULL, NULL, NULL, NULL);
INSERT IGNORE INTO `sys_rule_action_param` (`objid`, `parentid`, `actiondefparam_objid`, `stringvalue`, `booleanvalue`, `var_objid`, `var_name`, `expr`, `exprtype`, `pos`, `obj_key`, `obj_value`, `listvalue`, `lov`, `rangeoption`) VALUES ('RULACT1441128c:1471efa4c1c:-6ce5', 'RACT1441128c:1471efa4c1c:-6ce7', 'rptis.bldg.actions.AddAssessmentInfo.actualuseid', NULL, NULL, 'RCONST1441128c:1471efa4c1c:-6d47', 'ACTUALUSE', NULL, NULL, NULL, NULL, NULL, NULL, NULL, NULL);
INSERT IGNORE INTO `sys_rule_action_param` (`objid`, `parentid`, `actiondefparam_objid`, `stringvalue`, `booleanvalue`, `var_objid`, `var_name`, `expr`, `exprtype`, `pos`, `obj_key`, `obj_value`, `listvalue`, `lov`, `rangeoption`) VALUES ('RULACT1441128c:1471efa4c1c:-6ce6', 'RACT1441128c:1471efa4c1c:-6ce7', 'rptis.bldg.actions.AddAssessmentInfo.bldguse', NULL, NULL, 'RCOND1441128c:1471efa4c1c:-6d84', 'BU', NULL, NULL, NULL, NULL, NULL, NULL, NULL, NULL);
INSERT IGNORE INTO `sys_rule_action_param` (`objid`, `parentid`, `actiondefparam_objid`, `stringvalue`, `booleanvalue`, `var_objid`, `var_name`, `expr`, `exprtype`, `pos`, `obj_key`, `obj_value`, `listvalue`, `lov`, `rangeoption`) VALUES ('RULACT1b4af871:14e3cc46e09:-2eed', 'RACT1b4af871:14e3cc46e09:-2ef1', 'ACTPARAM1b4af871:14e3cc46e09:-33b8', NULL, NULL, NULL, NULL, 'MV', 'expression', NULL, NULL, NULL, NULL, NULL, NULL);
INSERT IGNORE INTO `sys_rule_action_param` (`objid`, `parentid`, `actiondefparam_objid`, `stringvalue`, `booleanvalue`, `var_objid`, `var_name`, `expr`, `exprtype`, `pos`, `obj_key`, `obj_value`, `listvalue`, `lov`, `rangeoption`) VALUES ('RULACT1b4af871:14e3cc46e09:-2eee', 'RACT1b4af871:14e3cc46e09:-2ef1', 'ACTPARAM1b4af871:14e3cc46e09:-341d', NULL, NULL, NULL, NULL, NULL, NULL, NULL, NULL, NULL, NULL, 'sum', NULL);
INSERT IGNORE INTO `sys_rule_action_param` (`objid`, `parentid`, `actiondefparam_objid`, `stringvalue`, `booleanvalue`, `var_objid`, `var_name`, `expr`, `exprtype`, `pos`, `obj_key`, `obj_value`, `listvalue`, `lov`, `rangeoption`) VALUES ('RULACT1b4af871:14e3cc46e09:-2eef', 'RACT1b4af871:14e3cc46e09:-2ef1', 'ACTPARAM1b4af871:14e3cc46e09:-342a', NULL, NULL, NULL, NULL, NULL, NULL, NULL, 'TOTAL_MV', 'TOTAL_MV', NULL, NULL, NULL);
INSERT IGNORE INTO `sys_rule_action_param` (`objid`, `parentid`, `actiondefparam_objid`, `stringvalue`, `booleanvalue`, `var_objid`, `var_name`, `expr`, `exprtype`, `pos`, `obj_key`, `obj_value`, `listvalue`, `lov`, `rangeoption`) VALUES ('RULACT1b4af871:14e3cc46e09:-2ef0', 'RACT1b4af871:14e3cc46e09:-2ef1', 'ACTPARAM1b4af871:14e3cc46e09:-343a', NULL, NULL, 'RCONST49a3c540:14e51feb8f6:-67ae', 'REFID', NULL, NULL, NULL, NULL, NULL, NULL, NULL, NULL);
INSERT IGNORE INTO `sys_rule_action_param` (`objid`, `parentid`, `actiondefparam_objid`, `stringvalue`, `booleanvalue`, `var_objid`, `var_name`, `expr`, `exprtype`, `pos`, `obj_key`, `obj_value`, `listvalue`, `lov`, `rangeoption`) VALUES ('RULACT1b4af871:14e3cc46e09:-318d', 'RACT1b4af871:14e3cc46e09:-3191', 'ACTPARAM1b4af871:14e3cc46e09:-33b8', NULL, NULL, NULL, NULL, 'BMV', 'expression', NULL, NULL, NULL, NULL, NULL, NULL);
INSERT IGNORE INTO `sys_rule_action_param` (`objid`, `parentid`, `actiondefparam_objid`, `stringvalue`, `booleanvalue`, `var_objid`, `var_name`, `expr`, `exprtype`, `pos`, `obj_key`, `obj_value`, `listvalue`, `lov`, `rangeoption`) VALUES ('RULACT1b4af871:14e3cc46e09:-318e', 'RACT1b4af871:14e3cc46e09:-3191', 'ACTPARAM1b4af871:14e3cc46e09:-341d', NULL, NULL, NULL, NULL, NULL, NULL, NULL, NULL, NULL, NULL, 'sum', NULL);
INSERT IGNORE INTO `sys_rule_action_param` (`objid`, `parentid`, `actiondefparam_objid`, `stringvalue`, `booleanvalue`, `var_objid`, `var_name`, `expr`, `exprtype`, `pos`, `obj_key`, `obj_value`, `listvalue`, `lov`, `rangeoption`) VALUES ('RULACT1b4af871:14e3cc46e09:-318f', 'RACT1b4af871:14e3cc46e09:-3191', 'ACTPARAM1b4af871:14e3cc46e09:-342a', NULL, NULL, NULL, NULL, NULL, NULL, NULL, 'TOTAL_BMV', 'TOTAL_BMV', NULL, NULL, NULL);
INSERT IGNORE INTO `sys_rule_action_param` (`objid`, `parentid`, `actiondefparam_objid`, `stringvalue`, `booleanvalue`, `var_objid`, `var_name`, `expr`, `exprtype`, `pos`, `obj_key`, `obj_value`, `listvalue`, `lov`, `rangeoption`) VALUES ('RULACT1b4af871:14e3cc46e09:-3190', 'RACT1b4af871:14e3cc46e09:-3191', 'ACTPARAM1b4af871:14e3cc46e09:-343a', NULL, NULL, 'RCONST49a3c540:14e51feb8f6:-6bc7', 'REFID', NULL, NULL, NULL, NULL, NULL, NULL, NULL, NULL);
INSERT IGNORE INTO `sys_rule_action_param` (`objid`, `parentid`, `actiondefparam_objid`, `stringvalue`, `booleanvalue`, `var_objid`, `var_name`, `expr`, `exprtype`, `pos`, `obj_key`, `obj_value`, `listvalue`, `lov`, `rangeoption`) VALUES ('RULACT3b800abe:14d2b978f55:-60fc', 'RACT3b800abe:14d2b978f55:-60fe', 'rptis.bldg.actions.CalcBldgUseMV.expr', NULL, NULL, NULL, NULL, '@ROUNDTOTEN(MV)', 'expression', NULL, NULL, NULL, NULL, NULL, NULL);
INSERT IGNORE INTO `sys_rule_action_param` (`objid`, `parentid`, `actiondefparam_objid`, `stringvalue`, `booleanvalue`, `var_objid`, `var_name`, `expr`, `exprtype`, `pos`, `obj_key`, `obj_value`, `listvalue`, `lov`, `rangeoption`) VALUES ('RULACT3b800abe:14d2b978f55:-60fd', 'RACT3b800abe:14d2b978f55:-60fe', 'rptis.bldg.actions.CalcBldgUseMV.bldguse', NULL, NULL, 'RCOND3b800abe:14d2b978f55:-6196', 'BU', NULL, NULL, NULL, NULL, NULL, NULL, NULL, NULL);
INSERT IGNORE INTO `sys_rule_action_param` (`objid`, `parentid`, `actiondefparam_objid`, `stringvalue`, `booleanvalue`, `var_objid`, `var_name`, `expr`, `exprtype`, `pos`, `obj_key`, `obj_value`, `listvalue`, `lov`, `rangeoption`) VALUES ('RULACT3b800abe:14d2b978f55:-627b', 'RACT3b800abe:14d2b978f55:-627d', 'rptis.bldg.actions.CalcFloorMV.expr', NULL, NULL, NULL, NULL, '@ROUNDTOTEN( MV )', 'expression', NULL, NULL, NULL, NULL, NULL, NULL);
INSERT IGNORE INTO `sys_rule_action_param` (`objid`, `parentid`, `actiondefparam_objid`, `stringvalue`, `booleanvalue`, `var_objid`, `var_name`, `expr`, `exprtype`, `pos`, `obj_key`, `obj_value`, `listvalue`, `lov`, `rangeoption`) VALUES ('RULACT3b800abe:14d2b978f55:-627c', 'RACT3b800abe:14d2b978f55:-627d', 'rptis.bldg.actions.CalcFloorMV.bldgfloor', NULL, NULL, 'RCOND3b800abe:14d2b978f55:-6339', 'BF', NULL, NULL, NULL, NULL, NULL, NULL, NULL, NULL);
INSERT IGNORE INTO `sys_rule_action_param` (`objid`, `parentid`, `actiondefparam_objid`, `stringvalue`, `booleanvalue`, `var_objid`, `var_name`, `expr`, `exprtype`, `pos`, `obj_key`, `obj_value`, `listvalue`, `lov`, `rangeoption`) VALUES ('RULACT3b800abe:14d2b978f55:-7c62', 'RACT3b800abe:14d2b978f55:-7c65', 'ACTPARAM-2486b0ca:146fff66c3e:-7204', NULL, NULL, NULL, NULL, '@ROUND(ADJAMOUNT, 2)', 'expression', NULL, NULL, NULL, NULL, NULL, NULL);
INSERT IGNORE INTO `sys_rule_action_param` (`objid`, `parentid`, `actiondefparam_objid`, `stringvalue`, `booleanvalue`, `var_objid`, `var_name`, `expr`, `exprtype`, `pos`, `obj_key`, `obj_value`, `listvalue`, `lov`, `rangeoption`) VALUES ('RULACT3b800abe:14d2b978f55:-7c63', 'RACT3b800abe:14d2b978f55:-7c65', 'ACTPARAM102ab3e1:147190e9fe4:-f75', NULL, NULL, NULL, NULL, NULL, NULL, NULL, NULL, NULL, NULL, NULL, NULL);
INSERT IGNORE INTO `sys_rule_action_param` (`objid`, `parentid`, `actiondefparam_objid`, `stringvalue`, `booleanvalue`, `var_objid`, `var_name`, `expr`, `exprtype`, `pos`, `obj_key`, `obj_value`, `listvalue`, `lov`, `rangeoption`) VALUES ('RULACT3b800abe:14d2b978f55:-7c64', 'RACT3b800abe:14d2b978f55:-7c65', 'ACTPARAM-2486b0ca:146fff66c3e:-7224', NULL, NULL, 'RCOND3b800abe:14d2b978f55:-7d69', 'ADJ', NULL, NULL, NULL, NULL, NULL, NULL, NULL, NULL);
INSERT IGNORE INTO `sys_rule_action_param` (`objid`, `parentid`, `actiondefparam_objid`, `stringvalue`, `booleanvalue`, `var_objid`, `var_name`, `expr`, `exprtype`, `pos`, `obj_key`, `obj_value`, `listvalue`, `lov`, `rangeoption`) VALUES ('RULACT3fb43b91:14ccf782188:-5ed1', 'RACT3fb43b91:14ccf782188:-5ed3', 'rptis.planttree.actions.CalcPlantTreeAdjustment.expr', NULL, NULL, NULL, NULL, '@ROUND( BMV * ADJRATE / 100.0, 0)', 'expression', NULL, NULL, NULL, NULL, NULL, NULL);
INSERT IGNORE INTO `sys_rule_action_param` (`objid`, `parentid`, `actiondefparam_objid`, `stringvalue`, `booleanvalue`, `var_objid`, `var_name`, `expr`, `exprtype`, `pos`, `obj_key`, `obj_value`, `listvalue`, `lov`, `rangeoption`) VALUES ('RULACT3fb43b91:14ccf782188:-5ed2', 'RACT3fb43b91:14ccf782188:-5ed3', 'rptis.planttree.actions.CalcPlantTreeAdjustment.planttreedetail', NULL, NULL, 'RCOND3fb43b91:14ccf782188:-5fd2', 'PTD', NULL, NULL, NULL, NULL, NULL, NULL, NULL, NULL);
INSERT IGNORE INTO `sys_rule_action_param` (`objid`, `parentid`, `actiondefparam_objid`, `stringvalue`, `booleanvalue`, `var_objid`, `var_name`, `expr`, `exprtype`, `pos`, `obj_key`, `obj_value`, `listvalue`, `lov`, `rangeoption`) VALUES ('RULACT40fb8c21:16b4f90f5b4:-784f', 'RACT40fb8c21:16b4f90f5b4:-786f', 'rptis.actions.CalcRPUAssessValue.expr', NULL, NULL, NULL, NULL, '@ROUNDTOTEN(AV)', 'expression', NULL, NULL, NULL, NULL, NULL, NULL);
INSERT IGNORE INTO `sys_rule_action_param` (`objid`, `parentid`, `actiondefparam_objid`, `stringvalue`, `booleanvalue`, `var_objid`, `var_name`, `expr`, `exprtype`, `pos`, `obj_key`, `obj_value`, `listvalue`, `lov`, `rangeoption`) VALUES ('RULACT40fb8c21:16b4f90f5b4:-7862', 'RACT40fb8c21:16b4f90f5b4:-786f', 'rptis.actions.CalcRPUAssessValue.rpuassessment', NULL, NULL, 'RCOND40fb8c21:16b4f90f5b4:-7972', 'RA', NULL, NULL, NULL, NULL, NULL, NULL, NULL, NULL);
INSERT IGNORE INTO `sys_rule_action_param` (`objid`, `parentid`, `actiondefparam_objid`, `stringvalue`, `booleanvalue`, `var_objid`, `var_name`, `expr`, `exprtype`, `pos`, `obj_key`, `obj_value`, `listvalue`, `lov`, `rangeoption`) VALUES ('RULACT44f3353a:1698b4368e8:-7345', 'RACT44f3353a:1698b4368e8:-73a7', 'rptis.actions.AddDeriveVariable.expr', NULL, NULL, NULL, NULL, 'BMV', 'expression', NULL, NULL, NULL, NULL, NULL, NULL);
INSERT IGNORE INTO `sys_rule_action_param` (`objid`, `parentid`, `actiondefparam_objid`, `stringvalue`, `booleanvalue`, `var_objid`, `var_name`, `expr`, `exprtype`, `pos`, `obj_key`, `obj_value`, `listvalue`, `lov`, `rangeoption`) VALUES ('RULACT44f3353a:1698b4368e8:-7367', 'RACT44f3353a:1698b4368e8:-73a7', 'rptis.actions.AddDeriveVariable.aggregatetype', NULL, NULL, NULL, NULL, NULL, NULL, NULL, NULL, NULL, NULL, 'sum', NULL);
INSERT IGNORE INTO `sys_rule_action_param` (`objid`, `parentid`, `actiondefparam_objid`, `stringvalue`, `booleanvalue`, `var_objid`, `var_name`, `expr`, `exprtype`, `pos`, `obj_key`, `obj_value`, `listvalue`, `lov`, `rangeoption`) VALUES ('RULACT44f3353a:1698b4368e8:-738c', 'RACT44f3353a:1698b4368e8:-73a7', 'rptis.actions.AddDeriveVariable.var', NULL, NULL, NULL, NULL, NULL, NULL, NULL, 'TOTAL_BMV', 'TOTAL_BMV', NULL, NULL, NULL);
INSERT IGNORE INTO `sys_rule_action_param` (`objid`, `parentid`, `actiondefparam_objid`, `stringvalue`, `booleanvalue`, `var_objid`, `var_name`, `expr`, `exprtype`, `pos`, `obj_key`, `obj_value`, `listvalue`, `lov`, `rangeoption`) VALUES ('RULACT44f3353a:1698b4368e8:-748e', 'RACT44f3353a:1698b4368e8:-74f7', 'rptis.actions.AddDeriveVariable.expr', NULL, NULL, NULL, NULL, 'MV', 'expression', NULL, NULL, NULL, NULL, NULL, NULL);
INSERT IGNORE INTO `sys_rule_action_param` (`objid`, `parentid`, `actiondefparam_objid`, `stringvalue`, `booleanvalue`, `var_objid`, `var_name`, `expr`, `exprtype`, `pos`, `obj_key`, `obj_value`, `listvalue`, `lov`, `rangeoption`) VALUES ('RULACT44f3353a:1698b4368e8:-74b6', 'RACT44f3353a:1698b4368e8:-74f7', 'rptis.actions.AddDeriveVariable.aggregatetype', NULL, NULL, NULL, NULL, NULL, NULL, NULL, NULL, NULL, NULL, 'sum', NULL);
INSERT IGNORE INTO `sys_rule_action_param` (`objid`, `parentid`, `actiondefparam_objid`, `stringvalue`, `booleanvalue`, `var_objid`, `var_name`, `expr`, `exprtype`, `pos`, `obj_key`, `obj_value`, `listvalue`, `lov`, `rangeoption`) VALUES ('RULACT44f3353a:1698b4368e8:-74db', 'RACT44f3353a:1698b4368e8:-74f7', 'rptis.actions.AddDeriveVariable.var', NULL, NULL, NULL, NULL, NULL, NULL, NULL, 'TOTAL_MV', 'TOTAL_MV', NULL, NULL, NULL);
INSERT IGNORE INTO `sys_rule_action_param` (`objid`, `parentid`, `actiondefparam_objid`, `stringvalue`, `booleanvalue`, `var_objid`, `var_name`, `expr`, `exprtype`, `pos`, `obj_key`, `obj_value`, `listvalue`, `lov`, `rangeoption`) VALUES ('RULACT49a3c540:14e51feb8f6:-75aa', 'RACT49a3c540:14e51feb8f6:-75ac', 'rptis.misc.actions.CalcMiscRPUMarketValue.expr', NULL, NULL, NULL, NULL, 'TOTALMV', 'expression', NULL, NULL, NULL, NULL, NULL, NULL);
INSERT IGNORE INTO `sys_rule_action_param` (`objid`, `parentid`, `actiondefparam_objid`, `stringvalue`, `booleanvalue`, `var_objid`, `var_name`, `expr`, `exprtype`, `pos`, `obj_key`, `obj_value`, `listvalue`, `lov`, `rangeoption`) VALUES ('RULACT49a3c540:14e51feb8f6:-75ab', 'RACT49a3c540:14e51feb8f6:-75ac', 'rptis.misc.actions.CalcMiscRPUMarketValue.miscrpu', NULL, NULL, 'RCOND49a3c540:14e51feb8f6:-779a', 'MRPU', NULL, NULL, NULL, NULL, NULL, NULL, NULL, NULL);
INSERT IGNORE INTO `sys_rule_action_param` (`objid`, `parentid`, `actiondefparam_objid`, `stringvalue`, `booleanvalue`, `var_objid`, `var_name`, `expr`, `exprtype`, `pos`, `obj_key`, `obj_value`, `listvalue`, `lov`, `rangeoption`) VALUES ('RULACT49a3c540:14e51feb8f6:-760e', 'RACT49a3c540:14e51feb8f6:-7610', 'rptis.misc.actions.CalcMiscRPUBaseMarketValue.expr', NULL, NULL, NULL, NULL, 'TOTALBMV', 'expression', NULL, NULL, NULL, NULL, NULL, NULL);
INSERT IGNORE INTO `sys_rule_action_param` (`objid`, `parentid`, `actiondefparam_objid`, `stringvalue`, `booleanvalue`, `var_objid`, `var_name`, `expr`, `exprtype`, `pos`, `obj_key`, `obj_value`, `listvalue`, `lov`, `rangeoption`) VALUES ('RULACT49a3c540:14e51feb8f6:-760f', 'RACT49a3c540:14e51feb8f6:-7610', 'rptis.misc.actions.CalcMiscRPUBaseMarketValue.miscrpu', NULL, NULL, 'RCOND49a3c540:14e51feb8f6:-779a', 'MRPU', NULL, NULL, NULL, NULL, NULL, NULL, NULL, NULL);
INSERT IGNORE INTO `sys_rule_action_param` (`objid`, `parentid`, `actiondefparam_objid`, `stringvalue`, `booleanvalue`, `var_objid`, `var_name`, `expr`, `exprtype`, `pos`, `obj_key`, `obj_value`, `listvalue`, `lov`, `rangeoption`) VALUES ('RULACT4e46261d:14f924c6b53:-7b47', 'RACT4e46261d:14f924c6b53:-7b49', 'rptis.bldg.actions.CalcBldgUseDepreciation.expr', NULL, NULL, NULL, NULL, '@ROUND( (SWORNAMT + ADJUSTMENT)  * DPRATE / 100.0, 2)', 'expression', NULL, NULL, NULL, NULL, NULL, NULL);
INSERT IGNORE INTO `sys_rule_action_param` (`objid`, `parentid`, `actiondefparam_objid`, `stringvalue`, `booleanvalue`, `var_objid`, `var_name`, `expr`, `exprtype`, `pos`, `obj_key`, `obj_value`, `listvalue`, `lov`, `rangeoption`) VALUES ('RULACT4e46261d:14f924c6b53:-7b48', 'RACT4e46261d:14f924c6b53:-7b49', 'rptis.bldg.actions.CalcBldgUseDepreciation.bldguse', NULL, NULL, 'RCOND4e46261d:14f924c6b53:-7c57', 'BU', NULL, NULL, NULL, NULL, NULL, NULL, NULL, NULL);
INSERT IGNORE INTO `sys_rule_action_param` (`objid`, `parentid`, `actiondefparam_objid`, `stringvalue`, `booleanvalue`, `var_objid`, `var_name`, `expr`, `exprtype`, `pos`, `obj_key`, `obj_value`, `listvalue`, `lov`, `rangeoption`) VALUES ('RULACT59614e16:14c5e56ecc8:-7c0a', 'RACT59614e16:14c5e56ecc8:-7c0c', 'rptis.misc.actions.CalcMarketValue.expr', NULL, NULL, NULL, NULL, '@ROUND( BMV - DEP , 2)', 'expression', NULL, NULL, NULL, NULL, NULL, NULL);
INSERT IGNORE INTO `sys_rule_action_param` (`objid`, `parentid`, `actiondefparam_objid`, `stringvalue`, `booleanvalue`, `var_objid`, `var_name`, `expr`, `exprtype`, `pos`, `obj_key`, `obj_value`, `listvalue`, `lov`, `rangeoption`) VALUES ('RULACT59614e16:14c5e56ecc8:-7c0b', 'RACT59614e16:14c5e56ecc8:-7c0c', 'rptis.misc.actions.CalcMarketValue.miscitem', NULL, NULL, 'RCOND59614e16:14c5e56ecc8:-7c8f', 'MI', NULL, NULL, NULL, NULL, NULL, NULL, NULL, NULL);
INSERT IGNORE INTO `sys_rule_action_param` (`objid`, `parentid`, `actiondefparam_objid`, `stringvalue`, `booleanvalue`, `var_objid`, `var_name`, `expr`, `exprtype`, `pos`, `obj_key`, `obj_value`, `listvalue`, `lov`, `rangeoption`) VALUES ('RULACT59614e16:14c5e56ecc8:-7d51', 'RACT59614e16:14c5e56ecc8:-7d53', 'rptis.misc.actions.CalcDepreciation.expr', NULL, NULL, NULL, NULL, '@ROUND( BMV * DEPRATE / 100 , 0)', 'expression', NULL, NULL, NULL, NULL, NULL, NULL);
INSERT IGNORE INTO `sys_rule_action_param` (`objid`, `parentid`, `actiondefparam_objid`, `stringvalue`, `booleanvalue`, `var_objid`, `var_name`, `expr`, `exprtype`, `pos`, `obj_key`, `obj_value`, `listvalue`, `lov`, `rangeoption`) VALUES ('RULACT59614e16:14c5e56ecc8:-7d52', 'RACT59614e16:14c5e56ecc8:-7d53', 'rptis.misc.actions.CalcDepreciation.miscitem', NULL, NULL, 'RCOND59614e16:14c5e56ecc8:-7dcb', 'MI', NULL, NULL, NULL, NULL, NULL, NULL, NULL, NULL);
INSERT IGNORE INTO `sys_rule_action_param` (`objid`, `parentid`, `actiondefparam_objid`, `stringvalue`, `booleanvalue`, `var_objid`, `var_name`, `expr`, `exprtype`, `pos`, `obj_key`, `obj_value`, `listvalue`, `lov`, `rangeoption`) VALUES ('RULACT5b4ac915:147baaa06b4:-6be7', 'RACT5b4ac915:147baaa06b4:-6be9', 'rptis.land.actions.AddAssessmentInfo.classification', NULL, NULL, 'RCONST5b4ac915:147baaa06b4:-6d59', 'CLASS', NULL, NULL, NULL, NULL, NULL, NULL, NULL, NULL);
INSERT IGNORE INTO `sys_rule_action_param` (`objid`, `parentid`, `actiondefparam_objid`, `stringvalue`, `booleanvalue`, `var_objid`, `var_name`, `expr`, `exprtype`, `pos`, `obj_key`, `obj_value`, `listvalue`, `lov`, `rangeoption`) VALUES ('RULACT5b4ac915:147baaa06b4:-6be8', 'RACT5b4ac915:147baaa06b4:-6be9', 'rptis.land.actions.AddAssessmentInfo.landdetail', NULL, NULL, 'RCOND5b4ac915:147baaa06b4:-6da4', 'LA', NULL, NULL, NULL, NULL, NULL, NULL, NULL, NULL);
INSERT IGNORE INTO `sys_rule_action_param` (`objid`, `parentid`, `actiondefparam_objid`, `stringvalue`, `booleanvalue`, `var_objid`, `var_name`, `expr`, `exprtype`, `pos`, `obj_key`, `obj_value`, `listvalue`, `lov`, `rangeoption`) VALUES ('RULACT5f10a9aa:1698ea3f7ff:-6a5e', 'RACT5f10a9aa:1698ea3f7ff:-6abb', 'rptis.actions.AddDeriveVariable.expr', NULL, NULL, NULL, NULL, 'AV', 'expression', NULL, NULL, NULL, NULL, NULL, NULL);
INSERT IGNORE INTO `sys_rule_action_param` (`objid`, `parentid`, `actiondefparam_objid`, `stringvalue`, `booleanvalue`, `var_objid`, `var_name`, `expr`, `exprtype`, `pos`, `obj_key`, `obj_value`, `listvalue`, `lov`, `rangeoption`) VALUES ('RULACT5f10a9aa:1698ea3f7ff:-6a80', 'RACT5f10a9aa:1698ea3f7ff:-6abb', 'rptis.actions.AddDeriveVariable.aggregatetype', NULL, NULL, NULL, NULL, NULL, NULL, NULL, NULL, NULL, NULL, 'sum', NULL);
INSERT IGNORE INTO `sys_rule_action_param` (`objid`, `parentid`, `actiondefparam_objid`, `stringvalue`, `booleanvalue`, `var_objid`, `var_name`, `expr`, `exprtype`, `pos`, `obj_key`, `obj_value`, `listvalue`, `lov`, `rangeoption`) VALUES ('RULACT5f10a9aa:1698ea3f7ff:-6a9f', 'RACT5f10a9aa:1698ea3f7ff:-6abb', 'rptis.actions.AddDeriveVariable.var', NULL, NULL, NULL, NULL, NULL, NULL, NULL, 'TOTAL_AV', 'TOTAL_AV', NULL, NULL, NULL);
INSERT IGNORE INTO `sys_rule_action_param` (`objid`, `parentid`, `actiondefparam_objid`, `stringvalue`, `booleanvalue`, `var_objid`, `var_name`, `expr`, `exprtype`, `pos`, `obj_key`, `obj_value`, `listvalue`, `lov`, `rangeoption`) VALUES ('RULACT6d174068:14e3de9c20b:-7ee9', 'RACT6d174068:14e3de9c20b:-7eeb', 'rptis.misc.actions.CalcMiscRPUAssessValue.expr', NULL, NULL, NULL, NULL, '@ROUND( MV * AL / 100.0 ,2 )', 'expression', NULL, NULL, NULL, NULL, NULL, NULL);
INSERT IGNORE INTO `sys_rule_action_param` (`objid`, `parentid`, `actiondefparam_objid`, `stringvalue`, `booleanvalue`, `var_objid`, `var_name`, `expr`, `exprtype`, `pos`, `obj_key`, `obj_value`, `listvalue`, `lov`, `rangeoption`) VALUES ('RULACT6d174068:14e3de9c20b:-7eea', 'RACT6d174068:14e3de9c20b:-7eeb', 'rptis.misc.actions.CalcMiscRPUAssessValue.miscrpu', NULL, NULL, 'RCOND6d174068:14e3de9c20b:-7f93', 'MRPU', NULL, NULL, NULL, NULL, NULL, NULL, NULL, NULL);

delete from sys_wf_transition 
where processname in ('faas', 'subdivision', 'consolidation', 'batchgr', 'cancelledfaas', 'resection')
;
delete from sys_wf_node
where processname in ('faas', 'subdivision', 'consolidation', 'batchgr', 'cancelledfaas', 'resection')
;

INSERT INTO `sys_wf_node` (`name`, `processname`, `title`, `nodetype`, `idx`, `salience`, `domain`, `role`, `properties`, `ui`, `tracktime`) VALUES ('start', 'batchgr', 'Start', 'start', '1', NULL, 'RPT', NULL, NULL, NULL, NULL);
INSERT INTO `sys_wf_node` (`name`, `processname`, `title`, `nodetype`, `idx`, `salience`, `domain`, `role`, `properties`, `ui`, `tracktime`) VALUES ('assign-receiver', 'batchgr', 'For Review and Verification', 'state', '2', NULL, 'RPT', 'RECEIVER', NULL, NULL, NULL);
INSERT INTO `sys_wf_node` (`name`, `processname`, `title`, `nodetype`, `idx`, `salience`, `domain`, `role`, `properties`, `ui`, `tracktime`) VALUES ('receiver', 'batchgr', 'Review and Verification', 'state', '5', NULL, 'RPT', 'RECEIVER', NULL, NULL, NULL);
INSERT INTO `sys_wf_node` (`name`, `processname`, `title`, `nodetype`, `idx`, `salience`, `domain`, `role`, `properties`, `ui`, `tracktime`) VALUES ('assign-examiner', 'batchgr', 'For Examination', 'state', '10', NULL, 'RPT', 'EXAMINER', NULL, NULL, NULL);
INSERT INTO `sys_wf_node` (`name`, `processname`, `title`, `nodetype`, `idx`, `salience`, `domain`, `role`, `properties`, `ui`, `tracktime`) VALUES ('examiner', 'batchgr', 'Examination', 'state', '15', NULL, 'RPT', 'EXAMINER', NULL, NULL, NULL);
INSERT INTO `sys_wf_node` (`name`, `processname`, `title`, `nodetype`, `idx`, `salience`, `domain`, `role`, `properties`, `ui`, `tracktime`) VALUES ('assign-taxmapper', 'batchgr', 'For Taxmapping', 'state', '20', NULL, 'RPT', 'TAXMAPPER', NULL, NULL, NULL);
INSERT INTO `sys_wf_node` (`name`, `processname`, `title`, `nodetype`, `idx`, `salience`, `domain`, `role`, `properties`, `ui`, `tracktime`) VALUES ('assign-provtaxmapper', 'batchgr', 'For Taxmapping', 'state', '20', NULL, 'RPT', 'TAXMAPPER', NULL, NULL, NULL);
INSERT INTO `sys_wf_node` (`name`, `processname`, `title`, `nodetype`, `idx`, `salience`, `domain`, `role`, `properties`, `ui`, `tracktime`) VALUES ('taxmapper', 'batchgr', 'Taxmapping', 'state', '25', NULL, 'RPT', 'TAXMAPPER', NULL, NULL, NULL);
INSERT INTO `sys_wf_node` (`name`, `processname`, `title`, `nodetype`, `idx`, `salience`, `domain`, `role`, `properties`, `ui`, `tracktime`) VALUES ('provtaxmapper', 'batchgr', 'Taxmapping', 'state', '25', NULL, 'RPT', 'TAXMAPPER', NULL, NULL, NULL);
INSERT INTO `sys_wf_node` (`name`, `processname`, `title`, `nodetype`, `idx`, `salience`, `domain`, `role`, `properties`, `ui`, `tracktime`) VALUES ('assign-taxmapping-approval', 'batchgr', 'For Taxmapping Approval', 'state', '30', NULL, 'RPT', 'TAXMAPPER_CHIEF', NULL, NULL, NULL);
INSERT INTO `sys_wf_node` (`name`, `processname`, `title`, `nodetype`, `idx`, `salience`, `domain`, `role`, `properties`, `ui`, `tracktime`) VALUES ('taxmapper_chief', 'batchgr', 'Taxmapping Approval', 'state', '35', NULL, 'RPT', 'TAXMAPPER_CHIEF', NULL, NULL, NULL);
INSERT INTO `sys_wf_node` (`name`, `processname`, `title`, `nodetype`, `idx`, `salience`, `domain`, `role`, `properties`, `ui`, `tracktime`) VALUES ('assign-appraiser', 'batchgr', 'For Appraisal', 'state', '40', NULL, 'RPT', 'APPRAISER', NULL, NULL, NULL);
INSERT INTO `sys_wf_node` (`name`, `processname`, `title`, `nodetype`, `idx`, `salience`, `domain`, `role`, `properties`, `ui`, `tracktime`) VALUES ('assign-provappraiser', 'batchgr', 'For Appraisal', 'state', '40', NULL, 'RPT', 'APPRAISER', NULL, NULL, NULL);
INSERT INTO `sys_wf_node` (`name`, `processname`, `title`, `nodetype`, `idx`, `salience`, `domain`, `role`, `properties`, `ui`, `tracktime`) VALUES ('appraiser', 'batchgr', 'Appraisal', 'state', '45', NULL, 'RPT', 'APPRAISER', NULL, NULL, NULL);
INSERT INTO `sys_wf_node` (`name`, `processname`, `title`, `nodetype`, `idx`, `salience`, `domain`, `role`, `properties`, `ui`, `tracktime`) VALUES ('provappraiser', 'batchgr', 'Appraisal', 'state', '45', NULL, 'RPT', 'APPRAISER', NULL, NULL, NULL);
INSERT INTO `sys_wf_node` (`name`, `processname`, `title`, `nodetype`, `idx`, `salience`, `domain`, `role`, `properties`, `ui`, `tracktime`) VALUES ('assign-appraisal-chief', 'batchgr', 'For Appraisal Approval', 'state', '50', NULL, 'RPT', 'APPRAISAL_CHIEF', NULL, NULL, NULL);
INSERT INTO `sys_wf_node` (`name`, `processname`, `title`, `nodetype`, `idx`, `salience`, `domain`, `role`, `properties`, `ui`, `tracktime`) VALUES ('appraiser_chief', 'batchgr', 'Appraisal Approval', 'state', '55', NULL, 'RPT', 'APPRAISAL_CHIEF', NULL, NULL, NULL);
INSERT INTO `sys_wf_node` (`name`, `processname`, `title`, `nodetype`, `idx`, `salience`, `domain`, `role`, `properties`, `ui`, `tracktime`) VALUES ('assign-recommender', 'batchgr', 'For Recommending Approval', 'state', '70', NULL, 'RPT', 'RECOMMENDER,ASSESSOR', NULL, NULL, NULL);
INSERT INTO `sys_wf_node` (`name`, `processname`, `title`, `nodetype`, `idx`, `salience`, `domain`, `role`, `properties`, `ui`, `tracktime`) VALUES ('recommender', 'batchgr', 'Recommending Approval', 'state', '75', NULL, 'RPT', 'RECOMMENDER,ASSESSOR', NULL, NULL, NULL);
INSERT INTO `sys_wf_node` (`name`, `processname`, `title`, `nodetype`, `idx`, `salience`, `domain`, `role`, `properties`, `ui`, `tracktime`) VALUES ('forprovsubmission', 'batchgr', 'For Province Submission', 'state', '80', NULL, 'RPT', 'RECOMMENDER,ASSESSOR', NULL, NULL, NULL);
INSERT INTO `sys_wf_node` (`name`, `processname`, `title`, `nodetype`, `idx`, `salience`, `domain`, `role`, `properties`, `ui`, `tracktime`) VALUES ('forprovapproval', 'batchgr', 'For Province Approval', 'state', '81', NULL, 'RPT', 'RECOMMENDER,ASSESSOR', NULL, NULL, NULL);
INSERT INTO `sys_wf_node` (`name`, `processname`, `title`, `nodetype`, `idx`, `salience`, `domain`, `role`, `properties`, `ui`, `tracktime`) VALUES ('forapproval', 'batchgr', 'Provincial Assessor Approval', 'state', '85', NULL, 'RPT', 'APPROVER,ASSESSOR', NULL, NULL, NULL);
INSERT INTO `sys_wf_node` (`name`, `processname`, `title`, `nodetype`, `idx`, `salience`, `domain`, `role`, `properties`, `ui`, `tracktime`) VALUES ('assign-approver', 'batchgr', 'For Provincial Assessor Approval', 'state', '90', NULL, 'RPT', 'APPROVER,ASSESSOR', NULL, NULL, NULL);
INSERT INTO `sys_wf_node` (`name`, `processname`, `title`, `nodetype`, `idx`, `salience`, `domain`, `role`, `properties`, `ui`, `tracktime`) VALUES ('approver', 'batchgr', 'Provincial Assessor Approval', 'state', '95', NULL, 'RPT', 'APPROVER,ASSESSOR', NULL, NULL, NULL);
INSERT INTO `sys_wf_node` (`name`, `processname`, `title`, `nodetype`, `idx`, `salience`, `domain`, `role`, `properties`, `ui`, `tracktime`) VALUES ('provapprover', 'batchgr', 'Approved By Province', 'state', '96', NULL, 'RPT', 'APPROVER', NULL, NULL, NULL);
INSERT INTO `sys_wf_node` (`name`, `processname`, `title`, `nodetype`, `idx`, `salience`, `domain`, `role`, `properties`, `ui`, `tracktime`) VALUES ('end', 'batchgr', 'End', 'end', '1000', NULL, 'RPT', NULL, NULL, NULL, NULL);
INSERT INTO `sys_wf_node` (`name`, `processname`, `title`, `nodetype`, `idx`, `salience`, `domain`, `role`, `properties`, `ui`, `tracktime`) VALUES ('start', 'cancelledfaas', 'Start', 'start', '1', NULL, 'RPT', NULL, NULL, NULL, NULL);
INSERT INTO `sys_wf_node` (`name`, `processname`, `title`, `nodetype`, `idx`, `salience`, `domain`, `role`, `properties`, `ui`, `tracktime`) VALUES ('receiver', 'cancelledfaas', 'Review and Verification', 'state', '5', NULL, 'RPT', 'RECEIVER', NULL, NULL, NULL);
INSERT INTO `sys_wf_node` (`name`, `processname`, `title`, `nodetype`, `idx`, `salience`, `domain`, `role`, `properties`, `ui`, `tracktime`) VALUES ('assign-examiner', 'cancelledfaas', 'For Inspection', 'state', '10', NULL, 'RPT', 'EXAMINER', NULL, NULL, NULL);
INSERT INTO `sys_wf_node` (`name`, `processname`, `title`, `nodetype`, `idx`, `salience`, `domain`, `role`, `properties`, `ui`, `tracktime`) VALUES ('examiner', 'cancelledfaas', 'Inspection', 'state', '15', NULL, 'RPT', 'EXAMINER', NULL, NULL, NULL);
INSERT INTO `sys_wf_node` (`name`, `processname`, `title`, `nodetype`, `idx`, `salience`, `domain`, `role`, `properties`, `ui`, `tracktime`) VALUES ('assign-taxmapper', 'cancelledfaas', 'For Taxmapping', 'state', '20', NULL, 'RPT', 'TAXMAPPER', NULL, NULL, NULL);
INSERT INTO `sys_wf_node` (`name`, `processname`, `title`, `nodetype`, `idx`, `salience`, `domain`, `role`, `properties`, `ui`, `tracktime`) VALUES ('taxmapper', 'cancelledfaas', 'Taxmapping', 'state', '25', NULL, 'RPT', 'TAXMAPPER', NULL, NULL, NULL);
INSERT INTO `sys_wf_node` (`name`, `processname`, `title`, `nodetype`, `idx`, `salience`, `domain`, `role`, `properties`, `ui`, `tracktime`) VALUES ('assign-taxmapper-chief', 'cancelledfaas', 'For Taxmapper Chief Approval', 'state', '30', NULL, 'RPT', 'TAXMAPPER_CHIEF', NULL, NULL, NULL);
INSERT INTO `sys_wf_node` (`name`, `processname`, `title`, `nodetype`, `idx`, `salience`, `domain`, `role`, `properties`, `ui`, `tracktime`) VALUES ('taxmapper_chief', 'cancelledfaas', 'Taxmapping Chief', 'state', '35', NULL, 'RPT', 'TAXMAPPER_CHIEF', NULL, NULL, NULL);
INSERT INTO `sys_wf_node` (`name`, `processname`, `title`, `nodetype`, `idx`, `salience`, `domain`, `role`, `properties`, `ui`, `tracktime`) VALUES ('assign-appraiser', 'cancelledfaas', 'For Appraisal', 'state', '40', NULL, 'RPT', 'APPRAISER', NULL, NULL, NULL);
INSERT INTO `sys_wf_node` (`name`, `processname`, `title`, `nodetype`, `idx`, `salience`, `domain`, `role`, `properties`, `ui`, `tracktime`) VALUES ('appraiser', 'cancelledfaas', 'Appraisal', 'state', '45', NULL, 'RPT', 'APPRAISER', NULL, NULL, NULL);
INSERT INTO `sys_wf_node` (`name`, `processname`, `title`, `nodetype`, `idx`, `salience`, `domain`, `role`, `properties`, `ui`, `tracktime`) VALUES ('assign-appraiser-chief', 'cancelledfaas', 'For Appraisal Chief Approval', 'state', '50', NULL, 'RPT', 'APPRAISAL_CHIEF', NULL, NULL, NULL);
INSERT INTO `sys_wf_node` (`name`, `processname`, `title`, `nodetype`, `idx`, `salience`, `domain`, `role`, `properties`, `ui`, `tracktime`) VALUES ('appraiser_chief', 'cancelledfaas', 'Appraisal Chief', 'state', '55', NULL, 'RPT', 'APPRAISAL_CHIEF', NULL, NULL, NULL);
INSERT INTO `sys_wf_node` (`name`, `processname`, `title`, `nodetype`, `idx`, `salience`, `domain`, `role`, `properties`, `ui`, `tracktime`) VALUES ('assign-reviewer', 'cancelledfaas', 'Assign Reviewer', 'state', '60', NULL, 'RPT', 'REVIEWER', NULL, NULL, NULL);
INSERT INTO `sys_wf_node` (`name`, `processname`, `title`, `nodetype`, `idx`, `salience`, `domain`, `role`, `properties`, `ui`, `tracktime`) VALUES ('reviewer', 'cancelledfaas', 'Reviewer', 'state', '66', NULL, 'RPT', 'REVIEWER', NULL, NULL, NULL);
INSERT INTO `sys_wf_node` (`name`, `processname`, `title`, `nodetype`, `idx`, `salience`, `domain`, `role`, `properties`, `ui`, `tracktime`) VALUES ('assign-reviewer-chief', 'cancelledfaas', 'Assign Reviewer Chief', 'state', '67', NULL, 'RPT', 'REVIEWER_CHIEF', '', '', NULL);
INSERT INTO `sys_wf_node` (`name`, `processname`, `title`, `nodetype`, `idx`, `salience`, `domain`, `role`, `properties`, `ui`, `tracktime`) VALUES ('reviewer_chief', 'cancelledfaas', 'Reviewer Chief', 'state', '68', NULL, 'RPT', 'REVIEWER_CHIEF', '', '', NULL);
INSERT INTO `sys_wf_node` (`name`, `processname`, `title`, `nodetype`, `idx`, `salience`, `domain`, `role`, `properties`, `ui`, `tracktime`) VALUES ('assign-recommender', 'cancelledfaas', 'For Recommending Approval', 'state', '70', NULL, 'RPT', 'RECOMMENDER', NULL, NULL, NULL);
INSERT INTO `sys_wf_node` (`name`, `processname`, `title`, `nodetype`, `idx`, `salience`, `domain`, `role`, `properties`, `ui`, `tracktime`) VALUES ('recommender', 'cancelledfaas', 'Recommending Approval', 'state', '75', NULL, 'RPT', 'RECOMMENDER', NULL, NULL, NULL);
INSERT INTO `sys_wf_node` (`name`, `processname`, `title`, `nodetype`, `idx`, `salience`, `domain`, `role`, `properties`, `ui`, `tracktime`) VALUES ('assign-approver', 'cancelledfaas', 'For Assessor Approval', 'state', '80', NULL, 'RPT', 'APPROVER,ASSESSOR', NULL, NULL, NULL);
INSERT INTO `sys_wf_node` (`name`, `processname`, `title`, `nodetype`, `idx`, `salience`, `domain`, `role`, `properties`, `ui`, `tracktime`) VALUES ('approver', 'cancelledfaas', 'Assessor Approval', 'state', '85', NULL, 'RPT', 'APPROVER', NULL, NULL, NULL);
INSERT INTO `sys_wf_node` (`name`, `processname`, `title`, `nodetype`, `idx`, `salience`, `domain`, `role`, `properties`, `ui`, `tracktime`) VALUES ('provapprover', 'cancelledfaas', 'Province Approval', 'state', '90', NULL, 'RPT', 'APPROVER,ASSESSOR', NULL, NULL, NULL);
INSERT INTO `sys_wf_node` (`name`, `processname`, `title`, `nodetype`, `idx`, `salience`, `domain`, `role`, `properties`, `ui`, `tracktime`) VALUES ('assign-record', 'cancelledfaas', 'For Record ', 'state', '90', NULL, 'RPT', 'RECORD', NULL, NULL, NULL);
INSERT INTO `sys_wf_node` (`name`, `processname`, `title`, `nodetype`, `idx`, `salience`, `domain`, `role`, `properties`, `ui`, `tracktime`) VALUES ('record', 'cancelledfaas', 'Record', 'state', '95', NULL, 'RPT', 'RECORD', NULL, NULL, NULL);
INSERT INTO `sys_wf_node` (`name`, `processname`, `title`, `nodetype`, `idx`, `salience`, `domain`, `role`, `properties`, `ui`, `tracktime`) VALUES ('assign-release', 'cancelledfaas', 'For Release', 'state', '100', NULL, 'RPT', 'RELEASING', NULL, NULL, NULL);
INSERT INTO `sys_wf_node` (`name`, `processname`, `title`, `nodetype`, `idx`, `salience`, `domain`, `role`, `properties`, `ui`, `tracktime`) VALUES ('release', 'cancelledfaas', 'Release', 'state', '105', NULL, 'RPT', 'RELEASING', NULL, NULL, NULL);
INSERT INTO `sys_wf_node` (`name`, `processname`, `title`, `nodetype`, `idx`, `salience`, `domain`, `role`, `properties`, `ui`, `tracktime`) VALUES ('end', 'cancelledfaas', 'End', 'end', '1000', NULL, 'RPT', NULL, NULL, NULL, NULL);
INSERT INTO `sys_wf_node` (`name`, `processname`, `title`, `nodetype`, `idx`, `salience`, `domain`, `role`, `properties`, `ui`, `tracktime`) VALUES ('start', 'consolidation', 'Start', 'start', '1', NULL, 'RPT', NULL, NULL, NULL, NULL);
INSERT INTO `sys_wf_node` (`name`, `processname`, `title`, `nodetype`, `idx`, `salience`, `domain`, `role`, `properties`, `ui`, `tracktime`) VALUES ('receiver', 'consolidation', 'Review and Verification', 'state', '5', NULL, 'RPT', 'RECEIVER', NULL, NULL, NULL);
INSERT INTO `sys_wf_node` (`name`, `processname`, `title`, `nodetype`, `idx`, `salience`, `domain`, `role`, `properties`, `ui`, `tracktime`) VALUES ('assign-examiner', 'consolidation', 'For Examination', 'state', '10', NULL, 'RPT', 'EXAMINER', NULL, NULL, NULL);
INSERT INTO `sys_wf_node` (`name`, `processname`, `title`, `nodetype`, `idx`, `salience`, `domain`, `role`, `properties`, `ui`, `tracktime`) VALUES ('examiner', 'consolidation', 'Examination', 'state', '15', NULL, 'RPT', 'EXAMINER', NULL, NULL, NULL);
INSERT INTO `sys_wf_node` (`name`, `processname`, `title`, `nodetype`, `idx`, `salience`, `domain`, `role`, `properties`, `ui`, `tracktime`) VALUES ('assign-taxmapper', 'consolidation', 'For Taxmapping', 'state', '20', NULL, 'RPT', 'TAXMAPPER', NULL, NULL, NULL);
INSERT INTO `sys_wf_node` (`name`, `processname`, `title`, `nodetype`, `idx`, `salience`, `domain`, `role`, `properties`, `ui`, `tracktime`) VALUES ('taxmapper', 'consolidation', 'Taxmapping', 'state', '25', NULL, 'RPT', 'TAXMAPPER', NULL, NULL, NULL);
INSERT INTO `sys_wf_node` (`name`, `processname`, `title`, `nodetype`, `idx`, `salience`, `domain`, `role`, `properties`, `ui`, `tracktime`) VALUES ('assign-taxmapping-approval', 'consolidation', 'For Taxmapping Approval', 'state', '30', NULL, 'RPT', 'TAXMAPPER_CHIEF', NULL, NULL, NULL);
INSERT INTO `sys_wf_node` (`name`, `processname`, `title`, `nodetype`, `idx`, `salience`, `domain`, `role`, `properties`, `ui`, `tracktime`) VALUES ('taxmapper_chief', 'consolidation', 'Taxmapping Approval', 'state', '35', NULL, 'RPT', 'TAXMAPPER_CHIEF', NULL, NULL, NULL);
INSERT INTO `sys_wf_node` (`name`, `processname`, `title`, `nodetype`, `idx`, `salience`, `domain`, `role`, `properties`, `ui`, `tracktime`) VALUES ('assign-appraiser', 'consolidation', 'For Appraisal', 'state', '40', NULL, 'RPT', 'APPRAISER', NULL, NULL, NULL);
INSERT INTO `sys_wf_node` (`name`, `processname`, `title`, `nodetype`, `idx`, `salience`, `domain`, `role`, `properties`, `ui`, `tracktime`) VALUES ('appraiser', 'consolidation', 'Appraisal', 'state', '45', NULL, 'RPT', 'APPRAISER', NULL, NULL, NULL);
INSERT INTO `sys_wf_node` (`name`, `processname`, `title`, `nodetype`, `idx`, `salience`, `domain`, `role`, `properties`, `ui`, `tracktime`) VALUES ('assign-appraisal-chief', 'consolidation', 'For Appraisal Approval', 'state', '50', NULL, 'RPT', 'APPRAISAL_CHIEF', NULL, NULL, NULL);
INSERT INTO `sys_wf_node` (`name`, `processname`, `title`, `nodetype`, `idx`, `salience`, `domain`, `role`, `properties`, `ui`, `tracktime`) VALUES ('appraiser_chief', 'consolidation', 'Appraisal Approval', 'state', '55', NULL, 'RPT', 'APPRAISAL_CHIEF', NULL, NULL, NULL);
INSERT INTO `sys_wf_node` (`name`, `processname`, `title`, `nodetype`, `idx`, `salience`, `domain`, `role`, `properties`, `ui`, `tracktime`) VALUES ('assign-recommender', 'consolidation', 'For Recommending Aprpoval', 'state', '70', NULL, 'RPT', 'RECOMMENDER,ASSISTANT_ASSESSOR', NULL, NULL, NULL);
INSERT INTO `sys_wf_node` (`name`, `processname`, `title`, `nodetype`, `idx`, `salience`, `domain`, `role`, `properties`, `ui`, `tracktime`) VALUES ('recommender', 'consolidation', 'Assessor Approval', 'state', '75', NULL, 'RPT', 'RECOMMENDER,ASSISTANT_ASSESSOR', NULL, NULL, NULL);
INSERT INTO `sys_wf_node` (`name`, `processname`, `title`, `nodetype`, `idx`, `salience`, `domain`, `role`, `properties`, `ui`, `tracktime`) VALUES ('assign-approver', 'consolidation', 'For Approval', 'state', '89', NULL, 'RPT', 'APPROVER, ASSESSOR', NULL, NULL, NULL);
INSERT INTO `sys_wf_node` (`name`, `processname`, `title`, `nodetype`, `idx`, `salience`, `domain`, `role`, `properties`, `ui`, `tracktime`) VALUES ('approver', 'consolidation', 'Assessor Approval', 'state', '90', NULL, 'RPT', 'RECOMMENDER,ASSISTANT_ASSESSOR', NULL, NULL, NULL);
INSERT INTO `sys_wf_node` (`name`, `processname`, `title`, `nodetype`, `idx`, `salience`, `domain`, `role`, `properties`, `ui`, `tracktime`) VALUES ('cityapprover', 'consolidation', 'Assessor Approved', 'state', '90', NULL, 'RPT', 'APPROVER, ASSESSOR', NULL, NULL, NULL);
INSERT INTO `sys_wf_node` (`name`, `processname`, `title`, `nodetype`, `idx`, `salience`, `domain`, `role`, `properties`, `ui`, `tracktime`) VALUES ('end', 'consolidation', 'End', 'end', '1000', NULL, 'RPT', NULL, NULL, NULL, NULL);
INSERT INTO `sys_wf_node` (`name`, `processname`, `title`, `nodetype`, `idx`, `salience`, `domain`, `role`, `properties`, `ui`, `tracktime`) VALUES ('start', 'faas', 'Start', 'start', '1', NULL, 'RPT', NULL, NULL, NULL, NULL);
INSERT INTO `sys_wf_node` (`name`, `processname`, `title`, `nodetype`, `idx`, `salience`, `domain`, `role`, `properties`, `ui`, `tracktime`) VALUES ('receiver', 'faas', 'Review and Verification', 'state', '5', NULL, 'RPT', 'RECEIVER', NULL, NULL, NULL);
INSERT INTO `sys_wf_node` (`name`, `processname`, `title`, `nodetype`, `idx`, `salience`, `domain`, `role`, `properties`, `ui`, `tracktime`) VALUES ('assign-examiner', 'faas', 'For Examination', 'state', '10', NULL, 'RPT', 'EXAMINER', NULL, NULL, NULL);
INSERT INTO `sys_wf_node` (`name`, `processname`, `title`, `nodetype`, `idx`, `salience`, `domain`, `role`, `properties`, `ui`, `tracktime`) VALUES ('examiner', 'faas', 'Examination', 'state', '15', NULL, 'RPT', 'EXAMINER', NULL, NULL, NULL);
INSERT INTO `sys_wf_node` (`name`, `processname`, `title`, `nodetype`, `idx`, `salience`, `domain`, `role`, `properties`, `ui`, `tracktime`) VALUES ('assign-taxmapper', 'faas', 'For Taxmapping', 'state', '20', NULL, 'RPT', 'TAXMAPPER', NULL, NULL, NULL);
INSERT INTO `sys_wf_node` (`name`, `processname`, `title`, `nodetype`, `idx`, `salience`, `domain`, `role`, `properties`, `ui`, `tracktime`) VALUES ('taxmapper', 'faas', 'Taxmapping', 'state', '25', NULL, 'RPT', 'TAXMAPPER', NULL, NULL, NULL);
INSERT INTO `sys_wf_node` (`name`, `processname`, `title`, `nodetype`, `idx`, `salience`, `domain`, `role`, `properties`, `ui`, `tracktime`) VALUES ('assign-taxmapping-approval', 'faas', 'For Taxmapper Chief Approval', 'state', '30', NULL, 'RPT', 'TAXMAPPER_CHIEF', NULL, NULL, NULL);
INSERT INTO `sys_wf_node` (`name`, `processname`, `title`, `nodetype`, `idx`, `salience`, `domain`, `role`, `properties`, `ui`, `tracktime`) VALUES ('taxmapper_chief', 'faas', 'Taxmapping Approval', 'state', '35', NULL, 'RPT', 'TAXMAPPER_CHIEF', NULL, NULL, NULL);
INSERT INTO `sys_wf_node` (`name`, `processname`, `title`, `nodetype`, `idx`, `salience`, `domain`, `role`, `properties`, `ui`, `tracktime`) VALUES ('assign-appraiser', 'faas', 'For Appraisal', 'state', '40', NULL, 'RPT', 'APPRAISER', NULL, NULL, NULL);
INSERT INTO `sys_wf_node` (`name`, `processname`, `title`, `nodetype`, `idx`, `salience`, `domain`, `role`, `properties`, `ui`, `tracktime`) VALUES ('appraiser', 'faas', 'Appraisal', 'state', '45', NULL, 'RPT', 'APPRAISER', NULL, NULL, NULL);
INSERT INTO `sys_wf_node` (`name`, `processname`, `title`, `nodetype`, `idx`, `salience`, `domain`, `role`, `properties`, `ui`, `tracktime`) VALUES ('assign-appraisal-chief', 'faas', 'For Appraisal Chief Approval', 'state', '50', NULL, 'RPT', 'APPRAISAL_CHIEF', NULL, NULL, NULL);
INSERT INTO `sys_wf_node` (`name`, `processname`, `title`, `nodetype`, `idx`, `salience`, `domain`, `role`, `properties`, `ui`, `tracktime`) VALUES ('appraiser_chief', 'faas', 'Appraisal Chief Approval', 'state', '55', NULL, 'RPT', 'APPRAISAL_CHIEF', NULL, NULL, NULL);
INSERT INTO `sys_wf_node` (`name`, `processname`, `title`, `nodetype`, `idx`, `salience`, `domain`, `role`, `properties`, `ui`, `tracktime`) VALUES ('assign-recommender', 'faas', 'For Recommending Approval', 'state', '70', NULL, 'RPT', 'RECOMMENDER', NULL, NULL, NULL);
INSERT INTO `sys_wf_node` (`name`, `processname`, `title`, `nodetype`, `idx`, `salience`, `domain`, `role`, `properties`, `ui`, `tracktime`) VALUES ('recommender', 'faas', 'Recommending Approval', 'state', '75', NULL, 'RPT', 'RECOMMENDER', NULL, NULL, NULL);
INSERT INTO `sys_wf_node` (`name`, `processname`, `title`, `nodetype`, `idx`, `salience`, `domain`, `role`, `properties`, `ui`, `tracktime`) VALUES ('assign-approver', 'faas', 'For Assessor Approval', 'state', '80', NULL, 'RPT', 'APPROVER,ASSESSOR', NULL, NULL, NULL);
INSERT INTO `sys_wf_node` (`name`, `processname`, `title`, `nodetype`, `idx`, `salience`, `domain`, `role`, `properties`, `ui`, `tracktime`) VALUES ('approver', 'faas', 'Assessor Approval', 'state', '85', NULL, 'RPT', 'APPROVER,ASSESSOR', NULL, NULL, NULL);
INSERT INTO `sys_wf_node` (`name`, `processname`, `title`, `nodetype`, `idx`, `salience`, `domain`, `role`, `properties`, `ui`, `tracktime`) VALUES ('provapprover', 'faas', 'Province Approval', 'state', '90', NULL, 'RPT', 'APPROVER,ASSESSOR', NULL, NULL, NULL);
INSERT INTO `sys_wf_node` (`name`, `processname`, `title`, `nodetype`, `idx`, `salience`, `domain`, `role`, `properties`, `ui`, `tracktime`) VALUES ('end', 'faas', 'End', 'end', '1000', NULL, 'RPT', NULL, NULL, NULL, NULL);
INSERT INTO `sys_wf_node` (`name`, `processname`, `title`, `nodetype`, `idx`, `salience`, `domain`, `role`, `properties`, `ui`, `tracktime`) VALUES ('start', 'resection', 'Start', 'start', '1', NULL, 'RPT', NULL, NULL, NULL, NULL);
INSERT INTO `sys_wf_node` (`name`, `processname`, `title`, `nodetype`, `idx`, `salience`, `domain`, `role`, `properties`, `ui`, `tracktime`) VALUES ('receiver', 'resection', 'Review and Verification', 'state', '5', NULL, 'RPT', 'RECEIVER', NULL, NULL, NULL);
INSERT INTO `sys_wf_node` (`name`, `processname`, `title`, `nodetype`, `idx`, `salience`, `domain`, `role`, `properties`, `ui`, `tracktime`) VALUES ('assign-examiner', 'resection', 'For Inspection', 'state', '10', NULL, 'RPT', 'EXAMINER', NULL, NULL, NULL);
INSERT INTO `sys_wf_node` (`name`, `processname`, `title`, `nodetype`, `idx`, `salience`, `domain`, `role`, `properties`, `ui`, `tracktime`) VALUES ('examiner', 'resection', 'Inspection', 'state', '15', NULL, 'RPT', 'EXAMINER', NULL, NULL, NULL);
INSERT INTO `sys_wf_node` (`name`, `processname`, `title`, `nodetype`, `idx`, `salience`, `domain`, `role`, `properties`, `ui`, `tracktime`) VALUES ('assign-taxmapper', 'resection', 'For Taxmapping', 'state', '20', NULL, 'RPT', 'TAXMAPPER', NULL, NULL, NULL);
INSERT INTO `sys_wf_node` (`name`, `processname`, `title`, `nodetype`, `idx`, `salience`, `domain`, `role`, `properties`, `ui`, `tracktime`) VALUES ('taxmapper', 'resection', 'Taxmapping', 'state', '25', NULL, 'RPT', 'TAXMAPPER', NULL, NULL, NULL);
INSERT INTO `sys_wf_node` (`name`, `processname`, `title`, `nodetype`, `idx`, `salience`, `domain`, `role`, `properties`, `ui`, `tracktime`) VALUES ('assign-taxmapper-chief', 'resection', 'For Taxmapper Chief Approval', 'state', '30', NULL, 'RPT', 'TAXMAPPER_CHIEF', NULL, NULL, NULL);
INSERT INTO `sys_wf_node` (`name`, `processname`, `title`, `nodetype`, `idx`, `salience`, `domain`, `role`, `properties`, `ui`, `tracktime`) VALUES ('taxmapper_chief', 'resection', 'Taxmapping Approval', 'state', '35', NULL, 'RPT', 'TAXMAPPER_CHIEF', NULL, NULL, NULL);
INSERT INTO `sys_wf_node` (`name`, `processname`, `title`, `nodetype`, `idx`, `salience`, `domain`, `role`, `properties`, `ui`, `tracktime`) VALUES ('assign-appraiser', 'resection', 'For Appraisal', 'state', '40', NULL, 'RPT', 'APPRAISER', NULL, NULL, NULL);
INSERT INTO `sys_wf_node` (`name`, `processname`, `title`, `nodetype`, `idx`, `salience`, `domain`, `role`, `properties`, `ui`, `tracktime`) VALUES ('appraiser', 'resection', 'Appraisal', 'state', '45', NULL, 'RPT', 'APPRAISER', NULL, NULL, NULL);
INSERT INTO `sys_wf_node` (`name`, `processname`, `title`, `nodetype`, `idx`, `salience`, `domain`, `role`, `properties`, `ui`, `tracktime`) VALUES ('assign-appraiser-chief', 'resection', 'For Appraisal Chief Approval', 'state', '50', NULL, 'RPT', 'APPRAISAL_CHIEF', NULL, NULL, NULL);
INSERT INTO `sys_wf_node` (`name`, `processname`, `title`, `nodetype`, `idx`, `salience`, `domain`, `role`, `properties`, `ui`, `tracktime`) VALUES ('appraiser_chief', 'resection', 'Appraisal Approval', 'state', '55', NULL, 'RPT', 'APPRAISAL_CHIEF', NULL, NULL, NULL);
INSERT INTO `sys_wf_node` (`name`, `processname`, `title`, `nodetype`, `idx`, `salience`, `domain`, `role`, `properties`, `ui`, `tracktime`) VALUES ('assign-reviewer', 'resection', 'Assign Reviewer', 'state', '60', NULL, 'RPT', 'REVIEWER', NULL, NULL, NULL);
INSERT INTO `sys_wf_node` (`name`, `processname`, `title`, `nodetype`, `idx`, `salience`, `domain`, `role`, `properties`, `ui`, `tracktime`) VALUES ('reviewer', 'resection', 'Reviewer', 'state', '66', NULL, 'RPT', 'REVIEWER', NULL, NULL, NULL);
INSERT INTO `sys_wf_node` (`name`, `processname`, `title`, `nodetype`, `idx`, `salience`, `domain`, `role`, `properties`, `ui`, `tracktime`) VALUES ('assign-reviewer-chief', 'resection', 'Assign Reviewer Chief', 'state', '67', NULL, 'RPT', 'REVIEWER_CHIEF', '', '', NULL);
INSERT INTO `sys_wf_node` (`name`, `processname`, `title`, `nodetype`, `idx`, `salience`, `domain`, `role`, `properties`, `ui`, `tracktime`) VALUES ('reviewer_chief', 'resection', 'Reviewer Chief', 'state', '68', NULL, 'RPT', 'REVIEWER_CHIEF', '', '', NULL);
INSERT INTO `sys_wf_node` (`name`, `processname`, `title`, `nodetype`, `idx`, `salience`, `domain`, `role`, `properties`, `ui`, `tracktime`) VALUES ('assign-recommender', 'resection', 'For Recommending Aprpoval', 'state', '70', NULL, 'RPT', 'RECOMMENDER,ASSISTANT_ASSESSOR', NULL, NULL, NULL);
INSERT INTO `sys_wf_node` (`name`, `processname`, `title`, `nodetype`, `idx`, `salience`, `domain`, `role`, `properties`, `ui`, `tracktime`) VALUES ('recommender', 'resection', 'Assessor Approval', 'state', '75', NULL, 'RPT', 'RECOMMENDER,ASSISTANT_ASSESSOR', NULL, NULL, NULL);
INSERT INTO `sys_wf_node` (`name`, `processname`, `title`, `nodetype`, `idx`, `salience`, `domain`, `role`, `properties`, `ui`, `tracktime`) VALUES ('assign-approver', 'resection', 'Assign Approver', 'state', '76', NULL, 'RPT', 'APPROVER', NULL, NULL, NULL);
INSERT INTO `sys_wf_node` (`name`, `processname`, `title`, `nodetype`, `idx`, `salience`, `domain`, `role`, `properties`, `ui`, `tracktime`) VALUES ('assign-record', 'resection', 'For Record Section', 'state', '80', NULL, 'RPT', 'RECORD', NULL, NULL, NULL);
INSERT INTO `sys_wf_node` (`name`, `processname`, `title`, `nodetype`, `idx`, `salience`, `domain`, `role`, `properties`, `ui`, `tracktime`) VALUES ('approver', 'resection', 'Assessor Approval', 'state', '90', NULL, 'RPT', 'APPROVER', NULL, NULL, NULL);
INSERT INTO `sys_wf_node` (`name`, `processname`, `title`, `nodetype`, `idx`, `salience`, `domain`, `role`, `properties`, `ui`, `tracktime`) VALUES ('cityapprover', 'resection', 'City Approver', 'state', '100', NULL, 'RPT', 'APPROVER', NULL, NULL, NULL);
INSERT INTO `sys_wf_node` (`name`, `processname`, `title`, `nodetype`, `idx`, `salience`, `domain`, `role`, `properties`, `ui`, `tracktime`) VALUES ('record', 'resection', 'Record', 'state', '105', NULL, 'RPT', 'RECORD', NULL, NULL, NULL);
INSERT INTO `sys_wf_node` (`name`, `processname`, `title`, `nodetype`, `idx`, `salience`, `domain`, `role`, `properties`, `ui`, `tracktime`) VALUES ('assign-release', 'resection', 'For Release', 'state', '110', NULL, 'RPT', 'RELEASING', NULL, NULL, NULL);
INSERT INTO `sys_wf_node` (`name`, `processname`, `title`, `nodetype`, `idx`, `salience`, `domain`, `role`, `properties`, `ui`, `tracktime`) VALUES ('release', 'resection', 'Release', 'state', '115', NULL, 'RPT', 'RELEASING', NULL, NULL, NULL);
INSERT INTO `sys_wf_node` (`name`, `processname`, `title`, `nodetype`, `idx`, `salience`, `domain`, `role`, `properties`, `ui`, `tracktime`) VALUES ('end', 'resection', 'End', 'end', '1000', NULL, 'RPT', NULL, NULL, NULL, NULL);
INSERT INTO `sys_wf_node` (`name`, `processname`, `title`, `nodetype`, `idx`, `salience`, `domain`, `role`, `properties`, `ui`, `tracktime`) VALUES ('start', 'subdivision', 'Start', 'start', '1', NULL, 'RPT', NULL, NULL, NULL, NULL);
INSERT INTO `sys_wf_node` (`name`, `processname`, `title`, `nodetype`, `idx`, `salience`, `domain`, `role`, `properties`, `ui`, `tracktime`) VALUES ('receiver', 'subdivision', 'Review and Verification', 'state', '5', NULL, 'RPT', 'RECEIVER', NULL, NULL, NULL);
INSERT INTO `sys_wf_node` (`name`, `processname`, `title`, `nodetype`, `idx`, `salience`, `domain`, `role`, `properties`, `ui`, `tracktime`) VALUES ('assign-examiner', 'subdivision', 'For Examination', 'state', '10', NULL, 'RPT', 'EXAMINER', NULL, NULL, NULL);
INSERT INTO `sys_wf_node` (`name`, `processname`, `title`, `nodetype`, `idx`, `salience`, `domain`, `role`, `properties`, `ui`, `tracktime`) VALUES ('examiner', 'subdivision', 'Examination', 'state', '15', NULL, 'RPT', 'EXAMINER', NULL, NULL, NULL);
INSERT INTO `sys_wf_node` (`name`, `processname`, `title`, `nodetype`, `idx`, `salience`, `domain`, `role`, `properties`, `ui`, `tracktime`) VALUES ('assign-taxmapper', 'subdivision', 'For Taxmapping', 'state', '20', NULL, 'RPT', 'TAXMAPPER', NULL, NULL, NULL);
INSERT INTO `sys_wf_node` (`name`, `processname`, `title`, `nodetype`, `idx`, `salience`, `domain`, `role`, `properties`, `ui`, `tracktime`) VALUES ('taxmapper', 'subdivision', 'Taxmapping', 'state', '25', NULL, 'RPT', 'TAXMAPPER', NULL, NULL, NULL);
INSERT INTO `sys_wf_node` (`name`, `processname`, `title`, `nodetype`, `idx`, `salience`, `domain`, `role`, `properties`, `ui`, `tracktime`) VALUES ('assign-taxmapping-approval', 'subdivision', 'For Taxmapping Approval', 'state', '30', NULL, 'RPT', 'TAXMAPPER_CHIEF', NULL, NULL, NULL);
INSERT INTO `sys_wf_node` (`name`, `processname`, `title`, `nodetype`, `idx`, `salience`, `domain`, `role`, `properties`, `ui`, `tracktime`) VALUES ('taxmapper_chief', 'subdivision', 'Taxmapping Approval', 'state', '35', NULL, 'RPT', 'TAXMAPPER_CHIEF', NULL, NULL, NULL);
INSERT INTO `sys_wf_node` (`name`, `processname`, `title`, `nodetype`, `idx`, `salience`, `domain`, `role`, `properties`, `ui`, `tracktime`) VALUES ('assign-appraiser', 'subdivision', 'For Appraisal', 'state', '40', NULL, 'RPT', 'APPRAISER', NULL, NULL, NULL);
INSERT INTO `sys_wf_node` (`name`, `processname`, `title`, `nodetype`, `idx`, `salience`, `domain`, `role`, `properties`, `ui`, `tracktime`) VALUES ('appraiser', 'subdivision', 'Appraisal', 'state', '45', NULL, 'RPT', 'APPRAISER', NULL, NULL, NULL);
INSERT INTO `sys_wf_node` (`name`, `processname`, `title`, `nodetype`, `idx`, `salience`, `domain`, `role`, `properties`, `ui`, `tracktime`) VALUES ('assign-appraisal-chief', 'subdivision', 'For Appraisal Approval', 'state', '50', NULL, 'RPT', 'APPRAISAL_CHIEF', NULL, NULL, NULL);
INSERT INTO `sys_wf_node` (`name`, `processname`, `title`, `nodetype`, `idx`, `salience`, `domain`, `role`, `properties`, `ui`, `tracktime`) VALUES ('appraiser_chief', 'subdivision', 'Appraisal Approval', 'state', '55', NULL, 'RPT', 'APPRAISAL_CHIEF', NULL, NULL, NULL);
INSERT INTO `sys_wf_node` (`name`, `processname`, `title`, `nodetype`, `idx`, `salience`, `domain`, `role`, `properties`, `ui`, `tracktime`) VALUES ('assign-recommender', 'subdivision', 'For Recommending Aprpoval', 'state', '70', NULL, 'RPT', 'RECOMMENDER,ASSISTANT_ASSESSOR', NULL, NULL, NULL);
INSERT INTO `sys_wf_node` (`name`, `processname`, `title`, `nodetype`, `idx`, `salience`, `domain`, `role`, `properties`, `ui`, `tracktime`) VALUES ('recommender', 'subdivision', 'Assessor Approval', 'state', '75', NULL, 'RPT', 'RECOMMENDER,ASSISTANT_ASSESSOR', NULL, NULL, NULL);
INSERT INTO `sys_wf_node` (`name`, `processname`, `title`, `nodetype`, `idx`, `salience`, `domain`, `role`, `properties`, `ui`, `tracktime`) VALUES ('assign-approver', 'subdivision', 'Assign Approver', 'state', '76', NULL, 'RPT', 'APPROVER', NULL, NULL, NULL);
INSERT INTO `sys_wf_node` (`name`, `processname`, `title`, `nodetype`, `idx`, `salience`, `domain`, `role`, `properties`, `ui`, `tracktime`) VALUES ('approver', 'subdivision', 'Assessor Approval', 'state', '90', NULL, 'RPT', 'APPROVER', NULL, NULL, NULL);
INSERT INTO `sys_wf_node` (`name`, `processname`, `title`, `nodetype`, `idx`, `salience`, `domain`, `role`, `properties`, `ui`, `tracktime`) VALUES ('cityapprover', 'subdivision', 'City Approver', 'state', '100', NULL, 'RPT', 'APPROVER', NULL, NULL, NULL);
INSERT INTO `sys_wf_node` (`name`, `processname`, `title`, `nodetype`, `idx`, `salience`, `domain`, `role`, `properties`, `ui`, `tracktime`) VALUES ('end', 'subdivision', 'End', 'end', '1000', NULL, 'RPT', NULL, NULL, NULL, NULL);

INSERT INTO `sys_wf_transition` (`parentid`, `processname`, `action`, `to`, `idx`, `eval`, `properties`, `permission`, `caption`, `ui`) VALUES ('start', 'batchgr', '', 'assign-receiver', '1', NULL, NULL, NULL, NULL, NULL);
INSERT INTO `sys_wf_transition` (`parentid`, `processname`, `action`, `to`, `idx`, `eval`, `properties`, `permission`, `caption`, `ui`) VALUES ('assign-receiver', 'batchgr', '', 'receiver', '2', NULL, '[caption:\'Assign To Me\', confirm:\'Assign task to you?\']', NULL, NULL, NULL);
INSERT INTO `sys_wf_transition` (`parentid`, `processname`, `action`, `to`, `idx`, `eval`, `properties`, `permission`, `caption`, `ui`) VALUES ('receiver', 'batchgr', 'submit', 'assign-provtaxmapper', '5', NULL, '[caption:\'Submit For Taxmapping\', confirm:\'Submit?\']', NULL, NULL, NULL);
INSERT INTO `sys_wf_transition` (`parentid`, `processname`, `action`, `to`, `idx`, `eval`, `properties`, `permission`, `caption`, `ui`) VALUES ('assign-examiner', 'batchgr', '', 'examiner', '10', NULL, '[caption:\'Assign To Me\', confirm:\'Assign task to you?\']', NULL, NULL, NULL);
INSERT INTO `sys_wf_transition` (`parentid`, `processname`, `action`, `to`, `idx`, `eval`, `properties`, `permission`, `caption`, `ui`) VALUES ('examiner', 'batchgr', 'returnreceiver', 'receiver', '15', NULL, '[caption:\'Return to Receiver\', confirm:\'Return to receiver?\', messagehandler:\'default\']', NULL, NULL, NULL);
INSERT INTO `sys_wf_transition` (`parentid`, `processname`, `action`, `to`, `idx`, `eval`, `properties`, `permission`, `caption`, `ui`) VALUES ('examiner', 'batchgr', 'submit', 'assign-provtaxmapper', '16', NULL, '[caption:\'Submit for Approval\', confirm:\'Submit?\']', NULL, NULL, NULL);
INSERT INTO `sys_wf_transition` (`parentid`, `processname`, `action`, `to`, `idx`, `eval`, `properties`, `permission`, `caption`, `ui`) VALUES ('assign-provtaxmapper', 'batchgr', '', 'provtaxmapper', '20', NULL, '[caption:\'Assign To Me\', confirm:\'Assign task to you?\']', NULL, NULL, NULL);
INSERT INTO `sys_wf_transition` (`parentid`, `processname`, `action`, `to`, `idx`, `eval`, `properties`, `permission`, `caption`, `ui`) VALUES ('provtaxmapper', 'batchgr', 'returnexaminer', 'examiner', '25', NULL, '[caption:\'Return to Examiner\', confirm:\'Return to examiner?\', messagehandler:\'default\']', NULL, NULL, NULL);
INSERT INTO `sys_wf_transition` (`parentid`, `processname`, `action`, `to`, `idx`, `eval`, `properties`, `permission`, `caption`, `ui`) VALUES ('provtaxmapper', 'batchgr', 'submit', 'assign-provappraiser', '26', NULL, '[caption:\'Submit for Approval\', confirm:\'Submit?\', messagehandler:\'rptmessage:sign\']', NULL, NULL, NULL);
INSERT INTO `sys_wf_transition` (`parentid`, `processname`, `action`, `to`, `idx`, `eval`, `properties`, `permission`, `caption`, `ui`) VALUES ('assign-provappraiser', 'batchgr', '', 'provappraiser', '40', NULL, '[caption:\'Assign To Me\', confirm:\'Assign task to you?\']', NULL, NULL, NULL);
INSERT INTO `sys_wf_transition` (`parentid`, `processname`, `action`, `to`, `idx`, `eval`, `properties`, `permission`, `caption`, `ui`) VALUES ('provappraiser', 'batchgr', 'returntaxmapper', 'provtaxmapper', '45', NULL, '[caption:\'Return to Taxmapper\', confirm:\'Return to taxmapper?\', messagehandler:\'default\']', NULL, NULL, NULL);
INSERT INTO `sys_wf_transition` (`parentid`, `processname`, `action`, `to`, `idx`, `eval`, `properties`, `permission`, `caption`, `ui`) VALUES ('provappraiser', 'batchgr', 'returnexaminer', 'examiner', '46', NULL, '[caption:\'Return to Examiner\', confirm:\'Return to examiner?\', messagehandler:\'default\']', NULL, NULL, NULL);
INSERT INTO `sys_wf_transition` (`parentid`, `processname`, `action`, `to`, `idx`, `eval`, `properties`, `permission`, `caption`, `ui`) VALUES ('provappraiser', 'batchgr', 'submit', 'assign-approver', '47', NULL, '[caption:\'Submit for Approval\', confirm:\'Submit?\', messagehandler:\'rptmessage:sign\']', NULL, NULL, NULL);
INSERT INTO `sys_wf_transition` (`parentid`, `processname`, `action`, `to`, `idx`, `eval`, `properties`, `permission`, `caption`, `ui`) VALUES ('assign-approver', 'batchgr', '', 'approver', '70', NULL, '[caption:\'Assign To Me\', confirm:\'Assign task to you?\']', NULL, NULL, NULL);
INSERT INTO `sys_wf_transition` (`parentid`, `processname`, `action`, `to`, `idx`, `eval`, `properties`, `permission`, `caption`, `ui`) VALUES ('approver', 'batchgr', 'approve', 'provapprover', '90', NULL, '[caption:\'Approve\', confirm:\'Approve record?\', messagehandler:\'rptmessage:sign\']', NULL, NULL, NULL);
INSERT INTO `sys_wf_transition` (`parentid`, `processname`, `action`, `to`, `idx`, `eval`, `properties`, `permission`, `caption`, `ui`) VALUES ('provapprover', 'batchgr', 'backforprovapproval', 'approver', '95', NULL, '[caption:\'Cancel Posting\', confirm:\'Cancel posting record?\']', NULL, NULL, NULL);
INSERT INTO `sys_wf_transition` (`parentid`, `processname`, `action`, `to`, `idx`, `eval`, `properties`, `permission`, `caption`, `ui`) VALUES ('provapprover', 'batchgr', 'completed', 'end', '100', NULL, '[caption:\'Approved\', visible:false]', NULL, NULL, NULL);
INSERT INTO `sys_wf_transition` (`parentid`, `processname`, `action`, `to`, `idx`, `eval`, `properties`, `permission`, `caption`, `ui`) VALUES ('start', 'cancelledfaas', '', 'receiver', '1', NULL, '[:]', NULL, NULL, NULL);
INSERT INTO `sys_wf_transition` (`parentid`, `processname`, `action`, `to`, `idx`, `eval`, `properties`, `permission`, `caption`, `ui`) VALUES ('receiver', 'cancelledfaas', 'delete', 'end', '5', NULL, '[caption:\'Delete\', confirm:\'Delete record?\', closeonend:true]', NULL, NULL, NULL);
INSERT INTO `sys_wf_transition` (`parentid`, `processname`, `action`, `to`, `idx`, `eval`, `properties`, `permission`, `caption`, `ui`) VALUES ('receiver', 'cancelledfaas', 'submit_examiner', 'assign-examiner', '6', NULL, '[caption:\'Submit For Inspection\', confirm:\'Submit?\', messagehandler:\'default\']', NULL, NULL, NULL);
INSERT INTO `sys_wf_transition` (`parentid`, `processname`, `action`, `to`, `idx`, `eval`, `properties`, `permission`, `caption`, `ui`) VALUES ('receiver', 'cancelledfaas', 'submit_taxmapper_chief', 'taxmapper_chief', '7', NULL, '[caption:\'Submit to Taxmapping Chief\', confirm:\'Submit?\', messagehandler:\'rptmessage:info\',targetrole:\'RPT.TAXMAPPER_CHIEF\']', NULL, NULL, NULL);
INSERT INTO `sys_wf_transition` (`parentid`, `processname`, `action`, `to`, `idx`, `eval`, `properties`, `permission`, `caption`, `ui`) VALUES ('receiver', 'cancelledfaas', 'submit_appraiser_chief', 'appraiser_chief', '8', NULL, '[caption:\'Submit to Appraisal Chief\', confirm:\'Submit?\', messagehandler:\'rptmessage:info\',targetrole:\'RPT.APPRAISAL_CHIEF\']', NULL, '', NULL);
INSERT INTO `sys_wf_transition` (`parentid`, `processname`, `action`, `to`, `idx`, `eval`, `properties`, `permission`, `caption`, `ui`) VALUES ('assign-examiner', 'cancelledfaas', '', 'examiner', '10', NULL, '[caption:\'Assign To Me\', confirm:\'Assign task to you?\']', NULL, NULL, NULL);
INSERT INTO `sys_wf_transition` (`parentid`, `processname`, `action`, `to`, `idx`, `eval`, `properties`, `permission`, `caption`, `ui`) VALUES ('examiner', 'cancelledfaas', 'return_receiver', 'receiver', '15', NULL, '[caption:\'Return to Receiver\',confirm:\'Return to receiver?\', messagehandler:\'default\']', NULL, NULL, NULL);
INSERT INTO `sys_wf_transition` (`parentid`, `processname`, `action`, `to`, `idx`, `eval`, `properties`, `permission`, `caption`, `ui`) VALUES ('examiner', 'cancelledfaas', 'submit_appraiser', 'assign-appraiser', '16', NULL, '[caption:\'Submit for Appraisal\', confirm:\'Submit for appraisal?\', messagehandler:\'default\']', NULL, '', NULL);
INSERT INTO `sys_wf_transition` (`parentid`, `processname`, `action`, `to`, `idx`, `eval`, `properties`, `permission`, `caption`, `ui`) VALUES ('examiner', 'cancelledfaas', 'submit_taxmapper', 'taxmapper_chief', '17', NULL, '[caption:\'Submit for Taxmapping\', confirm:\'Submit for taxmapping?\', messagehandler:\'rptmessage:create\',targetrole:\'RPT_TAXMAPPER_CHIEF\']', NULL, NULL, NULL);
INSERT INTO `sys_wf_transition` (`parentid`, `processname`, `action`, `to`, `idx`, `eval`, `properties`, `permission`, `caption`, `ui`) VALUES ('taxmapper_chief', 'cancelledfaas', 'return_receiver', 'receiver', '21', NULL, '[caption:\'Return to Receiver\',confirm:\'Return to taxmapper?\',messagehandler:\'default\']', NULL, NULL, NULL);
INSERT INTO `sys_wf_transition` (`parentid`, `processname`, `action`, `to`, `idx`, `eval`, `properties`, `permission`, `caption`, `ui`) VALUES ('taxmapper_chief', 'cancelledfaas', 'submit', 'taxmapper', '22', NULL, '[caption:\'Submit to Taxmapper\', confirm:\'Submit to taxmapper?\', messagehandler:\'rptmessage:info\', targetrole:\'RPT.TAXMAPPER\']', NULL, NULL, NULL);
INSERT INTO `sys_wf_transition` (`parentid`, `processname`, `action`, `to`, `idx`, `eval`, `properties`, `permission`, `caption`, `ui`) VALUES ('taxmapper', 'cancelledfaas', 'return_receiver', 'receiver', '25', NULL, '[caption:\'Return to Receiver\',confirm:\'Return to receiver?\',messagehandler:\'default\']', NULL, NULL, NULL);
INSERT INTO `sys_wf_transition` (`parentid`, `processname`, `action`, `to`, `idx`, `eval`, `properties`, `permission`, `caption`, `ui`) VALUES ('taxmapper', 'cancelledfaas', 'return_examiner', 'examiner', '26', NULL, '[caption:\'Return to Examiner\',confirm:\'Return to examiner?\', messagehandler:\'default\']', NULL, NULL, NULL);
INSERT INTO `sys_wf_transition` (`parentid`, `processname`, `action`, `to`, `idx`, `eval`, `properties`, `permission`, `caption`, `ui`) VALUES ('taxmapper', 'cancelledfaas', 'submit_appraiser', 'appraiser_chief', '28', NULL, '[caption:\'Submit for Appraisal\', confirm:\'Submit for appraisal?\', messagehandler:\'rptmessage:sign\',targetrole:\'RPT.APPRAISAL_CHIEF\']', NULL, '', NULL);
INSERT INTO `sys_wf_transition` (`parentid`, `processname`, `action`, `to`, `idx`, `eval`, `properties`, `permission`, `caption`, `ui`) VALUES ('appraiser_chief', 'cancelledfaas', 'return_taxmapper', 'taxmapper', '41', NULL, '[caption:\'Return to Taxmapper\',confirm:\'Return to taxmapper?\', messagehandler:\'default\']', NULL, NULL, NULL);
INSERT INTO `sys_wf_transition` (`parentid`, `processname`, `action`, `to`, `idx`, `eval`, `properties`, `permission`, `caption`, `ui`) VALUES ('appraiser_chief', 'cancelledfaas', 'submit', 'appraiser', '42', NULL, '[caption:\'Submit for Appraiser\', confirm:\'Submit to appraiser?\', messagehandler:\'rptmessage:info\',targetrole:\'RPT.APPRAISER\']', NULL, NULL, NULL);
INSERT INTO `sys_wf_transition` (`parentid`, `processname`, `action`, `to`, `idx`, `eval`, `properties`, `permission`, `caption`, `ui`) VALUES ('appraiser', 'cancelledfaas', 'return_receiver', 'receiver', '51', NULL, '[caption:\'Return to Receiver\',confirm:\'Return to receiver?\',messagehandler:\'default\']', NULL, NULL, NULL);
INSERT INTO `sys_wf_transition` (`parentid`, `processname`, `action`, `to`, `idx`, `eval`, `properties`, `permission`, `caption`, `ui`) VALUES ('appraiser', 'cancelledfaas', 'return_examiner', 'examiner', '52', NULL, '[caption:\'Return to Examiner\',confirm:\'Return to examiner?\', messagehandler:\'default\']', NULL, NULL, NULL);
INSERT INTO `sys_wf_transition` (`parentid`, `processname`, `action`, `to`, `idx`, `eval`, `properties`, `permission`, `caption`, `ui`) VALUES ('appraiser', 'cancelledfaas', 'return_taxmapper', 'taxmapper', '53', NULL, '[caption:\'Return to Taxmapper\',confirm:\'Return to taxmapper?\', messagehandler:\'default\']', NULL, NULL, NULL);
INSERT INTO `sys_wf_transition` (`parentid`, `processname`, `action`, `to`, `idx`, `eval`, `properties`, `permission`, `caption`, `ui`) VALUES ('appraiser', 'cancelledfaas', 'submit', 'recommender', '54', NULL, '[caption:\'Submit for Recommending Approval\', confirm:\'Submit for recommending approval?\', messagehandler:\'rptmessage:sign\',targetrole:\'RPT.RECOMMENDER\']', NULL, NULL, NULL);
INSERT INTO `sys_wf_transition` (`parentid`, `processname`, `action`, `to`, `idx`, `eval`, `properties`, `permission`, `caption`, `ui`) VALUES ('recommender', 'cancelledfaas', 'return_taxmapper', 'taxmapper', '71', NULL, '[caption:\'Return to Taxmapper\',confirm:\'Return to taxmapper?\', messagehandler:\'default\']', NULL, NULL, NULL);
INSERT INTO `sys_wf_transition` (`parentid`, `processname`, `action`, `to`, `idx`, `eval`, `properties`, `permission`, `caption`, `ui`) VALUES ('recommender', 'cancelledfaas', 'return_appraiser', 'appraiser', '72', NULL, '[caption:\'Return to Appraiser\',confirm:\'Return to appraiser?\', messagehandler:\'default\']', NULL, NULL, NULL);
INSERT INTO `sys_wf_transition` (`parentid`, `processname`, `action`, `to`, `idx`, `eval`, `properties`, `permission`, `caption`, `ui`) VALUES ('recommender', 'cancelledfaas', 'submit', 'approver', '73', NULL, '[caption:\'Submit for Approval\', confirm:\'Submit for approval?\', messagehandler:\'rptmessage:info\',targetrole:\'RPT.APPROVER\']', NULL, NULL, NULL);
INSERT INTO `sys_wf_transition` (`parentid`, `processname`, `action`, `to`, `idx`, `eval`, `properties`, `permission`, `caption`, `ui`) VALUES ('assign-approver', 'cancelledfaas', '', 'approver', '80', NULL, '[caption:\'Assign To Me\', confirm:\'Assign task to you?\']', NULL, NULL, NULL);
INSERT INTO `sys_wf_transition` (`parentid`, `processname`, `action`, `to`, `idx`, `eval`, `properties`, `permission`, `caption`, `ui`) VALUES ('approver', 'cancelledfaas', 'return_taxmapper', 'taxmapper', '86', NULL, '[caption:\'Return to Taxmapper\',confirm:\'Return to Taxmapper?\', messagehandler:\'default\']', NULL, NULL, NULL);
INSERT INTO `sys_wf_transition` (`parentid`, `processname`, `action`, `to`, `idx`, `eval`, `properties`, `permission`, `caption`, `ui`) VALUES ('approver', 'cancelledfaas', 'return_appraiser', 'appraiser', '87', NULL, '[caption:\'Return to Appraiser\',confirm:\'Return to Appraiser?\', messagehandler:\'default\']', NULL, NULL, NULL);
INSERT INTO `sys_wf_transition` (`parentid`, `processname`, `action`, `to`, `idx`, `eval`, `properties`, `permission`, `caption`, `ui`) VALUES ('approver', 'cancelledfaas', 'approve', 'record', '100', NULL, '[caption:\'Approve\', confirm:\'Approve FAAS?\', messagehandler:\'rptmessage:sign\',targetrole:\'RECORD\']', NULL, NULL, NULL);
INSERT INTO `sys_wf_transition` (`parentid`, `processname`, `action`, `to`, `idx`, `eval`, `properties`, `permission`, `caption`, `ui`) VALUES ('record', 'cancelledfaas', 'submit', 'release', '111', NULL, '[caption:\'Submit for Releasing\',confirm:\'Submit for releasing?\',messagehandler:\'rptmessage:create\',targetrole:\'RELEASING\']', NULL, NULL, NULL);
INSERT INTO `sys_wf_transition` (`parentid`, `processname`, `action`, `to`, `idx`, `eval`, `properties`, `permission`, `caption`, `ui`) VALUES ('release', 'cancelledfaas', 'submit', 'end', '120', NULL, '[caption:\'Receive Documents\',confirm:\'Receive documents?\',messagehandler:\'default\', closeonend:false]', NULL, '', NULL);
INSERT INTO `sys_wf_transition` (`parentid`, `processname`, `action`, `to`, `idx`, `eval`, `properties`, `permission`, `caption`, `ui`) VALUES ('start', 'consolidation', '', 'receiver', '1', NULL, NULL, 'RECEIVER', NULL, NULL);
INSERT INTO `sys_wf_transition` (`parentid`, `processname`, `action`, `to`, `idx`, `eval`, `properties`, `permission`, `caption`, `ui`) VALUES ('receiver', 'consolidation', 'submit_examiner', 'assign-examiner', '5', NULL, '[caption:\'Submit For Examination\', confirm:\'Submit?\']', 'RECEIVER', NULL, NULL);
INSERT INTO `sys_wf_transition` (`parentid`, `processname`, `action`, `to`, `idx`, `eval`, `properties`, `permission`, `caption`, `ui`) VALUES ('receiver', 'consolidation', 'submit_taxmapper', 'assign-taxmapper', '5', NULL, '[caption:\'Submit For Taxmapping\', confirm:\'Submit?\']', 'RECEIVER', NULL, NULL);
INSERT INTO `sys_wf_transition` (`parentid`, `processname`, `action`, `to`, `idx`, `eval`, `properties`, `permission`, `caption`, `ui`) VALUES ('receiver', 'consolidation', 'delete', 'end', '6', NULL, '[caption:\'Delete\', confirm:\'Delete?\', closeonend:true]', 'RECEIVER', NULL, NULL);
INSERT INTO `sys_wf_transition` (`parentid`, `processname`, `action`, `to`, `idx`, `eval`, `properties`, `permission`, `caption`, `ui`) VALUES ('assign-examiner', 'consolidation', '', 'examiner', '10', NULL, '[caption:\'Assign To Me\', confirm:\'Assign task to you?\']', 'EXAMINER', NULL, NULL);
INSERT INTO `sys_wf_transition` (`parentid`, `processname`, `action`, `to`, `idx`, `eval`, `properties`, `permission`, `caption`, `ui`) VALUES ('examiner', 'consolidation', 'returnreceiver', 'receiver', '15', NULL, '[caption:\'Return to Receiver\', confirm:\'Return to receiver?\', messagehandler:\'default\']', 'EXAMINER', NULL, NULL);
INSERT INTO `sys_wf_transition` (`parentid`, `processname`, `action`, `to`, `idx`, `eval`, `properties`, `permission`, `caption`, `ui`) VALUES ('examiner', 'consolidation', 'submit', 'assign-taxmapper', '16', NULL, '[caption:\'Submit for Taxmapping\', confirm:\'Submit?\']', 'EXAMINER', NULL, NULL);
INSERT INTO `sys_wf_transition` (`parentid`, `processname`, `action`, `to`, `idx`, `eval`, `properties`, `permission`, `caption`, `ui`) VALUES ('assign-taxmapper', 'consolidation', '', 'taxmapper', '20', NULL, '[caption:\'Assign To Me\', confirm:\'Assign task to you?\']', 'TAXMAPPER', NULL, NULL);
INSERT INTO `sys_wf_transition` (`parentid`, `processname`, `action`, `to`, `idx`, `eval`, `properties`, `permission`, `caption`, `ui`) VALUES ('taxmapper', 'consolidation', 'returnexaminer', 'examiner', '25', NULL, '[caption:\'Return to Examiner\', confirm:\'Return to examiner?\', messagehandler:\'default\']', 'TAXMAPPER', NULL, NULL);
INSERT INTO `sys_wf_transition` (`parentid`, `processname`, `action`, `to`, `idx`, `eval`, `properties`, `permission`, `caption`, `ui`) VALUES ('taxmapper', 'consolidation', 'submit', 'assign-appraiser', '26', NULL, '[caption:\'Submit for Appraisal\', confirm:\'Submit?\', messagehandler:\'rptmessage:create\']', 'TAXMAPPER', NULL, NULL);
INSERT INTO `sys_wf_transition` (`parentid`, `processname`, `action`, `to`, `idx`, `eval`, `properties`, `permission`, `caption`, `ui`) VALUES ('assign-appraiser', 'consolidation', '', 'appraiser', '40', NULL, '[caption:\'Assign To Me\', confirm:\'Assign task to you?\']', 'APPRAISER', NULL, NULL);
INSERT INTO `sys_wf_transition` (`parentid`, `processname`, `action`, `to`, `idx`, `eval`, `properties`, `permission`, `caption`, `ui`) VALUES ('appraiser', 'consolidation', 'returntaxmapper', 'taxmapper', '45', NULL, '[caption:\'Return to Taxmapper\', confirm:\'Return to taxmapper?\', messagehandler:\'default\']', 'APPRAISER', NULL, NULL);
INSERT INTO `sys_wf_transition` (`parentid`, `processname`, `action`, `to`, `idx`, `eval`, `properties`, `permission`, `caption`, `ui`) VALUES ('appraiser', 'consolidation', 'returnexaminer', 'examiner', '46', NULL, '[caption:\'Return to Examiner\', confirm:\'Return to examiner?\', messagehandler:\'default\']', 'APPRAISER', NULL, NULL);
INSERT INTO `sys_wf_transition` (`parentid`, `processname`, `action`, `to`, `idx`, `eval`, `properties`, `permission`, `caption`, `ui`) VALUES ('appraiser', 'consolidation', 'submit', 'assign-approver', '47', NULL, '[caption:\'Submit for Recommending Approval\', confirm:\'Submit?\', messagehandler:\'default\']', 'APPRAISER', NULL, NULL);
INSERT INTO `sys_wf_transition` (`parentid`, `processname`, `action`, `to`, `idx`, `eval`, `properties`, `permission`, `caption`, `ui`) VALUES ('assign-recommender', 'consolidation', '', 'recommender', '70', NULL, '[caption:\'Assign To Me\', confirm:\'Assign task to you?\']', 'RECOMMENDER', NULL, NULL);
INSERT INTO `sys_wf_transition` (`parentid`, `processname`, `action`, `to`, `idx`, `eval`, `properties`, `permission`, `caption`, `ui`) VALUES ('recommender', 'consolidation', 'returnexaminer', 'examiner', '75', NULL, '[caption:\'Return to Examiner\', confirm:\'Return to examiner?\', messagehandler:\'default\']', 'RECOMMENDER', NULL, NULL);
INSERT INTO `sys_wf_transition` (`parentid`, `processname`, `action`, `to`, `idx`, `eval`, `properties`, `permission`, `caption`, `ui`) VALUES ('recommender', 'consolidation', 'returntaxmapper', 'taxmapper', '76', NULL, '[caption:\'Return to Taxmapper\', confirm:\'Return to taxmapper?\', messagehandler:\'default\']', 'RECOMMENDER', NULL, NULL);
INSERT INTO `sys_wf_transition` (`parentid`, `processname`, `action`, `to`, `idx`, `eval`, `properties`, `permission`, `caption`, `ui`) VALUES ('recommender', 'consolidation', 'returnappraiser', 'appraiser', '77', NULL, '[caption:\'Return to Appraiser\', confirm:\'Return to appraiser?\', messagehandler:\'default\']', 'RECOMMENDER', NULL, NULL);
INSERT INTO `sys_wf_transition` (`parentid`, `processname`, `action`, `to`, `idx`, `eval`, `properties`, `permission`, `caption`, `ui`) VALUES ('recommender', 'consolidation', 'submit', 'assign-approver', '78', NULL, '[caption:\'Submit to Assessor\', confirm:\'Submit to Assessor Approval\', messagehandler:\'default\']', 'RECOMMENDER', NULL, NULL);
INSERT INTO `sys_wf_transition` (`parentid`, `processname`, `action`, `to`, `idx`, `eval`, `properties`, `permission`, `caption`, `ui`) VALUES ('assign-approver', 'consolidation', '', 'approver', '80', NULL, '[caption:\'Assign to Me\', confirm:\'Assign task to you?\']', 'APPROVER', NULL, NULL);
INSERT INTO `sys_wf_transition` (`parentid`, `processname`, `action`, `to`, `idx`, `eval`, `properties`, `permission`, `caption`, `ui`) VALUES ('approver', 'consolidation', 'approve', 'cityapprover', '81', NULL, '[caption:\'Approve\', confirm:\'Assign task to you?\', messagehandler:\'default\']', 'APPROVER', NULL, NULL);
INSERT INTO `sys_wf_transition` (`parentid`, `processname`, `action`, `to`, `idx`, `eval`, `properties`, `permission`, `caption`, `ui`) VALUES ('approver', 'consolidation', 'return_recommender', 'recommender', '82', NULL, '[caption:\'Return to Recommender\',confirm:\'Return to Recommender?\', messagehandler:\'default\']', 'APPROVER', NULL, NULL);
INSERT INTO `sys_wf_transition` (`parentid`, `processname`, `action`, `to`, `idx`, `eval`, `properties`, `permission`, `caption`, `ui`) VALUES ('approver', 'consolidation', 'return_taxmapper', 'taxmapper', '83', NULL, '[caption:\'Return to Taxmapper\',confirm:\'Return to Taxmapper?\', messagehandler:\'default\']', 'APPROVER', NULL, NULL);
INSERT INTO `sys_wf_transition` (`parentid`, `processname`, `action`, `to`, `idx`, `eval`, `properties`, `permission`, `caption`, `ui`) VALUES ('approver', 'consolidation', 'return_appraiser', 'appraiser', '84', NULL, '[caption:\'Return to Appraiser\',confirm:\'Return to Appraiser?\', messagehandler:\'default\']', 'APPROVER', NULL, NULL);
INSERT INTO `sys_wf_transition` (`parentid`, `processname`, `action`, `to`, `idx`, `eval`, `properties`, `permission`, `caption`, `ui`) VALUES ('cityapprover', 'consolidation', 'backapprover', 'approver', '85', NULL, '[caption:\'Cancel Posting\', confirm:\'Cancel posting record?\']', 'APPROVER', NULL, NULL);
INSERT INTO `sys_wf_transition` (`parentid`, `processname`, `action`, `to`, `idx`, `eval`, `properties`, `permission`, `caption`, `ui`) VALUES ('cityapprover', 'consolidation', 'completed', 'end', '95', NULL, '[caption:\'Approved\', visible:false]', 'APPROVER', NULL, NULL);
INSERT INTO `sys_wf_transition` (`parentid`, `processname`, `action`, `to`, `idx`, `eval`, `properties`, `permission`, `caption`, `ui`) VALUES ('start', 'faas', '', 'receiver', '1', NULL, NULL, NULL, NULL, NULL);
INSERT INTO `sys_wf_transition` (`parentid`, `processname`, `action`, `to`, `idx`, `eval`, `properties`, `permission`, `caption`, `ui`) VALUES ('receiver', 'faas', 'delete', 'end', '5', NULL, '[caption:\'Delete\', confirm:\'Delete record?\', closeonend:true]', NULL, NULL, NULL);
INSERT INTO `sys_wf_transition` (`parentid`, `processname`, `action`, `to`, `idx`, `eval`, `properties`, `permission`, `caption`, `ui`) VALUES ('receiver', 'faas', 'submit_examiner', 'assign-examiner', '6', NULL, '[caption:\'Submit For Examination\', confirm:\'Submit?\', messagehandler:\'default\']', NULL, NULL, NULL);
INSERT INTO `sys_wf_transition` (`parentid`, `processname`, `action`, `to`, `idx`, `eval`, `properties`, `permission`, `caption`, `ui`) VALUES ('receiver', 'faas', 'submit_taxmapper', 'assign-taxmapper', '7', NULL, '[caption:\'Submit For Taxmapping\', confirm:\'Submit?\', messagehandler:\'default\']', '', NULL, NULL);
INSERT INTO `sys_wf_transition` (`parentid`, `processname`, `action`, `to`, `idx`, `eval`, `properties`, `permission`, `caption`, `ui`) VALUES ('assign-examiner', 'faas', '', 'examiner', '10', NULL, '[caption:\'Assign To Me\', confirm:\'Assign task to you?\']', NULL, NULL, NULL);
INSERT INTO `sys_wf_transition` (`parentid`, `processname`, `action`, `to`, `idx`, `eval`, `properties`, `permission`, `caption`, `ui`) VALUES ('examiner', 'faas', 'return_receiver', 'receiver', '15', NULL, '[caption:\'Return to Receiver\',confirm:\'Return to receiver?\', messagehandler:\'default\']', NULL, NULL, NULL);
INSERT INTO `sys_wf_transition` (`parentid`, `processname`, `action`, `to`, `idx`, `eval`, `properties`, `permission`, `caption`, `ui`) VALUES ('examiner', 'faas', 'submit', 'assign-taxmapper', '16', NULL, '[caption:\'Submit for Taxmapping\', confirm:\'Submit for taxmapping?\', messagehandler:\'default\']', NULL, NULL, NULL);
INSERT INTO `sys_wf_transition` (`parentid`, `processname`, `action`, `to`, `idx`, `eval`, `properties`, `permission`, `caption`, `ui`) VALUES ('assign-taxmapper', 'faas', '', 'taxmapper', '20', NULL, '[caption:\'Assign To Me\', confirm:\'Assign task to you?\']', NULL, NULL, NULL);
INSERT INTO `sys_wf_transition` (`parentid`, `processname`, `action`, `to`, `idx`, `eval`, `properties`, `permission`, `caption`, `ui`) VALUES ('taxmapper', 'faas', 'return_receiver', 'receiver', '25', NULL, '[caption:\'Return to Receiver\',confirm:\'Return to receiver?\',messagehandler:\'default\']', NULL, NULL, NULL);
INSERT INTO `sys_wf_transition` (`parentid`, `processname`, `action`, `to`, `idx`, `eval`, `properties`, `permission`, `caption`, `ui`) VALUES ('taxmapper', 'faas', 'return_examiner', 'examiner', '26', NULL, '[caption:\'Return to Examiner\',confirm:\'Return to examiner?\', messagehandler:\'default\']', NULL, NULL, NULL);
INSERT INTO `sys_wf_transition` (`parentid`, `processname`, `action`, `to`, `idx`, `eval`, `properties`, `permission`, `caption`, `ui`) VALUES ('taxmapper', 'faas', 'submit', 'assign-appraiser', '27', NULL, '[caption:\'Submit for Appraisal\', confirm:\'Submit for appraisal?\', messagehandler:\'rptmessage:sign\']', NULL, NULL, NULL);
INSERT INTO `sys_wf_transition` (`parentid`, `processname`, `action`, `to`, `idx`, `eval`, `properties`, `permission`, `caption`, `ui`) VALUES ('assign-appraiser', 'faas', '', 'appraiser', '40', NULL, '[caption:\'Assign To Me\', confirm:\'Assign task to you?\']', NULL, NULL, NULL);
INSERT INTO `sys_wf_transition` (`parentid`, `processname`, `action`, `to`, `idx`, `eval`, `properties`, `permission`, `caption`, `ui`) VALUES ('appraiser', 'faas', 'return_receiver', 'receiver', '44', NULL, '[caption:\'Return to Receiver\',confirm:\'Return to receiver?\',messagehandler:\'default\']', '', NULL, NULL);
INSERT INTO `sys_wf_transition` (`parentid`, `processname`, `action`, `to`, `idx`, `eval`, `properties`, `permission`, `caption`, `ui`) VALUES ('appraiser', 'faas', 'return_examiner', 'examiner', '45', NULL, '[caption:\'Return to Examiner\',confirm:\'Return to examiner?\', messagehandler:\'default\']', NULL, NULL, NULL);
INSERT INTO `sys_wf_transition` (`parentid`, `processname`, `action`, `to`, `idx`, `eval`, `properties`, `permission`, `caption`, `ui`) VALUES ('appraiser', 'faas', 'return_taxmapper', 'taxmapper', '46', NULL, '[caption:\'Return to Taxmapper\',confirm:\'Return to taxmapper?\', messagehandler:\'default\']', NULL, NULL, NULL);
INSERT INTO `sys_wf_transition` (`parentid`, `processname`, `action`, `to`, `idx`, `eval`, `properties`, `permission`, `caption`, `ui`) VALUES ('appraiser', 'faas', 'submit', 'assign-approver', '47', NULL, '[caption:\'Submit for Approval\', confirm:\'Submit for approval?\', messagehandler:\'rptmessage:sign\']', NULL, NULL, NULL);
INSERT INTO `sys_wf_transition` (`parentid`, `processname`, `action`, `to`, `idx`, `eval`, `properties`, `permission`, `caption`, `ui`) VALUES ('assign-recommender', 'faas', '', 'recommender', '70', NULL, '[caption:\'Assign To Me\', confirm:\'Assign task to you?\']', NULL, NULL, NULL);
INSERT INTO `sys_wf_transition` (`parentid`, `processname`, `action`, `to`, `idx`, `eval`, `properties`, `permission`, `caption`, `ui`) VALUES ('recommender', 'faas', 'return_examiner', 'examiner', '71', NULL, '[caption:\'Return to Examiner\',confirm:\'Return to examiner?\', messagehandler:\'default\']', '', NULL, NULL);
INSERT INTO `sys_wf_transition` (`parentid`, `processname`, `action`, `to`, `idx`, `eval`, `properties`, `permission`, `caption`, `ui`) VALUES ('recommender', 'faas', 'return_appraiser', 'appraiser', '72', NULL, '[caption:\'Return to Appraiser\',confirm:\'Return to appraiser?\', messagehandler:\'default\']', '', NULL, NULL);
INSERT INTO `sys_wf_transition` (`parentid`, `processname`, `action`, `to`, `idx`, `eval`, `properties`, `permission`, `caption`, `ui`) VALUES ('recommender', 'faas', 'return_taxmapper', 'taxmapper', '73', NULL, '[caption:\'Return to Taxmapper\',confirm:\'Return to taxmapper?\', messagehandler:\'default\']', '', NULL, NULL);
INSERT INTO `sys_wf_transition` (`parentid`, `processname`, `action`, `to`, `idx`, `eval`, `properties`, `permission`, `caption`, `ui`) VALUES ('recommender', 'faas', 'submit', 'assign-approver', '74', NULL, '[caption:\'Submit for Assessor Approval\', confirm:\'Submit to assessor approval?\', messagehandler:\'default\']', NULL, NULL, NULL);
INSERT INTO `sys_wf_transition` (`parentid`, `processname`, `action`, `to`, `idx`, `eval`, `properties`, `permission`, `caption`, `ui`) VALUES ('assign-approver', 'faas', '', 'approver', '80', NULL, '[caption:\'Assign To Me\', confirm:\'Assign task to you?\']', NULL, NULL, NULL);
INSERT INTO `sys_wf_transition` (`parentid`, `processname`, `action`, `to`, `idx`, `eval`, `properties`, `permission`, `caption`, `ui`) VALUES ('approver', 'faas', 'return_recommender', 'recommender', '85', NULL, '[caption:\'Return to Recommender\',confirm:\'Return to Recommender?\', messagehandler:\'default\']', NULL, NULL, NULL);
INSERT INTO `sys_wf_transition` (`parentid`, `processname`, `action`, `to`, `idx`, `eval`, `properties`, `permission`, `caption`, `ui`) VALUES ('approver', 'faas', 'return_taxmapper', 'taxmapper', '86', NULL, '[caption:\'Return to Taxmapper\',confirm:\'Return to Taxmapper?\', messagehandler:\'default\']', '', NULL, NULL);
INSERT INTO `sys_wf_transition` (`parentid`, `processname`, `action`, `to`, `idx`, `eval`, `properties`, `permission`, `caption`, `ui`) VALUES ('approver', 'faas', 'return_appraiser', 'appraiser', '87', NULL, '[caption:\'Return to Appraiser\',confirm:\'Return to Appraiser?\', messagehandler:\'default\']', '', NULL, NULL);
INSERT INTO `sys_wf_transition` (`parentid`, `processname`, `action`, `to`, `idx`, `eval`, `properties`, `permission`, `caption`, `ui`) VALUES ('approver', 'faas', 'approve', 'end', '100', NULL, '[caption:\'Approve\', confirm:\'Approve FAAS?\', closeonend:false, messagehandler:\'rptmessage:sign\']', NULL, NULL, NULL);
INSERT INTO `sys_wf_transition` (`parentid`, `processname`, `action`, `to`, `idx`, `eval`, `properties`, `permission`, `caption`, `ui`) VALUES ('start', 'resection', '', 'receiver', '1', NULL, '[:]', NULL, NULL, NULL);
INSERT INTO `sys_wf_transition` (`parentid`, `processname`, `action`, `to`, `idx`, `eval`, `properties`, `permission`, `caption`, `ui`) VALUES ('receiver', 'resection', 'delete', 'end', '5', NULL, '[caption:\'Delete\', confirm:\'Delete record?\', closeonend:true]', NULL, NULL, NULL);
INSERT INTO `sys_wf_transition` (`parentid`, `processname`, `action`, `to`, `idx`, `eval`, `properties`, `permission`, `caption`, `ui`) VALUES ('receiver', 'resection', 'submit_taxmapper_chief', 'taxmapper_chief', '7', NULL, '[caption:\'Submit to Taxmapping Chief\', confirm:\'Submit?\', messagehandler:\'rptmessage:info\',targetrole:\'RPT.TAXMAPPER_CHIEF\']', '', '', '');
INSERT INTO `sys_wf_transition` (`parentid`, `processname`, `action`, `to`, `idx`, `eval`, `properties`, `permission`, `caption`, `ui`) VALUES ('receiver', 'resection', 'submit_appraiser_chief', 'appraiser_chief', '8', NULL, '[caption:\'Submit to Appraisal Chief\', confirm:\'Submit?\', messagehandler:\'rptmessage:info\',targetrole:\'RPT.APPRAISAL_CHIEF\']', '', '', '');
INSERT INTO `sys_wf_transition` (`parentid`, `processname`, `action`, `to`, `idx`, `eval`, `properties`, `permission`, `caption`, `ui`) VALUES ('taxmapper_chief', 'resection', 'return_receiver', 'receiver', '21', NULL, '[caption:\'Return to Receiver\',confirm:\'Return to taxmapper?\',messagehandler:\'default\']', NULL, NULL, NULL);
INSERT INTO `sys_wf_transition` (`parentid`, `processname`, `action`, `to`, `idx`, `eval`, `properties`, `permission`, `caption`, `ui`) VALUES ('taxmapper_chief', 'resection', 'submit', 'taxmapper', '22', NULL, '[caption:\'Submit to Taxmapper\', confirm:\'Submit to taxmapper?\', messagehandler:\'rptmessage:info\', targetrole:\'RPT.TAXMAPPER\']', NULL, NULL, NULL);
INSERT INTO `sys_wf_transition` (`parentid`, `processname`, `action`, `to`, `idx`, `eval`, `properties`, `permission`, `caption`, `ui`) VALUES ('taxmapper', 'resection', 'return_receiver', 'receiver', '25', NULL, '[caption:\'Return to Receiver\',confirm:\'Return to receiver?\',messagehandler:\'default\']', NULL, NULL, NULL);
INSERT INTO `sys_wf_transition` (`parentid`, `processname`, `action`, `to`, `idx`, `eval`, `properties`, `permission`, `caption`, `ui`) VALUES ('taxmapper', 'resection', 'return_examiner', 'examiner', '26', NULL, '[caption:\'Return to Examiner\',confirm:\'Return to examiner?\', messagehandler:\'default\']', NULL, NULL, NULL);
INSERT INTO `sys_wf_transition` (`parentid`, `processname`, `action`, `to`, `idx`, `eval`, `properties`, `permission`, `caption`, `ui`) VALUES ('taxmapper', 'resection', 'submit_appraiser', 'appraiser_chief', '28', NULL, '[caption:\'Submit for Appraisal\', confirm:\'Submit for appraisal?\', messagehandler:\'rptmessage:sign\',targetrole:\'RPT.APPRAISAL_CHIEF\']', NULL, NULL, NULL);
INSERT INTO `sys_wf_transition` (`parentid`, `processname`, `action`, `to`, `idx`, `eval`, `properties`, `permission`, `caption`, `ui`) VALUES ('appraiser_chief', 'resection', 'return_taxmapper', 'taxmapper', '41', NULL, '[caption:\'Return to Taxmapper\',confirm:\'Return to taxmapper?\', messagehandler:\'default\']', NULL, NULL, NULL);
INSERT INTO `sys_wf_transition` (`parentid`, `processname`, `action`, `to`, `idx`, `eval`, `properties`, `permission`, `caption`, `ui`) VALUES ('appraiser', 'resection', 'submit', 'reviewer_chief', '54', NULL, '[caption:\'Submit for Review\', confirm:\'Submit for review?\', messagehandler:\'rptmessage:sign\',targetrole:\'RPT.REVIEWER_CHIEF\']', NULL, NULL, NULL);
INSERT INTO `sys_wf_transition` (`parentid`, `processname`, `action`, `to`, `idx`, `eval`, `properties`, `permission`, `caption`, `ui`) VALUES ('reviewer_chief', 'resection', 'return_appraiser', 'appraiser', '61', NULL, '[caption:\'Return to Taxmapper\',confirm:\'Return to taxmapper?\', messagehandler:\'default\']', NULL, NULL, NULL);
INSERT INTO `sys_wf_transition` (`parentid`, `processname`, `action`, `to`, `idx`, `eval`, `properties`, `permission`, `caption`, `ui`) VALUES ('reviewer_chief', 'resection', 'submit', 'reviewer', '62', NULL, '[caption:\'Submit for Review\', confirm:\'Submit to reviewer?\', messagehandler:\'rptmessage:info\',targetrole:\'RPT.REVIEWER\']', NULL, NULL, NULL);
INSERT INTO `sys_wf_transition` (`parentid`, `processname`, `action`, `to`, `idx`, `eval`, `properties`, `permission`, `caption`, `ui`) VALUES ('reviewer', 'resection', 'return_taxmapper', 'taxmapper', '65', NULL, '[caption:\'Return to Taxmapper\',confirm:\'Return to taxmapper?\', messagehandler:\'default\']', NULL, NULL, NULL);
INSERT INTO `sys_wf_transition` (`parentid`, `processname`, `action`, `to`, `idx`, `eval`, `properties`, `permission`, `caption`, `ui`) VALUES ('reviewer', 'resection', 'return_appraiser', 'appraiser', '66', NULL, '[caption:\'Return to Appraiser\',confirm:\'Return to appraiser?\', messagehandler:\'default\']', NULL, NULL, NULL);
INSERT INTO `sys_wf_transition` (`parentid`, `processname`, `action`, `to`, `idx`, `eval`, `properties`, `permission`, `caption`, `ui`) VALUES ('reviewer', 'resection', 'submit', 'recommender', '67', NULL, '[caption:\'Submit for Recommending Approval\', confirm:\'Submit for recommending approval?\', messagehandler:\'rptmessage:sign\',targetrole:\'RPT.RECOMMENDER\']', NULL, NULL, NULL);
INSERT INTO `sys_wf_transition` (`parentid`, `processname`, `action`, `to`, `idx`, `eval`, `properties`, `permission`, `caption`, `ui`) VALUES ('recommender', 'resection', 'return_taxmapper', 'taxmapper', '71', NULL, '[caption:\'Return to Taxmapper\',confirm:\'Return to taxmapper?\', messagehandler:\'default\']', NULL, NULL, NULL);
INSERT INTO `sys_wf_transition` (`parentid`, `processname`, `action`, `to`, `idx`, `eval`, `properties`, `permission`, `caption`, `ui`) VALUES ('recommender', 'resection', 'return_appraiser', 'appraiser', '72', NULL, '[caption:\'Return to Appraiser\',confirm:\'Return to appraiser?\', messagehandler:\'default\']', NULL, NULL, NULL);
INSERT INTO `sys_wf_transition` (`parentid`, `processname`, `action`, `to`, `idx`, `eval`, `properties`, `permission`, `caption`, `ui`) VALUES ('recommender', 'resection', 'submit', 'approver', '73', NULL, '[caption:\'Submit for Approval\', confirm:\'Submit for approval?\', messagehandler:\'rptmessage:info\',targetrole:\'RPT.APPROVER\']', NULL, NULL, NULL);
INSERT INTO `sys_wf_transition` (`parentid`, `processname`, `action`, `to`, `idx`, `eval`, `properties`, `permission`, `caption`, `ui`) VALUES ('approver', 'resection', 'return_recommender', 'recommender', '81', NULL, '[caption:\'Return to Recommender\',confirm:\'Return to Recommender?\', messagehandler:\'default\']', NULL, NULL, NULL);
INSERT INTO `sys_wf_transition` (`parentid`, `processname`, `action`, `to`, `idx`, `eval`, `properties`, `permission`, `caption`, `ui`) VALUES ('approver', 'resection', 'return_taxmapper', 'taxmapper', '82', NULL, '[caption:\'Return to Taxmapper\',confirm:\'Return to Taxmapper?\', messagehandler:\'default\']', NULL, NULL, NULL);
INSERT INTO `sys_wf_transition` (`parentid`, `processname`, `action`, `to`, `idx`, `eval`, `properties`, `permission`, `caption`, `ui`) VALUES ('approver', 'resection', 'return_appraiser', 'appraiser', '83', NULL, '[caption:\'Return to Appraiser\',confirm:\'Return to Appraiser?\', messagehandler:\'default\']', NULL, NULL, NULL);
INSERT INTO `sys_wf_transition` (`parentid`, `processname`, `action`, `to`, `idx`, `eval`, `properties`, `permission`, `caption`, `ui`) VALUES ('approver', 'resection', 'approve', 'cityapprover', '85', NULL, '[caption:\'Approve\', confirm:\'Approve?\', messagehandler:\'rptmessage:sign\']', NULL, NULL, NULL);
INSERT INTO `sys_wf_transition` (`parentid`, `processname`, `action`, `to`, `idx`, `eval`, `properties`, `permission`, `caption`, `ui`) VALUES ('cityapprover', 'resection', 'backapprover', 'approver', '85', NULL, '[caption:\'Cancel Posting\', confirm:\'Cancel posting record?\']', NULL, NULL, NULL);
INSERT INTO `sys_wf_transition` (`parentid`, `processname`, `action`, `to`, `idx`, `eval`, `properties`, `permission`, `caption`, `ui`) VALUES ('cityapprover', 'resection', 'completed', 'record', '95', NULL, '[caption:\'Approved\', visible:false]', NULL, NULL, NULL);
INSERT INTO `sys_wf_transition` (`parentid`, `processname`, `action`, `to`, `idx`, `eval`, `properties`, `permission`, `caption`, `ui`) VALUES ('record', 'resection', 'submit', 'release', '111', NULL, '[caption:\'Submit for Releasing\',confirm:\'Submit for releasing?\',messagehandler:\'rptmessage:create\',targetrole:\'RELEASING\']', NULL, NULL, NULL);
INSERT INTO `sys_wf_transition` (`parentid`, `processname`, `action`, `to`, `idx`, `eval`, `properties`, `permission`, `caption`, `ui`) VALUES ('release', 'resection', 'submit', 'end', '120', NULL, '[caption:\'Receive Documents\',confirm:\'Receive documents?\',messagehandler:\'default\', closeonend:false]', NULL, NULL, NULL);
INSERT INTO `sys_wf_transition` (`parentid`, `processname`, `action`, `to`, `idx`, `eval`, `properties`, `permission`, `caption`, `ui`) VALUES ('start', 'subdivision', '', 'receiver', '1', NULL, NULL, 'RECEIVER', NULL, NULL);
INSERT INTO `sys_wf_transition` (`parentid`, `processname`, `action`, `to`, `idx`, `eval`, `properties`, `permission`, `caption`, `ui`) VALUES ('receiver', 'subdivision', 'submit_examiner', 'assign-examiner', '5', NULL, '[caption:\'Submit For Examination\', confirm:\'Submit?\']', 'RECEIVER', NULL, NULL);
INSERT INTO `sys_wf_transition` (`parentid`, `processname`, `action`, `to`, `idx`, `eval`, `properties`, `permission`, `caption`, `ui`) VALUES ('receiver', 'subdivision', 'submit_taxmapper', 'assign-taxmapper', '5', NULL, '[caption:\'Submit For Taxmapping\', confirm:\'Submit?\']', 'RECEIVER', NULL, NULL);
INSERT INTO `sys_wf_transition` (`parentid`, `processname`, `action`, `to`, `idx`, `eval`, `properties`, `permission`, `caption`, `ui`) VALUES ('receiver', 'subdivision', 'delete', 'end', '6', NULL, '[caption:\'Delete\', confirm:\'Delete?\', closeonend:true]', 'RECEIVER', NULL, NULL);
INSERT INTO `sys_wf_transition` (`parentid`, `processname`, `action`, `to`, `idx`, `eval`, `properties`, `permission`, `caption`, `ui`) VALUES ('assign-examiner', 'subdivision', '', 'examiner', '10', NULL, '[caption:\'Assign To Me\', confirm:\'Assign task to you?\']', 'EXAMINER', NULL, NULL);
INSERT INTO `sys_wf_transition` (`parentid`, `processname`, `action`, `to`, `idx`, `eval`, `properties`, `permission`, `caption`, `ui`) VALUES ('examiner', 'subdivision', 'returnreceiver', 'receiver', '15', NULL, '[caption:\'Return to Receiver\', confirm:\'Return to receiver?\', messagehandler:\'default\']', 'EXAMINER', NULL, NULL);
INSERT INTO `sys_wf_transition` (`parentid`, `processname`, `action`, `to`, `idx`, `eval`, `properties`, `permission`, `caption`, `ui`) VALUES ('examiner', 'subdivision', 'submit', 'assign-taxmapper', '16', NULL, '[caption:\'Submit for Taxmapping\', confirm:\'Submit?\']', 'EXAMINER', NULL, NULL);
INSERT INTO `sys_wf_transition` (`parentid`, `processname`, `action`, `to`, `idx`, `eval`, `properties`, `permission`, `caption`, `ui`) VALUES ('assign-taxmapper', 'subdivision', '', 'taxmapper', '20', NULL, '[caption:\'Assign To Me\', confirm:\'Assign task to you?\']', 'TAXMAPPER', NULL, NULL);
INSERT INTO `sys_wf_transition` (`parentid`, `processname`, `action`, `to`, `idx`, `eval`, `properties`, `permission`, `caption`, `ui`) VALUES ('taxmapper', 'subdivision', 'returnexaminer', 'examiner', '25', NULL, '[caption:\'Return to Examiner\', confirm:\'Return to examiner?\', messagehandler:\'default\']', 'TAXMAPPER', NULL, NULL);
INSERT INTO `sys_wf_transition` (`parentid`, `processname`, `action`, `to`, `idx`, `eval`, `properties`, `permission`, `caption`, `ui`) VALUES ('taxmapper', 'subdivision', 'submit', 'assign-appraiser', '26', NULL, '[caption:\'Submit for Appraisal\', confirm:\'Submit?\', messagehandler:\'rptmessage:create\']', 'TAXMAPPER', NULL, NULL);
INSERT INTO `sys_wf_transition` (`parentid`, `processname`, `action`, `to`, `idx`, `eval`, `properties`, `permission`, `caption`, `ui`) VALUES ('assign-appraiser', 'subdivision', '', 'appraiser', '40', NULL, '[caption:\'Assign To Me\', confirm:\'Assign task to you?\']', 'APPRAISER', NULL, NULL);
INSERT INTO `sys_wf_transition` (`parentid`, `processname`, `action`, `to`, `idx`, `eval`, `properties`, `permission`, `caption`, `ui`) VALUES ('appraiser', 'subdivision', 'returntaxmapper', 'taxmapper', '45', NULL, '[caption:\'Return to Taxmapper\', confirm:\'Return to taxmapper?\', messagehandler:\'default\']', 'APPRAISER', NULL, NULL);
INSERT INTO `sys_wf_transition` (`parentid`, `processname`, `action`, `to`, `idx`, `eval`, `properties`, `permission`, `caption`, `ui`) VALUES ('appraiser', 'subdivision', 'returnexaminer', 'examiner', '46', NULL, '[caption:\'Return to Examiner\', confirm:\'Return to examiner?\', messagehandler:\'default\']', 'APPRAISER', NULL, NULL);
INSERT INTO `sys_wf_transition` (`parentid`, `processname`, `action`, `to`, `idx`, `eval`, `properties`, `permission`, `caption`, `ui`) VALUES ('appraiser', 'subdivision', 'submit', 'assign-approver', '47', NULL, '[caption:\'Submit for Recommending Approval\', confirm:\'Submit?\', messagehandler:\'default\']', 'APPRAISER', NULL, NULL);
INSERT INTO `sys_wf_transition` (`parentid`, `processname`, `action`, `to`, `idx`, `eval`, `properties`, `permission`, `caption`, `ui`) VALUES ('assign-recommender', 'subdivision', '', 'recommender', '70', NULL, '[caption:\'Assign To Me\', confirm:\'Assign task to you?\']', 'RECOMMENDER', NULL, NULL);
INSERT INTO `sys_wf_transition` (`parentid`, `processname`, `action`, `to`, `idx`, `eval`, `properties`, `permission`, `caption`, `ui`) VALUES ('recommender', 'subdivision', 'returnexaminer', 'examiner', '75', NULL, '[caption:\'Return to Examiner\', confirm:\'Return to examiner?\', messagehandler:\'default\']', 'RECOMMENDER', NULL, NULL);
INSERT INTO `sys_wf_transition` (`parentid`, `processname`, `action`, `to`, `idx`, `eval`, `properties`, `permission`, `caption`, `ui`) VALUES ('recommender', 'subdivision', 'returntaxmapper', 'taxmapper', '76', NULL, '[caption:\'Return to Taxmapper\', confirm:\'Return to taxmapper?\', messagehandler:\'default\']', 'RECOMMENDER', NULL, NULL);
INSERT INTO `sys_wf_transition` (`parentid`, `processname`, `action`, `to`, `idx`, `eval`, `properties`, `permission`, `caption`, `ui`) VALUES ('recommender', 'subdivision', 'returnappraiser', 'appraiser', '77', NULL, '[caption:\'Return to Appraiser\', confirm:\'Return to appraiser?\', messagehandler:\'default\']', 'RECOMMENDER', NULL, NULL);
INSERT INTO `sys_wf_transition` (`parentid`, `processname`, `action`, `to`, `idx`, `eval`, `properties`, `permission`, `caption`, `ui`) VALUES ('recommender', 'subdivision', 'submit', 'assign-approver', '78', NULL, '[caption:\'Submit to Assessor\', confirm:\'Submit to Assessor Approval\', messagehandler:\'default\']', 'RECOMMENDER', NULL, NULL);
INSERT INTO `sys_wf_transition` (`parentid`, `processname`, `action`, `to`, `idx`, `eval`, `properties`, `permission`, `caption`, `ui`) VALUES ('assign-approver', 'subdivision', '', 'approver', '80', NULL, '[caption:\'Assign to Me\', confirm:\'Assign task to you?\']', 'APPROVER', NULL, NULL);
INSERT INTO `sys_wf_transition` (`parentid`, `processname`, `action`, `to`, `idx`, `eval`, `properties`, `permission`, `caption`, `ui`) VALUES ('approver', 'subdivision', 'approve', 'cityapprover', '81', NULL, '[caption:\'Approve\', confirm:\'Assign task to you?\', messagehandler:\'default\']', 'APPROVER', NULL, NULL);
INSERT INTO `sys_wf_transition` (`parentid`, `processname`, `action`, `to`, `idx`, `eval`, `properties`, `permission`, `caption`, `ui`) VALUES ('approver', 'subdivision', 'return_recommender', 'recommender', '82', NULL, '[caption:\'Return to Recommender\',confirm:\'Return to Recommender?\', messagehandler:\'default\']', 'APPROVER', NULL, NULL);
INSERT INTO `sys_wf_transition` (`parentid`, `processname`, `action`, `to`, `idx`, `eval`, `properties`, `permission`, `caption`, `ui`) VALUES ('approver', 'subdivision', 'return_taxmapper', 'taxmapper', '83', NULL, '[caption:\'Return to Taxmapper\',confirm:\'Return to Taxmapper?\', messagehandler:\'default\']', 'APPROVER', NULL, NULL);
INSERT INTO `sys_wf_transition` (`parentid`, `processname`, `action`, `to`, `idx`, `eval`, `properties`, `permission`, `caption`, `ui`) VALUES ('approver', 'subdivision', 'return_appraiser', 'appraiser', '84', NULL, '[caption:\'Return to Appraiser\',confirm:\'Return to Appraiser?\', messagehandler:\'default\']', 'APPROVER', NULL, NULL);
INSERT INTO `sys_wf_transition` (`parentid`, `processname`, `action`, `to`, `idx`, `eval`, `properties`, `permission`, `caption`, `ui`) VALUES ('cityapprover', 'subdivision', 'backapprover', 'approver', '85', NULL, '[caption:\'Cancel Posting\', confirm:\'Cancel posting record?\']', 'APPROVER', NULL, NULL);
INSERT INTO `sys_wf_transition` (`parentid`, `processname`, `action`, `to`, `idx`, `eval`, `properties`, `permission`, `caption`, `ui`) VALUES ('cityapprover', 'subdivision', 'completed', 'end', '95', NULL, '[caption:\'Approved\', visible:false]', 'APPROVER', NULL, NULL);


drop table if exists brgyshareitem;
drop table if exists brgyshare;
drop table if exists brgy_taxaccount_mapping;
drop table if exists brgyshare_account_mapping;
drop table if exists faasupdate;
drop table if exists landtax_lgu_account_mapping;
drop table if exists mcsettlement_affectedrpu;
drop table if exists mcsettlement_otherclaim;
drop table if exists mcsettlement;
drop table if exists municipality_taxaccount_mapping;
drop table if exists previousfaas;
drop table if exists province_taxaccount_mapping;
drop table if exists rpt_syncdata_completed;
drop table if exists rpt_syncdata_item_completed;
drop table if exists rptledger_compromise_credit;
drop table if exists rptledger_compromise_item_credit;
drop table if exists rptledger_compromise_installment;
drop table if exists rptledger_compromise_item;
drop table if exists rptledger_compromise;
drop table if exists rptledger_forprocess;
drop table if exists rptledger_payment_item;
drop table if exists rptledger_payment_share;
drop table if exists rptledger_payment;
drop table if exists rptledgeritem_qtrly;
drop table if exists rptledgeritem;
drop table if exists rptreceipt_capture;
drop table if exists rptvariable;
drop table if exists syncdata_forprocess;
drop table if exists syncdata_forsync;
drop table if exists syncdata_item;
drop table if exists syncdata_offline_org;
drop table if exists syncdata_pending;
drop table if exists syncdata;
